[2026-09-22T10:47:20.262Z] pid=67288 script loaded; waiting for Engine.dll / Core.dll
[2026-09-22T10:47:22.370Z] pid=67288 module Engine.dll appeared, base=0x2f60000
[2026-09-22T10:47:22.370Z] pid=67288 script loaded, Engine.dll base=0x2f60000 Core.dll base=0x10100000 ProcessRemoteFunction@0x31834b0 verbose=false
[2026-09-22T10:47:27.525Z] pid=67288 window_ms=5155 calls=434 ServerFire=0 ClientFire=0 unresolved=0 distinct_names=75
  census GrabOption=46
  census PostBeginPlay=40
  census ParseOption=39
  census ConsoleCommand=32
  census PreBeginPlay=30
  census PostNetBeginPlay=22
  census BeginPlay=21
  census SetInitialState=21
  census CheckRelevance=17
  census AlwaysKeep=17
  census IsRelevant=17
  census CheckReplacement=17
  census DynamicLoadObject=12
  census GetIntOption=7
  census HasOption=7
  census GainedChild=6
  census LinkToSkybox=4
  census BeginState=3
  census InitGame=2
  census AddMutator=2
  census AllowMutator=2
  census MutatorIsAllowed=2
  census IsDemoBuild=2
  census SetGameSpeed=2
  census InitMaplistHandler=2
  census SetGrammar=2
  census InitGameReplicationInfo=2
  census InitLogging=2
  census SetOption=2
  census GetLocalPlayerController=2
  census DetailChange=2
  census StripColor=2
  census SetPlayerName=2
  census EndState=2
  census SetWaitingPlayer=2
  census InitInputSystem=2
  census PostLogin=2
  census AllowGameSpeedChange=1
  census InitializeFor=1
  census SetActions=1
  census ValidAction=1
  census Login=1
  census ModifyLogin=1
  census AtCapacity=1
  census PickTeam=1
  census FindPlayerStart=1
  census RatePlayerStart=1
  census FixFOV=1
  census SetViewTarget=1
  census AddCheats=1
  census SetSensitivity=1
  census SpawnPlayerReplication=1
  census Timer=1
  census UpdatePlayerLocation=1
  census AddPRI=1
  census InitPlayerReplicationInfo=1
  census ChangeName=1
  census SetPawnClass=1
  census ChangeTeam=1
  census ServerSetReadyToStart=1
  census ClientSetHUD=1
  census LinkActors=1
  census CreateKeyMenus=1
  census SetScoreBoardClass=1
  census ClientSetInitialMusic=1
  census ClientSetMusic=1
  census StopAllMusic=1
  census PlayMusic=1
  census SetWeaponViewShake=1
  census ClientSetWeaponViewShake=1
  census ClientCapBandwidth=1
  census NotifyLogin=1
  census GetPlayerControllerList=1
  census ServerRequestBanInfo=1
  census TriggerEvent=1
[2026-09-22T10:47:32.694Z] pid=67288 window_ms=5161 calls=20322 ServerFire=0 ClientFire=0 unresolved=0 distinct_names=190
  census Tick=2341
  census GetLocalPlayerController=1406
  census PlayerTick=939
  census PostRender=472
  census LinkActors=472
  census HandleWalking=471
  census IsSpectating=471
  census PlayerMove=471
  census BuildMOTD=470
  census OnHudPostRender_MH=470
  census DrawSpectatingHud=470
  census DisplayMessages=470
  census RenderOverlays=470
  census PostDrawHud=470
  census IsMeGM_BD=470
  census PlayerCalcView=469
  census CacheCalcView=469
  census RealTick=468
  census ProcessPushMoveGMCamera_BD=468
  census SetTwoSceanFov_JW=468
  census GetPhysicsVolume=468
  census SetWaterRefraction_JB=468
  census CheckGameHistory=468
  census UpdateChat=468
  census CheckEndGame_BD=468
  census DrawSensi_JW=468
  census DrawETC=468
  census DrawKillAnim=468
  census DrawTimer=468
  census DrawTeamScore=468
  census PostBeginPlay=241
  census AddPrecacheMaterial=178
  census PreBeginPlay=172
  census UpdatePrecacheStaticMeshes=165
  census UpdatePrecacheMaterials=163
  census BeginPlay=159
  census PostNetBeginPlay=159
  census SetInitialState=157
  census CheckRelevance=151
  census AlwaysKeep=151
  census IsRelevant=151
  census CheckReplacement=151
  census GrabOption=121
  census DynamicLoadObject=116
  census UpdateProgress_BD=101
  census GetKeyValue=78
  census ConsoleCommand=72
  census AddPrecacheStaticMesh=46
  census ParseOption=39
  census RatePlayerStart=32
  census GetStationFromList=24
  census ZoneChange=20
  census UpdateFlashComponent=12
  census GainedChild=12
  census ActorLeaving=11
  census ActorEntered=11
  census LinkToSkybox=9
  census Destroyed=9
  census GetIntOption=7
  census BeginState=7
  census LostChild=6
  census Timer=5
  census EndState=5
  census HasOption=5
  census StripColor=4
  census SetPlayerName=4
  census SetWaitingPlayer=4
  census StaticLoadTexture_MH=4
  census InitGameReplicationInfo=4
  census ServerShortTimeout=3
  census ResetTimeMargin=3
  census UpdateRotation=3
  census ViewShake=3
  census ViewFlash=3
  census ProcessMove=3
  census Login=3
  census FindPlayerStart=3
  census SetViewTarget=3
  census SetSensitivity=3
  census InitInputSystem=3
  census PostLogin=3
  census GetPlayerControllerList=3
  census InitGame=3
  census AddWeaponBulletInfo_BD=3
  census DetailChange=2
  census SetGrammar=2
  census InitForNextAction=2
  census SetActions=2
  census ValidAction=2
  census FillPrecacheMaterialsArray=2
  census FillPrecacheStaticMeshesArray=2
  census PrecacheGameStaticMeshes=2
  census WorldSpaceOverlays=2
  census OnBuildMOTD=2
  census SetProgressTime=2
  census DrawLevelAction=2
  census DisplayProgressMessages=2
  census LoadProgressFont=2
  census GetConsoleFont=2
  census LoadFontStatic=2
  census GameEnding=2
  census EndLogging=2
  census IsPendingConnection=2
  census ModifyLogin=2
  census PickTeam=2
  census FixFOV=2
  census AddCheats=2
  census SpawnPlayerReplication=2
  census UpdatePlayerLocation=2
  census AddPRI=2
  census InitPlayerReplicationInfo=2
  census ChangeName=2
  census ChangeTeam=2
  census ClientSetHUD=2
  census CreateKeyMenus=2
  census SetScoreBoardClass=2
  census SetWeaponViewShake=2
  census ClientSetWeaponViewShake=2
  census ClientCapBandwidth=2
  census NotifyLogin=2
  census ServerRequestBanInfo=2
  census Init=2
  census NotifyLogout=2
  census SetGameSpeed=2
  census AllowGameSpeedChange=2
  census InitLogging=2
  census GetBotTeam=2
  census Initialize=2
  census SetObjectiveLists=2
  census AllBotsSpawned=2
  census OverrideInitialBots=2
  census AllOverFindway=2
  census CalcNodeSort_CorefDefence=2
  census AddToTeam=2
  census ClearAnimation=1
  census CompleteAction=1
  census ClientOpenMenu=1
  census UnPressButtons=1
  census ResetInput=1
  census PlayOwnedSound=1
  census LeaveScripting=1
  census AtCapacity=1
  census SetPawnClass=1
  census SetImage=1
  census GetMapMaterial_BD=1
  census Logout=1
  census RemovePRI=1
  census AddMutator=1
  census AllowMutator=1
  census MutatorIsAllowed=1
  census InitMaplistHandler=1
  census InitializeMaplistRecords=1
  census GetPerObjectNames=1
  census InitializeActiveLists=1
  census LoadSRGrammar=1
  census PreSetOpPlayNum=1
  census GetTotalSceneTime=1
  census SetOption=1
  census SpawnActor_MH=1
  census GetRedTeam=1
  census GetBlueTeam=1
  census PreLoadAllMesh_BD=1
  census FindActorFromName_BD=1
  census EnableTrigger=1
  census FillCameraList=1
  census SetOwnerPC=1
  census LoadAllMyTeamSkin=1
  census InitializeController_JW=1
  census InitChatPenalty_YC=1
  census SetNoInputState_JW=1
  census SetMotionBlur_JW=1
  census SetRadialBlur_JB=1
  census POVChanged=1
  census ServerSetClassicTrans=1
  census BelongsOnTeam=1
  census SpawnFromReconnectInfo_BD=1
  census FindReconnectInfo_BD=1
  census ReconnectPawnInfoSelect=1
  census LoginOptions=1
  census UnPauseGame_BD=1
  census ServerPlayerSelect_MH=1
  census SetDeadCamera_JB=1
  census ClientGotoState=1
  census ServerSetReadyToStart=1
  census SetMiniMapInfo=1
  census SetUpRadarInfo=1
  census ClientReceiveLoginMenu=1
  census InvertMouse=1
  census EnableAllAmbientSound_BD=1
  census GetGameModeIndex_YC=1
[2026-09-22T10:47:37.695Z] pid=67288 window_ms=5000 calls=253887 ServerFire=0 ClientFire=0 unresolved=0 distinct_names=38
  census Tick=34300
  census GetLocalPlayerController=20580
  census PlayerTick=13720
  census PostRender=6860
  census BuildMOTD=6860
  census LinkActors=6860
  census CheckEndGame_BD=6860
  census OnHudPostRender_MH=6860
  census DrawSpectatingHud=6860
  census DrawSensi_JW=6860
  census DisplayMessages=6860
  census DrawETC=6860
  census DrawKillAnim=6860
  census RenderOverlays=6860
  census PostDrawHud=6860
  census DrawTimer=6860
  census DrawTeamScore=6860
  census RealTick=6860
  census ProcessPushMoveGMCamera_BD=6860
  census IsMeGM_BD=6860
  census SetTwoSceanFov_JW=6860
  census GetPhysicsVolume=6860
  census SetWaterRefraction_JB=6860
  census HandleWalking=6860
  census IsSpectating=6860
  census PlayerMove=6860
  census CheckGameHistory=6860
  census UpdateChat=6860
  census PlayerCalcView=6860
  census CacheCalcView=6860
  census Timer=50
  census UpdatePlayerLocation=4
  census ConsoleCommand=4
  census StartMatch=2
  census PlayOwnedSound=2
  census UnPressButtons=2
  census ResetInput=2
  census BeginState=1
[2026-09-22T10:47:42.843Z] pid=67288 window_ms=5147 calls=560158 ServerFire=0 ClientFire=0 unresolved=0 distinct_names=33
  census Tick=75685
  census GetLocalPlayerController=45413
  census PlayerTick=30274
  census PostRender=15138
  census BuildMOTD=15138
  census LinkActors=15138
  census CheckEndGame_BD=15138
  census OnHudPostRender_MH=15138
  census DrawSpectatingHud=15138
  census DrawSensi_JW=15138
  census DisplayMessages=15138
  census DrawETC=15138
  census DrawKillAnim=15138
  census RenderOverlays=15138
  census PostDrawHud=15138
  census DrawTimer=15138
  census DrawTeamScore=15138
  census RealTick=15137
  census ProcessPushMoveGMCamera_BD=15137
  census IsMeGM_BD=15137
  census SetTwoSceanFov_JW=15137
  census GetPhysicsVolume=15137
  census SetWaterRefraction_JB=15137
  census HandleWalking=15137
  census IsSpectating=15137
  census PlayerMove=15137
  census CheckGameHistory=15137
  census UpdateChat=15137
  census PlayerCalcView=15137
  census CacheCalcView=15137
  census Timer=66
  census UpdatePlayerLocation=5
  census ConsoleCommand=2
[2026-09-22T10:47:47.843Z] pid=67288 window_ms=5000 calls=621006 ServerFire=0 ClientFire=0 unresolved=0 distinct_names=33
  census Tick=83910
  census GetLocalPlayerController=50346
  census PlayerTick=33564
  census RealTick=16782
  census ProcessPushMoveGMCamera_BD=16782
  census IsMeGM_BD=16782
  census SetTwoSceanFov_JW=16782
  census GetPhysicsVolume=16782
  census SetWaterRefraction_JB=16782
  census HandleWalking=16782
  census IsSpectating=16782
  census PlayerMove=16782
  census CheckGameHistory=16782
  census UpdateChat=16782
  census PlayerCalcView=16782
  census CacheCalcView=16782
  census PostRender=16782
  census BuildMOTD=16782
  census LinkActors=16782
  census CheckEndGame_BD=16782
  census OnHudPostRender_MH=16782
  census DrawSpectatingHud=16782
  census DrawSensi_JW=16782
  census DisplayMessages=16782
  census DrawETC=16781
  census DrawKillAnim=16781
  census RenderOverlays=16781
  census PostDrawHud=16781
  census DrawTimer=16781
  census DrawTeamScore=16781
  census Timer=70
  census UpdatePlayerLocation=6
  census ConsoleCommand=2
[2026-09-22T10:47:52.844Z] pid=67288 window_ms=5001 calls=604243 ServerFire=0 ClientFire=0 unresolved=0 distinct_names=33
  census Tick=81645
  census GetLocalPlayerController=48985
  census PlayerTick=32658
  census DrawETC=16329
  census DrawKillAnim=16329
  census RenderOverlays=16329
  census PostDrawHud=16329
  census DrawTimer=16329
  census DrawTeamScore=16329
  census RealTick=16329
  census ProcessPushMoveGMCamera_BD=16329
  census IsMeGM_BD=16329
  census SetTwoSceanFov_JW=16329
  census GetPhysicsVolume=16329
  census SetWaterRefraction_JB=16329
  census HandleWalking=16329
  census IsSpectating=16329
  census PlayerMove=16329
  census CheckGameHistory=16329
  census UpdateChat=16329
  census PlayerCalcView=16329
  census CacheCalcView=16329
  census PostRender=16328
  census BuildMOTD=16328
  census LinkActors=16328
  census CheckEndGame_BD=16328
  census OnHudPostRender_MH=16328
  census DrawSpectatingHud=16328
  census DrawSensi_JW=16328
  census DisplayMessages=16328
  census Timer=72
  census UpdatePlayerLocation=5
  census ConsoleCommand=3
[2026-09-22T10:47:57.997Z] pid=67288 window_ms=5153 calls=574282 ServerFire=0 ClientFire=0 unresolved=0 distinct_names=35
  census Tick=77595
  census GetLocalPlayerController=46558
  census PlayerTick=31038
  census IsSpectating=15520
  census PostRender=15519
  census BuildMOTD=15519
  census LinkActors=15519
  census CheckEndGame_BD=15519
  census OnHudPostRender_MH=15519
  census DrawSpectatingHud=15519
  census DrawSensi_JW=15519
  census DisplayMessages=15519
  census DrawETC=15519
  census DrawKillAnim=15519
  census RenderOverlays=15519
  census PostDrawHud=15519
  census DrawTimer=15519
  census DrawTeamScore=15519
  census RealTick=15519
  census ProcessPushMoveGMCamera_BD=15519
  census IsMeGM_BD=15519
  census SetTwoSceanFov_JW=15519
  census GetPhysicsVolume=15519
  census SetWaterRefraction_JB=15519
  census HandleWalking=15519
  census PlayerMove=15519
  census CheckGameHistory=15519
  census UpdateChat=15519
  census PlayerCalcView=15519
  census CacheCalcView=15519
  census Timer=68
  census UpdatePlayerLocation=5
  census ConsoleCommand=2
  census RadioChat_Sel=1
  census IsSelect_Radio=1
[2026-09-22T10:48:02.997Z] pid=67288 window_ms=5000 calls=597929 ServerFire=0 ClientFire=0 unresolved=0 distinct_names=33
  census Tick=80790
  census GetLocalPlayerController=48475
  census PlayerTick=32316
  census PostRender=16159
  census BuildMOTD=16159
  census LinkActors=16159
  census CheckEndGame_BD=16159
  census OnHudPostRender_MH=16158
  census DrawSpectatingHud=16158
  census DrawSensi_JW=16158
  census DisplayMessages=16158
  census DrawETC=16158
  census DrawKillAnim=16158
  census RenderOverlays=16158
  census PostDrawHud=16158
  census DrawTimer=16158
  census DrawTeamScore=16158
  census RealTick=16158
  census ProcessPushMoveGMCamera_BD=16158
  census IsMeGM_BD=16158
  census SetTwoSceanFov_JW=16158
  census GetPhysicsVolume=16158
  census SetWaterRefraction_JB=16158
  census HandleWalking=16158
  census IsSpectating=16158
  census PlayerMove=16158
  census CheckGameHistory=16158
  census UpdateChat=16158
  census PlayerCalcView=16158
  census CacheCalcView=16158
  census Timer=70
  census UpdatePlayerLocation=6
  census ConsoleCommand=2
[2026-09-22T10:48:07.997Z] pid=67288 window_ms=5000 calls=565981 ServerFire=0 ClientFire=0 unresolved=0 distinct_names=33
  census Tick=76475
  census GetLocalPlayerController=45884
  census PlayerTick=30590
  census OnHudPostRender_MH=15295
  census DrawSpectatingHud=15295
  census DrawSensi_JW=15295
  census DisplayMessages=15295
  census DrawETC=15295
  census DrawKillAnim=15295
  census RenderOverlays=15295
  census PostDrawHud=15295
  census DrawTimer=15295
  census DrawTeamScore=15295
  census RealTick=15295
  census ProcessPushMoveGMCamera_BD=15295
  census IsMeGM_BD=15295
  census SetTwoSceanFov_JW=15295
  census GetPhysicsVolume=15295
  census SetWaterRefraction_JB=15295
  census HandleWalking=15295
  census IsSpectating=15295
  census PlayerMove=15295
  census CheckGameHistory=15295
  census UpdateChat=15295
  census PlayerCalcView=15295
  census CacheCalcView=15295
  census PostRender=15294
  census BuildMOTD=15294
  census LinkActors=15294
  census CheckEndGame_BD=15294
  census Timer=65
  census UpdatePlayerLocation=5
  census ConsoleCommand=1
[2026-09-22T10:48:12.998Z] pid=67288 window_ms=5001 calls=582605 ServerFire=0 ClientFire=0 unresolved=0 distinct_names=33
  census Tick=78720
  census GetLocalPlayerController=47232
  census PlayerTick=31488
  census PostRender=15745
  census BuildMOTD=15745
  census LinkActors=15745
  census CheckEndGame_BD=15744
  census OnHudPostRender_MH=15744
  census DrawSpectatingHud=15744
  census DrawSensi_JW=15744
  census DisplayMessages=15744
  census DrawETC=15744
  census DrawKillAnim=15744
  census RenderOverlays=15744
  census PostDrawHud=15744
  census DrawTimer=15744
  census DrawTeamScore=15744
  census RealTick=15744
  census ProcessPushMoveGMCamera_BD=15744
  census IsMeGM_BD=15744
  census SetTwoSceanFov_JW=15744
  census GetPhysicsVolume=15744
  census SetWaterRefraction_JB=15744
  census HandleWalking=15744
  census IsSpectating=15744
  census PlayerMove=15744
  census CheckGameHistory=15744
  census UpdateChat=15744
  census PlayerCalcView=15744
  census CacheCalcView=15744
  census Timer=68
  census UpdatePlayerLocation=5
  census ConsoleCommand=1
[2026-09-22T10:48:18.147Z] pid=67288 window_ms=5149 calls=383310 ServerFire=0 ClientFire=0 unresolved=0 distinct_names=53
  census Tick=51705
  census GetLocalPlayerController=31026
  census PlayerTick=20682
  census CheckEndGame_BD=10342
  census OnHudPostRender_MH=10342
  census DrawSpectatingHud=10342
  census DrawSensi_JW=10342
  census DisplayMessages=10342
  census DrawETC=10342
  census DrawKillAnim=10342
  census RenderOverlays=10342
  census PostDrawHud=10342
  census DrawTimer=10342
  census DrawTeamScore=10342
  census RealTick=10341
  census ProcessPushMoveGMCamera_BD=10341
  census IsMeGM_BD=10341
  census SetTwoSceanFov_JW=10341
  census GetPhysicsVolume=10341
  census SetWaterRefraction_JB=10341
  census HandleWalking=10341
  census IsSpectating=10341
  census PlayerMove=10341
  census CheckGameHistory=10341
  census UpdateChat=10341
  census PlayerCalcView=10341
  census CacheCalcView=10341
  census PostRender=10341
  census BuildMOTD=10341
  census LinkActors=10341
  census AddPrecacheMaterial=178
  census UpdatePrecacheStaticMeshes=152
  census UpdatePrecacheMaterials=151
  census ConsoleCommand=73
  census Timer=54
  census AddPrecacheStaticMesh=46
  census UpdatePlayerLocation=5
  census PlayOwnedSound=3
  census UnPressButtons=2
  census ResetInput=2
  census ClientPlaySound=1
  census ClientHearSound=1
  census ClientSetInitialMusic=1
  census ClientSetMusic=1
  census StopAllMusic=1
  census PlayMusic=1
  census InstantTeamSkinChange_JW=1
  census InvertMouse=1
  census SetSensitivity=1
  census FillPrecacheMaterialsArray=1
  census FillPrecacheStaticMeshesArray=1
  census PrecacheGameStaticMeshes=1
  census EnableAllAmbientSound_BD=1
[2026-09-22T10:48:23.148Z] pid=67288 window_ms=5001 calls=287002 ServerFire=0 ClientFire=0 unresolved=0 distinct_names=32
  census Tick=38777
  census GetLocalPlayerController=23267
  census PlayerTick=15511
  census PostRender=7756
  census BuildMOTD=7756
  census LinkActors=7756
  census CheckEndGame_BD=7756
  census OnHudPostRender_MH=7756
  census DrawSpectatingHud=7756
  census DrawSensi_JW=7756
  census DisplayMessages=7756
  census DrawETC=7756
  census DrawKillAnim=7756
  census RenderOverlays=7756
  census PostDrawHud=7756
  census DrawTimer=7756
  census DrawTeamScore=7756
  census RealTick=7756
  census ProcessPushMoveGMCamera_BD=7756
  census IsMeGM_BD=7756
  census SetTwoSceanFov_JW=7756
  census GetPhysicsVolume=7756
  census SetWaterRefraction_JB=7756
  census HandleWalking=7755
  census IsSpectating=7755
  census PlayerMove=7755
  census CheckGameHistory=7755
  census UpdateChat=7755
  census PlayerCalcView=7755
  census CacheCalcView=7755
  census Timer=39
  census UpdatePlayerLocation=3
[2026-09-22T10:48:28.148Z] pid=67288 window_ms=5000 calls=286158 ServerFire=0 ClientFire=0 unresolved=0 distinct_names=32
  census Tick=38663
  census GetLocalPlayerController=23199
  census PlayerTick=15465
  census HandleWalking=7733
  census IsSpectating=7733
  census PlayerMove=7733
  census CheckGameHistory=7733
  census UpdateChat=7733
  census PlayerCalcView=7733
  census CacheCalcView=7733
  census PostRender=7733
  census BuildMOTD=7733
  census LinkActors=7733
  census CheckEndGame_BD=7733
  census OnHudPostRender_MH=7733
  census DrawSpectatingHud=7733
  census DrawSensi_JW=7733
  census DisplayMessages=7733
  census DrawETC=7733
  census DrawKillAnim=7733
  census RenderOverlays=7733
  census PostDrawHud=7733
  census DrawTimer=7733
  census DrawTeamScore=7733
  census RealTick=7732
  census ProcessPushMoveGMCamera_BD=7732
  census IsMeGM_BD=7732
  census SetTwoSceanFov_JW=7732
  census GetPhysicsVolume=7732
  census SetWaterRefraction_JB=7732
  census Timer=43
  census UpdatePlayerLocation=3
[2026-09-22T10:48:33.148Z] pid=67288 window_ms=5000 calls=289130 ServerFire=0 ClientFire=0 unresolved=0 distinct_names=32
  census Tick=39065
  census GetLocalPlayerController=23439
  census PlayerTick=15626
  census RealTick=7813
  census ProcessPushMoveGMCamera_BD=7813
  census IsMeGM_BD=7813
  census SetTwoSceanFov_JW=7813
  census GetPhysicsVolume=7813
  census SetWaterRefraction_JB=7813
  census HandleWalking=7813
  census IsSpectating=7813
  census PlayerMove=7813
  census CheckGameHistory=7813
  census UpdateChat=7813
  census PlayerCalcView=7813
  census CacheCalcView=7813
  census PostRender=7813
  census BuildMOTD=7813
  census LinkActors=7813
  census CheckEndGame_BD=7813
  census OnHudPostRender_MH=7813
  census DrawSpectatingHud=7813
  census DrawSensi_JW=7813
  census DisplayMessages=7813
  census DrawETC=7813
  census DrawKillAnim=7813
  census RenderOverlays=7813
  census PostDrawHud=7813
  census DrawTimer=7813
  census DrawTeamScore=7813
  census Timer=45
  census UpdatePlayerLocation=4
[2026-09-22T10:48:38.149Z] pid=67288 window_ms=5001 calls=287112 ServerFire=0 ClientFire=0 unresolved=0 distinct_names=33
  census Tick=38795
  census GetLocalPlayerController=23275
  census PlayerTick=15518
  census RealTick=7759
  census ProcessPushMoveGMCamera_BD=7759
  census IsMeGM_BD=7759
  census SetTwoSceanFov_JW=7759
  census GetPhysicsVolume=7759
  census SetWaterRefraction_JB=7759
  census HandleWalking=7759
  census IsSpectating=7759
  census PlayerMove=7759
  census CheckGameHistory=7759
  census UpdateChat=7759
  census PlayerCalcView=7759
  census CacheCalcView=7759
  census PostRender=7758
  census BuildMOTD=7758
  census LinkActors=7758
  census CheckEndGame_BD=7758
  census OnHudPostRender_MH=7758
  census DrawSpectatingHud=7758
  census DrawSensi_JW=7758
  census DisplayMessages=7758
  census DrawETC=7758
  census DrawKillAnim=7758
  census RenderOverlays=7758
  census PostDrawHud=7758
  census DrawTimer=7758
  census DrawTeamScore=7758
  census Timer=40
  census UpdatePlayerLocation=3
  census ConsoleCommand=2
[2026-09-22T10:48:43.150Z] pid=67288 window_ms=5001 calls=291141 ServerFire=0 ClientFire=0 unresolved=0 distinct_names=33
  census Tick=39335
  census GetLocalPlayerController=23603
  census PlayerTick=15734
  census PostRender=7868
  census BuildMOTD=7868
  census LinkActors=7868
  census CheckEndGame_BD=7868
  census OnHudPostRender_MH=7868
  census DrawSpectatingHud=7868
  census DrawSensi_JW=7868
  census DisplayMessages=7868
  census DrawETC=7868
  census DrawKillAnim=7868
  census RenderOverlays=7868
  census PostDrawHud=7868
  census DrawTimer=7868
  census DrawTeamScore=7868
  census RealTick=7867
  census ProcessPushMoveGMCamera_BD=7867
  census IsMeGM_BD=7867
  census SetTwoSceanFov_JW=7867
  census GetPhysicsVolume=7867
  census SetWaterRefraction_JB=7867
  census HandleWalking=7867
  census IsSpectating=7867
  census PlayerMove=7867
  census CheckGameHistory=7867
  census UpdateChat=7867
  census PlayerCalcView=7867
  census CacheCalcView=7867
  census Timer=42
  census UpdatePlayerLocation=3
  census ConsoleCommand=1
[2026-09-22T10:48:48.151Z] pid=67288 window_ms=5001 calls=293903 ServerFire=0 ClientFire=0 unresolved=0 distinct_names=33
  census Tick=39710
  census GetLocalPlayerController=23826
  census PlayerTick=15884
  census RealTick=7942
  census ProcessPushMoveGMCamera_BD=7942
  census IsMeGM_BD=7942
  census SetTwoSceanFov_JW=7942
  census GetPhysicsVolume=7942
  census SetWaterRefraction_JB=7942
  census HandleWalking=7942
  census IsSpectating=7942
  census PlayerMove=7942
  census CheckGameHistory=7942
  census UpdateChat=7942
  census PlayerCalcView=7942
  census CacheCalcView=7942
  census PostRender=7942
  census BuildMOTD=7942
  census LinkActors=7942
  census CheckEndGame_BD=7942
  census OnHudPostRender_MH=7942
  census DrawSpectatingHud=7942
  census DrawSensi_JW=7942
  census DisplayMessages=7942
  census DrawETC=7942
  census DrawKillAnim=7942
  census RenderOverlays=7942
  census PostDrawHud=7942
  census DrawTimer=7942
  census DrawTeamScore=7942
  census Timer=43
  census UpdatePlayerLocation=4
  census ConsoleCommand=2
[2026-09-22T10:48:53.151Z] pid=67288 window_ms=5000 calls=287223 ServerFire=0 ClientFire=0 unresolved=0 distinct_names=32
  census Tick=38810
  census GetLocalPlayerController=23284
  census PlayerTick=15524
  census RealTick=7762
  census ProcessPushMoveGMCamera_BD=7762
  census IsMeGM_BD=7762
  census SetTwoSceanFov_JW=7762
  census GetPhysicsVolume=7762
  census SetWaterRefraction_JB=7762
  census HandleWalking=7762
  census IsSpectating=7762
  census PlayerMove=7762
  census CheckGameHistory=7762
  census UpdateChat=7762
  census PlayerCalcView=7762
  census CacheCalcView=7762
  census PostRender=7761
  census BuildMOTD=7761
  census LinkActors=7761
  census CheckEndGame_BD=7761
  census OnHudPostRender_MH=7761
  census DrawSpectatingHud=7761
  census DrawSensi_JW=7761
  census DisplayMessages=7761
  census DrawETC=7761
  census DrawKillAnim=7761
  census RenderOverlays=7761
  census PostDrawHud=7761
  census DrawTimer=7761
  census DrawTeamScore=7761
  census Timer=42
  census UpdatePlayerLocation=3
[2026-09-22T10:48:58.152Z] pid=67288 window_ms=5001 calls=289657 ServerFire=0 ClientFire=0 unresolved=0 distinct_names=32
  census Tick=39135
  census GetLocalPlayerController=23483
  census PlayerTick=15654
  census PostRender=7828
  census BuildMOTD=7828
  census LinkActors=7828
  census CheckEndGame_BD=7828
  census OnHudPostRender_MH=7828
  census DrawSpectatingHud=7828
  census DrawSensi_JW=7828
  census DisplayMessages=7828
  census DrawETC=7828
  census DrawKillAnim=7828
  census RenderOverlays=7828
  census PostDrawHud=7828
  census DrawTimer=7828
  census DrawTeamScore=7828
  census RealTick=7827
  census ProcessPushMoveGMCamera_BD=7827
  census IsMeGM_BD=7827
  census SetTwoSceanFov_JW=7827
  census GetPhysicsVolume=7827
  census SetWaterRefraction_JB=7827
  census HandleWalking=7827
  census IsSpectating=7827
  census PlayerMove=7827
  census CheckGameHistory=7827
  census UpdateChat=7827
  census PlayerCalcView=7827
  census CacheCalcView=7827
  census Timer=39
  census UpdatePlayerLocation=3
[2026-09-22T10:49:03.153Z] pid=67288 window_ms=5001 calls=292444 ServerFire=0 ClientFire=0 unresolved=0 distinct_names=33
  census Tick=39515
  census GetLocalPlayerController=23707
  census PlayerTick=15806
  census RealTick=7903
  census ProcessPushMoveGMCamera_BD=7903
  census IsMeGM_BD=7903
  census SetTwoSceanFov_JW=7903
  census GetPhysicsVolume=7903
  census SetWaterRefraction_JB=7903
  census HandleWalking=7903
  census IsSpectating=7903
  census PlayerMove=7903
  census CheckGameHistory=7903
  census UpdateChat=7903
  census PlayerCalcView=7903
  census CacheCalcView=7903
  census PostRender=7902
  census BuildMOTD=7902
  census LinkActors=7902
  census CheckEndGame_BD=7902
  census OnHudPostRender_MH=7902
  census DrawSpectatingHud=7902
  census DrawSensi_JW=7902
  census DisplayMessages=7902
  census DrawETC=7902
  census DrawKillAnim=7902
  census RenderOverlays=7902
  census PostDrawHud=7902
  census DrawTimer=7902
  census DrawTeamScore=7902
  census Timer=45
  census UpdatePlayerLocation=3
  census ConsoleCommand=1
[2026-09-22T10:49:08.153Z] pid=67288 window_ms=5000 calls=287737 ServerFire=0 ClientFire=0 unresolved=0 distinct_names=33
  census Tick=38875
  census GetLocalPlayerController=23327
  census PlayerTick=15550
  census PostRender=7776
  census BuildMOTD=7776
  census LinkActors=7776
  census CheckEndGame_BD=7776
  census OnHudPostRender_MH=7776
  census DrawSpectatingHud=7776
  census DrawSensi_JW=7776
  census DisplayMessages=7776
  census DrawETC=7776
  census DrawKillAnim=7776
  census RenderOverlays=7776
  census PostDrawHud=7776
  census DrawTimer=7776
  census DrawTeamScore=7776
  census RealTick=7775
  census ProcessPushMoveGMCamera_BD=7775
  census IsMeGM_BD=7775
  census SetTwoSceanFov_JW=7775
  census GetPhysicsVolume=7775
  census SetWaterRefraction_JB=7775
  census HandleWalking=7775
  census IsSpectating=7775
  census PlayerMove=7775
  census CheckGameHistory=7775
  census UpdateChat=7775
  census PlayerCalcView=7775
  census CacheCalcView=7775
  census Timer=42
  census UpdatePlayerLocation=3
  census ConsoleCommand=1
[2026-09-22T10:49:13.154Z] pid=67288 window_ms=5001 calls=286621 ServerFire=0 ClientFire=0 unresolved=0 distinct_names=32
  census Tick=38727
  census GetLocalPlayerController=23236
  census PlayerTick=15492
  census RealTick=7746
  census ProcessPushMoveGMCamera_BD=7746
  census IsMeGM_BD=7746
  census SetTwoSceanFov_JW=7746
  census GetPhysicsVolume=7746
  census SetWaterRefraction_JB=7746
  census HandleWalking=7746
  census IsSpectating=7746
  census PlayerMove=7746
  census CheckGameHistory=7745
  census UpdateChat=7745
  census PlayerCalcView=7745
  census CacheCalcView=7745
  census PostRender=7745
  census BuildMOTD=7745
  census LinkActors=7745
  census CheckEndGame_BD=7745
  census OnHudPostRender_MH=7745
  census DrawSpectatingHud=7745
  census DrawSensi_JW=7745
  census DisplayMessages=7745
  census DrawETC=7745
  census DrawKillAnim=7745
  census RenderOverlays=7745
  census PostDrawHud=7745
  census DrawTimer=7745
  census DrawTeamScore=7745
  census Timer=39
  census UpdatePlayerLocation=3
[2026-09-22T10:49:18.155Z] pid=67288 window_ms=5001 calls=286958 ServerFire=0 ClientFire=0 unresolved=0 distinct_names=33
  census Tick=38773
  census GetLocalPlayerController=23262
  census PlayerTick=15508
  census CheckGameHistory=7755
  census UpdateChat=7755
  census PlayerCalcView=7755
  census CacheCalcView=7755
  census PostRender=7754
  census BuildMOTD=7754
  census LinkActors=7754
  census CheckEndGame_BD=7754
  census OnHudPostRender_MH=7754
  census DrawSpectatingHud=7754
  census DrawSensi_JW=7754
  census DisplayMessages=7754
  census DrawETC=7754
  census DrawKillAnim=7754
  census RenderOverlays=7754
  census PostDrawHud=7754
  census DrawTimer=7754
  census DrawTeamScore=7754
  census RealTick=7754
  census ProcessPushMoveGMCamera_BD=7754
  census IsMeGM_BD=7754
  census SetTwoSceanFov_JW=7754
  census GetPhysicsVolume=7754
  census SetWaterRefraction_JB=7754
  census HandleWalking=7754
  census IsSpectating=7754
  census PlayerMove=7754
  census Timer=46
  census UpdatePlayerLocation=4
  census ConsoleCommand=3
[2026-09-22T10:49:23.155Z] pid=67288 window_ms=5000 calls=291509 ServerFire=0 ClientFire=0 unresolved=0 distinct_names=33
  census Tick=39385
  census GetLocalPlayerController=23633
  census PlayerTick=15754
  census PostRender=7878
  census BuildMOTD=7878
  census LinkActors=7878
  census CheckEndGame_BD=7878
  census OnHudPostRender_MH=7878
  census DrawSpectatingHud=7878
  census DrawSensi_JW=7878
  census DisplayMessages=7878
  census DrawETC=7878
  census DrawKillAnim=7878
  census RenderOverlays=7878
  census PostDrawHud=7878
  census DrawTimer=7878
  census DrawTeamScore=7878
  census RealTick=7877
  census ProcessPushMoveGMCamera_BD=7877
  census IsMeGM_BD=7877
  census SetTwoSceanFov_JW=7877
  census GetPhysicsVolume=7877
  census SetWaterRefraction_JB=7877
  census HandleWalking=7877
  census IsSpectating=7877
  census PlayerMove=7877
  census CheckGameHistory=7877
  census UpdateChat=7877
  census PlayerCalcView=7877
  census CacheCalcView=7877
  census Timer=39
  census UpdatePlayerLocation=3
  census ConsoleCommand=2
[2026-09-22T10:49:28.307Z] pid=67288 window_ms=5152 calls=285725 ServerFire=0 ClientFire=0 unresolved=0 distinct_names=33
  census Tick=38605
  census GetLocalPlayerController=23163
  census PlayerTick=15442
  census RealTick=7721
  census ProcessPushMoveGMCamera_BD=7721
  census IsMeGM_BD=7721
  census SetTwoSceanFov_JW=7721
  census GetPhysicsVolume=7721
  census SetWaterRefraction_JB=7721
  census HandleWalking=7721
  census IsSpectating=7721
  census PlayerMove=7721
  census CheckGameHistory=7721
  census UpdateChat=7721
  census PlayerCalcView=7721
  census CacheCalcView=7721
  census PostRender=7721
  census BuildMOTD=7721
  census LinkActors=7721
  census CheckEndGame_BD=7721
  census OnHudPostRender_MH=7721
  census DrawSpectatingHud=7721
  census DrawSensi_JW=7721
  census DisplayMessages=7721
  census DrawETC=7721
  census DrawKillAnim=7721
  census RenderOverlays=7721
  census PostDrawHud=7721
  census DrawTimer=7721
  census DrawTeamScore=7721
  census Timer=43
  census UpdatePlayerLocation=3
  census ConsoleCommand=2
[2026-09-22T10:49:33.308Z] pid=67288 window_ms=5001 calls=286617 ServerFire=0 ClientFire=0 unresolved=0 distinct_names=33
  census Tick=38725
  census GetLocalPlayerController=23235
  census PlayerTick=15490
  census RealTick=7745
  census ProcessPushMoveGMCamera_BD=7745
  census IsMeGM_BD=7745
  census SetTwoSceanFov_JW=7745
  census GetPhysicsVolume=7745
  census SetWaterRefraction_JB=7745
  census HandleWalking=7745
  census IsSpectating=7745
  census PlayerMove=7745
  census CheckGameHistory=7745
  census UpdateChat=7745
  census PlayerCalcView=7745
  census CacheCalcView=7745
  census PostRender=7745
  census BuildMOTD=7745
  census LinkActors=7745
  census CheckEndGame_BD=7745
  census OnHudPostRender_MH=7745
  census DrawSpectatingHud=7745
  census DrawSensi_JW=7745
  census DisplayMessages=7745
  census DrawETC=7745
  census DrawKillAnim=7745
  census RenderOverlays=7745
  census PostDrawHud=7745
  census DrawTimer=7745
  census DrawTeamScore=7745
  census Timer=46
  census UpdatePlayerLocation=4
  census ConsoleCommand=2
[2026-09-22T10:49:38.309Z] pid=67288 window_ms=5001 calls=287850 ServerFire=0 ClientFire=0 unresolved=0 distinct_names=32
  census Tick=38895
  census GetLocalPlayerController=23335
  census PlayerTick=15558
  census RealTick=7779
  census ProcessPushMoveGMCamera_BD=7779
  census IsMeGM_BD=7779
  census SetTwoSceanFov_JW=7779
  census GetPhysicsVolume=7779
  census SetWaterRefraction_JB=7779
  census HandleWalking=7779
  census IsSpectating=7779
  census PlayerMove=7779
  census CheckGameHistory=7779
  census UpdateChat=7779
  census PlayerCalcView=7779
  census CacheCalcView=7779
  census PostRender=7779
  census BuildMOTD=7778
  census LinkActors=7778
  census CheckEndGame_BD=7778
  census OnHudPostRender_MH=7778
  census DrawSpectatingHud=7778
  census DrawSensi_JW=7778
  census DisplayMessages=7778
  census DrawETC=7778
  census DrawKillAnim=7778
  census RenderOverlays=7778
  census PostDrawHud=7778
  census DrawTimer=7778
  census DrawTeamScore=7778
  census Timer=39
  census UpdatePlayerLocation=3
[2026-09-22T10:49:43.310Z] pid=67288 window_ms=5001 calls=284037 ServerFire=0 ClientFire=0 unresolved=0 distinct_names=33
  census Tick=38375
  census GetLocalPlayerController=23027
  census PlayerTick=15350
  census BuildMOTD=7676
  census LinkActors=7676
  census CheckEndGame_BD=7676
  census OnHudPostRender_MH=7676
  census DrawSpectatingHud=7676
  census DrawSensi_JW=7676
  census DisplayMessages=7676
  census DrawETC=7676
  census DrawKillAnim=7676
  census RenderOverlays=7676
  census PostDrawHud=7676
  census DrawTimer=7676
  census DrawTeamScore=7676
  census RealTick=7675
  census ProcessPushMoveGMCamera_BD=7675
  census IsMeGM_BD=7675
  census SetTwoSceanFov_JW=7675
  census GetPhysicsVolume=7675
  census SetWaterRefraction_JB=7675
  census HandleWalking=7675
  census IsSpectating=7675
  census PlayerMove=7675
  census CheckGameHistory=7675
  census UpdateChat=7675
  census PlayerCalcView=7675
  census CacheCalcView=7675
  census PostRender=7675
  census Timer=43
  census UpdatePlayerLocation=3
  census ConsoleCommand=1
[2026-09-22T10:49:48.311Z] pid=67288 window_ms=5001 calls=286793 ServerFire=0 ClientFire=0 unresolved=0 distinct_names=33
  census Tick=38750
  census GetLocalPlayerController=23250
  census PlayerTick=15500
  census RealTick=7750
  census ProcessPushMoveGMCamera_BD=7750
  census IsMeGM_BD=7750
  census SetTwoSceanFov_JW=7750
  census GetPhysicsVolume=7750
  census SetWaterRefraction_JB=7750
  census HandleWalking=7750
  census IsSpectating=7750
  census PlayerMove=7750
  census CheckGameHistory=7750
  census UpdateChat=7750
  census PlayerCalcView=7750
  census CacheCalcView=7750
  census PostRender=7750
  census BuildMOTD=7750
  census LinkActors=7750
  census CheckEndGame_BD=7750
  census OnHudPostRender_MH=7750
  census DrawSpectatingHud=7750
  census DrawSensi_JW=7750
  census DisplayMessages=7750
  census DrawETC=7750
  census DrawKillAnim=7750
  census RenderOverlays=7750
  census PostDrawHud=7750
  census DrawTimer=7750
  census DrawTeamScore=7750
  census Timer=39
  census UpdatePlayerLocation=3
  census ConsoleCommand=1
[2026-09-22T10:49:53.311Z] pid=67288 window_ms=5000 calls=283579 ServerFire=0 ClientFire=0 unresolved=0 distinct_names=33
  census Tick=38315
  census GetLocalPlayerController=22989
  census PlayerTick=15326
  census RealTick=7663
  census ProcessPushMoveGMCamera_BD=7663
  census IsMeGM_BD=7663
  census SetTwoSceanFov_JW=7663
  census GetPhysicsVolume=7663
  census SetWaterRefraction_JB=7663
  census HandleWalking=7663
  census IsSpectating=7663
  census PlayerMove=7663
  census CheckGameHistory=7663
  census UpdateChat=7663
  census PlayerCalcView=7663
  census CacheCalcView=7663
  census PostRender=7663
  census BuildMOTD=7663
  census LinkActors=7663
  census CheckEndGame_BD=7663
  census OnHudPostRender_MH=7663
  census DrawSpectatingHud=7663
  census DrawSensi_JW=7663
  census DisplayMessages=7663
  census DrawETC=7663
  census DrawKillAnim=7663
  census RenderOverlays=7663
  census PostDrawHud=7663
  census DrawTimer=7663
  census DrawTeamScore=7663
  census Timer=44
  census UpdatePlayerLocation=3
  census ConsoleCommand=1
[2026-09-22T10:49:58.311Z] pid=67288 window_ms=5000 calls=287266 ServerFire=0 ClientFire=0 unresolved=0 distinct_names=33
  census Tick=38815
  census GetLocalPlayerController=23287
  census PlayerTick=15526
  census RealTick=7763
  census ProcessPushMoveGMCamera_BD=7763
  census IsMeGM_BD=7763
  census SetTwoSceanFov_JW=7763
  census GetPhysicsVolume=7763
  census SetWaterRefraction_JB=7763
  census HandleWalking=7763
  census IsSpectating=7763
  census PlayerMove=7763
  census CheckGameHistory=7763
  census UpdateChat=7763
  census PlayerCalcView=7763
  census CacheCalcView=7763
  census PostRender=7763
  census BuildMOTD=7763
  census LinkActors=7763
  census CheckEndGame_BD=7762
  census OnHudPostRender_MH=7762
  census DrawSpectatingHud=7762
  census DrawSensi_JW=7762
  census DisplayMessages=7762
  census DrawETC=7762
  census DrawKillAnim=7762
  census RenderOverlays=7762
  census PostDrawHud=7762
  census DrawTimer=7762
  census DrawTeamScore=7762
  census Timer=43
  census UpdatePlayerLocation=3
  census ConsoleCommand=2
[2026-09-22T10:50:03.311Z] pid=67288 window_ms=5000 calls=283589 ServerFire=0 ClientFire=0 unresolved=0 distinct_names=33
  census Tick=38315
  census GetLocalPlayerController=22991
  census PlayerTick=15326
  census CheckEndGame_BD=7664
  census OnHudPostRender_MH=7664
  census DrawSpectatingHud=7664
  census DrawSensi_JW=7664
  census DisplayMessages=7664
  census DrawETC=7664
  census DrawKillAnim=7664
  census RenderOverlays=7664
  census PostDrawHud=7664
  census DrawTimer=7664
  census DrawTeamScore=7664
  census RealTick=7663
  census ProcessPushMoveGMCamera_BD=7663
  census IsMeGM_BD=7663
  census SetTwoSceanFov_JW=7663
  census GetPhysicsVolume=7663
  census SetWaterRefraction_JB=7663
  census HandleWalking=7663
  census IsSpectating=7663
  census PlayerMove=7663
  census CheckGameHistory=7663
  census UpdateChat=7663
  census PlayerCalcView=7663
  census CacheCalcView=7663
  census PostRender=7663
  census BuildMOTD=7663
  census LinkActors=7663
  census Timer=40
  census UpdatePlayerLocation=4
  census ConsoleCommand=1
[2026-09-22T10:50:08.312Z] pid=67288 window_ms=5001 calls=284641 ServerFire=0 ClientFire=0 unresolved=0 distinct_names=32
  census Tick=38460
  census GetLocalPlayerController=23075
  census PlayerTick=15384
  census RealTick=7692
  census ProcessPushMoveGMCamera_BD=7692
  census IsMeGM_BD=7692
  census SetTwoSceanFov_JW=7692
  census GetPhysicsVolume=7692
  census SetWaterRefraction_JB=7692
  census HandleWalking=7692
  census IsSpectating=7692
  census PlayerMove=7692
  census CheckGameHistory=7692
  census UpdateChat=7692
  census PlayerCalcView=7692
  census CacheCalcView=7692
  census PostRender=7692
  census BuildMOTD=7692
  census LinkActors=7692
  census CheckEndGame_BD=7692
  census OnHudPostRender_MH=7691
  census DrawSpectatingHud=7691
  census DrawSensi_JW=7691
  census DisplayMessages=7691
  census DrawETC=7691
  census DrawKillAnim=7691
  census RenderOverlays=7691
  census PostDrawHud=7691
  census DrawTimer=7691
  census DrawTeamScore=7691
  census Timer=45
  census UpdatePlayerLocation=3
[2026-09-22T10:50:13.312Z] pid=67288 window_ms=5000 calls=268442 ServerFire=0 ClientFire=0 unresolved=0 distinct_names=36
  census Tick=36270
  census GetLocalPlayerController=21761
  census PlayerTick=14508
  census OnHudPostRender_MH=7254
  census DrawSpectatingHud=7254
  census DrawSensi_JW=7254
  census DisplayMessages=7254
  census DrawETC=7254
  census DrawKillAnim=7254
  census RenderOverlays=7254
  census PostDrawHud=7254
  census DrawTimer=7254
  census DrawTeamScore=7254
  census RealTick=7254
  census ProcessPushMoveGMCamera_BD=7254
  census IsMeGM_BD=7254
  census SetTwoSceanFov_JW=7254
  census GetPhysicsVolume=7254
  census SetWaterRefraction_JB=7254
  census HandleWalking=7254
  census IsSpectating=7254
  census PlayerMove=7254
  census CheckGameHistory=7254
  census UpdateChat=7254
  census PlayerCalcView=7254
  census CacheCalcView=7254
  census PostRender=7253
  census BuildMOTD=7253
  census LinkActors=7253
  census CheckEndGame_BD=7253
  census Timer=39
  census UpdatePlayerLocation=3
  census ConsoleCommand=2
  census ClientPlaySound=2
  census ClientHearSound=2
  census PlayOwnedSound=1
[2026-09-22T10:50:18.313Z] pid=67288 window_ms=5001 calls=258952 ServerFire=0 ClientFire=0 unresolved=0 distinct_names=35
  census Tick=34985
  census GetLocalPlayerController=20993
  census PlayerTick=13994
  census PostRender=6998
  census BuildMOTD=6998
  census LinkActors=6998
  census CheckEndGame_BD=6998
  census OnHudPostRender_MH=6998
  census DrawSpectatingHud=6998
  census DrawSensi_JW=6998
  census DisplayMessages=6998
  census DrawETC=6998
  census DrawKillAnim=6998
  census RenderOverlays=6998
  census PostDrawHud=6998
  census DrawTimer=6998
  census DrawTeamScore=6998
  census RealTick=6997
  census ProcessPushMoveGMCamera_BD=6997
  census IsMeGM_BD=6997
  census SetTwoSceanFov_JW=6997
  census GetPhysicsVolume=6997
  census SetWaterRefraction_JB=6997
  census HandleWalking=6997
  census IsSpectating=6997
  census PlayerMove=6997
  census CheckGameHistory=6997
  census UpdateChat=6997
  census PlayerCalcView=6997
  census CacheCalcView=6997
  census Timer=39
  census UpdatePlayerLocation=3
  census ClientPlaySound=2
  census ClientHearSound=2
  census ConsoleCommand=1
[2026-09-22T10:50:23.313Z] pid=67288 window_ms=5000 calls=255574 ServerFire=0 ClientFire=0 unresolved=0 distinct_names=36
  census Tick=34530
  census GetLocalPlayerController=20718
  census PlayerTick=13812
  census RealTick=6906
  census ProcessPushMoveGMCamera_BD=6906
  census IsMeGM_BD=6906
  census SetTwoSceanFov_JW=6906
  census GetPhysicsVolume=6906
  census SetWaterRefraction_JB=6906
  census HandleWalking=6906
  census IsSpectating=6906
  census PlayerMove=6906
  census CheckGameHistory=6906
  census UpdateChat=6906
  census PlayerCalcView=6906
  census CacheCalcView=6906
  census PostRender=6906
  census BuildMOTD=6906
  census LinkActors=6906
  census CheckEndGame_BD=6906
  census OnHudPostRender_MH=6906
  census DrawSpectatingHud=6906
  census DrawSensi_JW=6906
  census DisplayMessages=6906
  census DrawETC=6906
  census DrawKillAnim=6906
  census RenderOverlays=6906
  census PostDrawHud=6906
  census DrawTimer=6906
  census DrawTeamScore=6906
  census Timer=43
  census UpdatePlayerLocation=3
  census ClientPlaySound=2
  census ClientHearSound=2
  census ConsoleCommand=1
  census PlayOwnedSound=1
[2026-09-22T10:50:28.314Z] pid=67288 window_ms=5001 calls=192251 ServerFire=0 ClientFire=0 unresolved=0 distinct_names=38
  census Tick=25975
  census GetLocalPlayerController=15583
  census PlayerTick=10390
  census RealTick=5195
  census ProcessPushMoveGMCamera_BD=5195
  census IsMeGM_BD=5195
  census SetTwoSceanFov_JW=5195
  census GetPhysicsVolume=5195
  census SetWaterRefraction_JB=5195
  census HandleWalking=5195
  census IsSpectating=5195
  census PlayerMove=5195
  census CheckGameHistory=5195
  census UpdateChat=5195
  census PlayerCalcView=5195
  census CacheCalcView=5195
  census PostRender=5194
  census BuildMOTD=5194
  census LinkActors=5194
  census CheckEndGame_BD=5194
  census OnHudPostRender_MH=5194
  census DrawSpectatingHud=5194
  census DrawSensi_JW=5194
  census DisplayMessages=5194
  census DrawETC=5194
  census DrawKillAnim=5194
  census RenderOverlays=5194
  census PostDrawHud=5194
  census DrawTimer=5194
  census DrawTeamScore=5194
  census Timer=34
  census PlayOwnedSound=3
  census ConsoleCommand=3
  census StopAllMusic=3
  census UpdatePlayerLocation=3
  census UnPressButtons=2
  census ResetInput=2
  census PlayPrimarySound_BD=2
[2026-09-22T10:50:33.315Z] pid=67288 window_ms=5001 calls=200102 ServerFire=0 ClientFire=0 unresolved=0 distinct_names=34
  census Tick=27035
  census GetLocalPlayerController=16221
  census PlayerTick=10814
  census PostRender=5407
  census BuildMOTD=5407
  census LinkActors=5407
  census CheckEndGame_BD=5407
  census OnHudPostRender_MH=5407
  census DrawSpectatingHud=5407
  census DrawSensi_JW=5407
  census DisplayMessages=5407
  census DrawETC=5407
  census DrawKillAnim=5407
  census RenderOverlays=5407
  census PostDrawHud=5407
  census DrawTimer=5407
  census DrawTeamScore=5407
  census RealTick=5407
  census ProcessPushMoveGMCamera_BD=5407
  census IsMeGM_BD=5407
  census SetTwoSceanFov_JW=5407
  census GetPhysicsVolume=5407
  census SetWaterRefraction_JB=5407
  census HandleWalking=5407
  census IsSpectating=5407
  census PlayerMove=5407
  census CheckGameHistory=5407
  census UpdateChat=5407
  census PlayerCalcView=5407
  census CacheCalcView=5407
  census Timer=37
  census UpdatePlayerLocation=3
  census ConsoleCommand=2
  census PlayOwnedSound=1
[2026-09-22T10:50:38.315Z] pid=67288 window_ms=5000 calls=206223 ServerFire=0 ClientFire=0 unresolved=0 distinct_names=32
  census Tick=27862
  census GetLocalPlayerController=16718
  census PlayerTick=11145
  census PostRender=5573
  census BuildMOTD=5573
  census LinkActors=5573
  census CheckEndGame_BD=5573
  census OnHudPostRender_MH=5573
  census DrawSpectatingHud=5573
  census DrawSensi_JW=5573
  census DisplayMessages=5573
  census DrawETC=5573
  census DrawKillAnim=5573
  census RenderOverlays=5573
  census PostDrawHud=5573
  census DrawTimer=5573
  census DrawTeamScore=5573
  census RealTick=5573
  census ProcessPushMoveGMCamera_BD=5573
  census IsMeGM_BD=5573
  census SetTwoSceanFov_JW=5573
  census GetPhysicsVolume=5573
  census SetWaterRefraction_JB=5573
  census HandleWalking=5572
  census IsSpectating=5572
  census PlayerMove=5572
  census CheckGameHistory=5572
  census UpdateChat=5572
  census PlayerCalcView=5572
  census CacheCalcView=5572
  census Timer=32
  census UpdatePlayerLocation=2
[2026-09-22T10:50:43.472Z] pid=67288 window_ms=5157 calls=172044 ServerFire=0 ClientFire=0 unresolved=0 distinct_names=32
  census Tick=23243
  census GetLocalPlayerController=13947
  census PlayerTick=9297
  census HandleWalking=4649
  census IsSpectating=4649
  census PlayerMove=4649
  census CheckGameHistory=4649
  census UpdateChat=4649
  census PlayerCalcView=4649
  census CacheCalcView=4649
  census PostRender=4649
  census BuildMOTD=4649
  census LinkActors=4649
  census CheckEndGame_BD=4649
  census OnHudPostRender_MH=4649
  census DrawSpectatingHud=4649
  census DrawSensi_JW=4649
  census DisplayMessages=4649
  census DrawETC=4649
  census DrawKillAnim=4649
  census RenderOverlays=4649
  census PostDrawHud=4649
  census DrawTimer=4649
  census DrawTeamScore=4649
  census RealTick=4648
  census ProcessPushMoveGMCamera_BD=4648
  census IsMeGM_BD=4648
  census SetTwoSceanFov_JW=4648
  census GetPhysicsVolume=4648
  census SetWaterRefraction_JB=4648
  census Timer=37
  census UpdatePlayerLocation=3
[2026-09-22T10:50:48.472Z] pid=67288 window_ms=5000 calls=204535 ServerFire=0 ClientFire=0 unresolved=0 distinct_names=33
  census Tick=27635
  census GetLocalPlayerController=16581
  census PlayerTick=11054
  census RealTick=5527
  census ProcessPushMoveGMCamera_BD=5527
  census IsMeGM_BD=5527
  census SetTwoSceanFov_JW=5527
  census GetPhysicsVolume=5527
  census SetWaterRefraction_JB=5527
  census HandleWalking=5527
  census IsSpectating=5527
  census PlayerMove=5527
  census CheckGameHistory=5527
  census UpdateChat=5527
  census PlayerCalcView=5527
  census CacheCalcView=5527
  census PostRender=5527
  census BuildMOTD=5527
  census LinkActors=5527
  census CheckEndGame_BD=5527
  census OnHudPostRender_MH=5527
  census DrawSpectatingHud=5527
  census DrawSensi_JW=5527
  census DisplayMessages=5527
  census DrawETC=5527
  census DrawKillAnim=5527
  census RenderOverlays=5527
  census PostDrawHud=5527
  census DrawTimer=5527
  census DrawTeamScore=5527
  census Timer=33
  census UpdatePlayerLocation=2
  census ConsoleCommand=1
[2026-09-22T10:50:53.472Z] pid=67288 window_ms=5000 calls=205096 ServerFire=0 ClientFire=0 unresolved=0 distinct_names=33
  census Tick=27710
  census GetLocalPlayerController=16626
  census PlayerTick=11084
  census RealTick=5542
  census ProcessPushMoveGMCamera_BD=5542
  census IsMeGM_BD=5542
  census SetTwoSceanFov_JW=5542
  census GetPhysicsVolume=5542
  census SetWaterRefraction_JB=5542
  census HandleWalking=5542
  census IsSpectating=5542
  census PlayerMove=5542
  census CheckGameHistory=5542
  census UpdateChat=5542
  census PlayerCalcView=5542
  census CacheCalcView=5542
  census PostRender=5542
  census BuildMOTD=5542
  census LinkActors=5542
  census CheckEndGame_BD=5542
  census OnHudPostRender_MH=5542
  census DrawSpectatingHud=5542
  census DrawSensi_JW=5542
  census DisplayMessages=5542
  census DrawETC=5542
  census DrawKillAnim=5542
  census RenderOverlays=5542
  census PostDrawHud=5542
  census DrawTimer=5542
  census DrawTeamScore=5542
  census Timer=37
  census UpdatePlayerLocation=3
  census ConsoleCommand=2
[2026-09-22T10:50:58.472Z] pid=67288 window_ms=5000 calls=203611 ServerFire=0 ClientFire=0 unresolved=0 distinct_names=32
  census Tick=27510
  census GetLocalPlayerController=16506
  census PlayerTick=11004
  census RealTick=5502
  census ProcessPushMoveGMCamera_BD=5502
  census IsMeGM_BD=5502
  census SetTwoSceanFov_JW=5502
  census GetPhysicsVolume=5502
  census SetWaterRefraction_JB=5502
  census HandleWalking=5502
  census IsSpectating=5502
  census PlayerMove=5502
  census CheckGameHistory=5502
  census UpdateChat=5502
  census PlayerCalcView=5502
  census CacheCalcView=5502
  census PostRender=5502
  census BuildMOTD=5502
  census LinkActors=5502
  census CheckEndGame_BD=5502
  census OnHudPostRender_MH=5502
  census DrawSpectatingHud=5502
  census DrawSensi_JW=5502
  census DisplayMessages=5502
  census DrawETC=5502
  census DrawKillAnim=5502
  census RenderOverlays=5502
  census PostDrawHud=5502
  census DrawTimer=5502
  census DrawTeamScore=5502
  census Timer=34
  census UpdatePlayerLocation=3
[2026-09-22T10:51:03.474Z] pid=67288 window_ms=5002 calls=205411 ServerFire=0 ClientFire=0 unresolved=0 distinct_names=33
  census Tick=27755
  census GetLocalPlayerController=16651
  census PlayerTick=11102
  census RealTick=5551
  census ProcessPushMoveGMCamera_BD=5551
  census IsMeGM_BD=5551
  census SetTwoSceanFov_JW=5551
  census GetPhysicsVolume=5551
  census SetWaterRefraction_JB=5551
  census HandleWalking=5551
  census IsSpectating=5551
  census PlayerMove=5551
  census CheckGameHistory=5551
  census UpdateChat=5551
  census PlayerCalcView=5551
  census CacheCalcView=5551
  census PostRender=5550
  census BuildMOTD=5550
  census LinkActors=5550
  census CheckEndGame_BD=5550
  census OnHudPostRender_MH=5550
  census DrawSpectatingHud=5550
  census DrawSensi_JW=5550
  census DisplayMessages=5550
  census DrawETC=5550
  census DrawKillAnim=5550
  census RenderOverlays=5550
  census PostDrawHud=5550
  census DrawTimer=5550
  census DrawTeamScore=5550
  census Timer=36
  census UpdatePlayerLocation=3
  census ConsoleCommand=1
[2026-09-22T10:51:08.474Z] pid=67288 window_ms=5000 calls=207918 ServerFire=0 ClientFire=0 unresolved=0 distinct_names=33
  census Tick=28090
  census GetLocalPlayerController=16856
  census PlayerTick=11236
  census PostRender=5619
  census BuildMOTD=5619
  census LinkActors=5619
  census CheckEndGame_BD=5619
  census OnHudPostRender_MH=5619
  census DrawSpectatingHud=5619
  census DrawSensi_JW=5619
  census DisplayMessages=5619
  census DrawETC=5619
  census DrawKillAnim=5619
  census RenderOverlays=5619
  census PostDrawHud=5619
  census DrawTimer=5619
  census DrawTeamScore=5619
  census RealTick=5618
  census ProcessPushMoveGMCamera_BD=5618
  census IsMeGM_BD=5618
  census SetTwoSceanFov_JW=5618
  census GetPhysicsVolume=5618
  census SetWaterRefraction_JB=5618
  census HandleWalking=5618
  census IsSpectating=5618
  census PlayerMove=5618
  census CheckGameHistory=5618
  census UpdateChat=5618
  census PlayerCalcView=5618
  census CacheCalcView=5618
  census Timer=33
  census UpdatePlayerLocation=2
  census ConsoleCommand=1
[2026-09-22T10:51:13.474Z] pid=67288 window_ms=5000 calls=206172 ServerFire=0 ClientFire=0 unresolved=0 distinct_names=33
  census Tick=27855
  census GetLocalPlayerController=16713
  census PlayerTick=11142
  census RealTick=5571
  census ProcessPushMoveGMCamera_BD=5571
  census IsMeGM_BD=5571
  census SetTwoSceanFov_JW=5571
  census GetPhysicsVolume=5571
  census SetWaterRefraction_JB=5571
  census HandleWalking=5571
  census IsSpectating=5571
  census PlayerMove=5571
  census CheckGameHistory=5571
  census UpdateChat=5571
  census PlayerCalcView=5571
  census CacheCalcView=5571
  census PostRender=5571
  census BuildMOTD=5571
  census LinkActors=5571
  census CheckEndGame_BD=5571
  census OnHudPostRender_MH=5571
  census DrawSpectatingHud=5571
  census DrawSensi_JW=5571
  census DisplayMessages=5571
  census DrawETC=5571
  census DrawKillAnim=5571
  census RenderOverlays=5571
  census PostDrawHud=5571
  census DrawTimer=5571
  census DrawTeamScore=5571
  census Timer=39
  census UpdatePlayerLocation=3
  census ConsoleCommand=3
[2026-09-22T10:51:18.475Z] pid=67288 window_ms=5001 calls=205277 ServerFire=0 ClientFire=0 unresolved=0 distinct_names=33
  census Tick=27735
  census GetLocalPlayerController=16641
  census PlayerTick=11094
  census RealTick=5547
  census ProcessPushMoveGMCamera_BD=5547
  census IsMeGM_BD=5547
  census SetTwoSceanFov_JW=5547
  census GetPhysicsVolume=5547
  census SetWaterRefraction_JB=5547
  census HandleWalking=5547
  census IsSpectating=5547
  census PlayerMove=5547
  census CheckGameHistory=5547
  census UpdateChat=5547
  census PlayerCalcView=5547
  census CacheCalcView=5547
  census PostRender=5547
  census BuildMOTD=5547
  census LinkActors=5547
  census CheckEndGame_BD=5547
  census OnHudPostRender_MH=5547
  census DrawSpectatingHud=5547
  census DrawSensi_JW=5547
  census DisplayMessages=5547
  census DrawETC=5547
  census DrawKillAnim=5547
  census RenderOverlays=5547
  census PostDrawHud=5547
  census DrawTimer=5547
  census DrawTeamScore=5547
  census Timer=34
  census UpdatePlayerLocation=3
  census ConsoleCommand=1
[2026-09-22T10:51:23.475Z] pid=67288 window_ms=5000 calls=203895 ServerFire=0 ClientFire=0 unresolved=0 distinct_names=33
  census Tick=27550
  census GetLocalPlayerController=16528
  census PlayerTick=11020
  census RealTick=5510
  census ProcessPushMoveGMCamera_BD=5510
  census IsMeGM_BD=5510
  census SetTwoSceanFov_JW=5510
  census GetPhysicsVolume=5510
  census SetWaterRefraction_JB=5510
  census HandleWalking=5510
  census IsSpectating=5510
  census PlayerMove=5510
  census CheckGameHistory=5510
  census UpdateChat=5510
  census PlayerCalcView=5510
  census CacheCalcView=5510
  census PostRender=5509
  census BuildMOTD=5509
  census LinkActors=5509
  census CheckEndGame_BD=5509
  census OnHudPostRender_MH=5509
  census DrawSpectatingHud=5509
  census DrawSensi_JW=5509
  census DisplayMessages=5509
  census DrawETC=5509
  census DrawKillAnim=5509
  census RenderOverlays=5509
  census PostDrawHud=5509
  census DrawTimer=5509
  census DrawTeamScore=5509
  census Timer=36
  census UpdatePlayerLocation=3
  census ConsoleCommand=2
[2026-09-22T10:51:28.476Z] pid=67288 window_ms=5001 calls=205885 ServerFire=0 ClientFire=0 unresolved=0 distinct_names=33
  census Tick=27815
  census GetLocalPlayerController=16691
  census PlayerTick=11126
  census PostRender=5564
  census BuildMOTD=5564
  census LinkActors=5564
  census CheckEndGame_BD=5564
  census OnHudPostRender_MH=5564
  census DrawSpectatingHud=5564
  census DrawSensi_JW=5564
  census DisplayMessages=5564
  census DrawETC=5564
  census DrawKillAnim=5564
  census RenderOverlays=5564
  census PostDrawHud=5564
  census DrawTimer=5564
  census DrawTeamScore=5564
  census RealTick=5563
  census ProcessPushMoveGMCamera_BD=5563
  census IsMeGM_BD=5563
  census SetTwoSceanFov_JW=5563
  census GetPhysicsVolume=5563
  census SetWaterRefraction_JB=5563
  census HandleWalking=5563
  census IsSpectating=5563
  census PlayerMove=5563
  census CheckGameHistory=5563
  census UpdateChat=5563
  census PlayerCalcView=5563
  census CacheCalcView=5563
  census Timer=34
  census UpdatePlayerLocation=3
  census ConsoleCommand=1
[2026-09-22T10:51:33.654Z] pid=67288 window_ms=5178 calls=179625 ServerFire=0 ClientFire=0 unresolved=0 distinct_names=47
  census Tick=24265
  census GetLocalPlayerController=14559
  census PlayerTick=9706
  census RealTick=4853
  census ProcessPushMoveGMCamera_BD=4853
  census IsMeGM_BD=4853
  census SetTwoSceanFov_JW=4853
  census GetPhysicsVolume=4853
  census SetWaterRefraction_JB=4853
  census HandleWalking=4853
  census IsSpectating=4853
  census PlayerMove=4853
  census CheckGameHistory=4853
  census UpdateChat=4853
  census PlayerCalcView=4853
  census CacheCalcView=4853
  census PostRender=4853
  census BuildMOTD=4853
  census LinkActors=4853
  census CheckEndGame_BD=4853
  census OnHudPostRender_MH=4853
  census DrawSpectatingHud=4853
  census DrawSensi_JW=4853
  census DisplayMessages=4853
  census DrawETC=4853
  census DrawKillAnim=4853
  census RenderOverlays=4853
  census PostDrawHud=4853
  census DrawTimer=4853
  census DrawTeamScore=4853
  census Timer=31
  census Destroyed=8
  census LostChild=6
  census RemoveFromTeam=3
  census UpdatePlayerLocation=2
  census Logout=2
  census NotifyLogout=2
  census UnPressButtons=1
  census ResetInput=1
  census ConsoleCommand=1
  census EndState=1
  census DWeapon_Delete_ALL_JW=1
  census TeachToMineOwner=1
  census TeachToTrapOwner=1
  census TeachToSNTOwner=1
  census ClientClearSNTList_UJ=1
  census RemovePRI=1
[2026-09-22T10:51:38.808Z] pid=67288 window_ms=5154 calls=0 ServerFire=0 ClientFire=0 unresolved=0 distinct_names=0
[2026-09-22T10:51:47.399Z] pid=65756 script loaded; waiting for Engine.dll / Core.dll
[2026-09-22T10:51:49.462Z] pid=65756 module Engine.dll appeared, base=0x2dc0000
[2026-09-22T10:51:49.462Z] pid=65756 script loaded, Engine.dll base=0x2dc0000 Core.dll base=0x10100000 ProcessRemoteFunction@0x2fe34b0 verbose=false
[2026-09-22T10:51:54.561Z] pid=65756 window_ms=5098 calls=435 ServerFire=0 ClientFire=0 unresolved=0 distinct_names=75
  census GrabOption=46
  census PostBeginPlay=40
  census ParseOption=39
  census ConsoleCommand=33
  census PreBeginPlay=30
  census PostNetBeginPlay=22
  census BeginPlay=21
  census SetInitialState=21
  census CheckRelevance=17
  census AlwaysKeep=17
  census IsRelevant=17
  census CheckReplacement=17
  census DynamicLoadObject=12
  census GetIntOption=7
  census HasOption=7
  census GainedChild=6
  census LinkToSkybox=4
  census BeginState=3
  census InitGame=2
  census AddMutator=2
  census AllowMutator=2
  census MutatorIsAllowed=2
  census IsDemoBuild=2
  census SetGameSpeed=2
  census InitMaplistHandler=2
  census SetGrammar=2
  census InitGameReplicationInfo=2
  census InitLogging=2
  census SetOption=2
  census GetLocalPlayerController=2
  census DetailChange=2
  census StripColor=2
  census SetPlayerName=2
  census EndState=2
  census SetWaitingPlayer=2
  census InitInputSystem=2
  census PostLogin=2
  census AllowGameSpeedChange=1
  census InitializeFor=1
  census SetActions=1
  census ValidAction=1
  census Login=1
  census ModifyLogin=1
  census AtCapacity=1
  census PickTeam=1
  census FindPlayerStart=1
  census RatePlayerStart=1
  census FixFOV=1
  census SetViewTarget=1
  census AddCheats=1
  census SetSensitivity=1
  census SpawnPlayerReplication=1
  census Timer=1
  census UpdatePlayerLocation=1
  census AddPRI=1
  census InitPlayerReplicationInfo=1
  census ChangeName=1
  census SetPawnClass=1
  census ChangeTeam=1
  census ServerSetReadyToStart=1
  census ClientSetHUD=1
  census LinkActors=1
  census CreateKeyMenus=1
  census SetScoreBoardClass=1
  census ClientSetInitialMusic=1
  census ClientSetMusic=1
  census StopAllMusic=1
  census PlayMusic=1
  census SetWeaponViewShake=1
  census ClientSetWeaponViewShake=1
  census ClientCapBandwidth=1
  census NotifyLogin=1
  census GetPlayerControllerList=1
  census ServerRequestBanInfo=1
  census TriggerEvent=1
[2026-09-22T10:51:59.713Z] pid=65756 window_ms=5151 calls=31280 ServerFire=0 ClientFire=0 unresolved=0 distinct_names=191
  census Tick=3821
  census GetLocalPlayerController=2294
  census PlayerTick=1531
  census PostRender=768
  census LinkActors=768
  census HandleWalking=767
  census IsSpectating=767
  census PlayerMove=767
  census BuildMOTD=766
  census OnHudPostRender_MH=766
  census DrawSpectatingHud=766
  census DisplayMessages=766
  census RenderOverlays=766
  census PostDrawHud=766
  census IsMeGM_BD=766
  census PlayerCalcView=765
  census CacheCalcView=765
  census RealTick=764
  census ProcessPushMoveGMCamera_BD=764
  census SetTwoSceanFov_JW=764
  census GetPhysicsVolume=764
  census SetWaterRefraction_JB=764
  census CheckGameHistory=764
  census UpdateChat=764
  census CheckEndGame_BD=764
  census DrawSensi_JW=764
  census DrawETC=764
  census DrawKillAnim=764
  census DrawTimer=764
  census DrawTeamScore=764
  census PostBeginPlay=241
  census AddPrecacheMaterial=178
  census PreBeginPlay=172
  census UpdatePrecacheStaticMeshes=165
  census UpdatePrecacheMaterials=163
  census BeginPlay=159
  census PostNetBeginPlay=159
  census SetInitialState=157
  census CheckRelevance=151
  census AlwaysKeep=151
  census IsRelevant=151
  census CheckReplacement=151
  census GrabOption=121
  census DynamicLoadObject=116
  census UpdateProgress_BD=101
  census GetKeyValue=78
  census ConsoleCommand=71
  census AddPrecacheStaticMesh=46
  census ParseOption=39
  census RatePlayerStart=32
  census GetStationFromList=24
  census ZoneChange=20
  census UpdateFlashComponent=12
  census GainedChild=12
  census ActorLeaving=11
  census ActorEntered=11
  census LinkToSkybox=9
  census Timer=9
  census Destroyed=9
  census BeginState=8
  census GetIntOption=7
  census LostChild=6
  census EndState=5
  census HasOption=5
  census StripColor=4
  census SetPlayerName=4
  census SetWaitingPlayer=4
  census StaticLoadTexture_MH=4
  census InitGameReplicationInfo=4
  census ServerShortTimeout=3
  census ResetTimeMargin=3
  census UpdateRotation=3
  census ViewShake=3
  census ViewFlash=3
  census ProcessMove=3
  census Login=3
  census FindPlayerStart=3
  census SetViewTarget=3
  census SetSensitivity=3
  census InitInputSystem=3
  census PostLogin=3
  census GetPlayerControllerList=3
  census InitGame=3
  census AddWeaponBulletInfo_BD=3
  census DetailChange=2
  census SetGrammar=2
  census InitForNextAction=2
  census SetActions=2
  census ValidAction=2
  census FillPrecacheMaterialsArray=2
  census FillPrecacheStaticMeshesArray=2
  census PrecacheGameStaticMeshes=2
  census WorldSpaceOverlays=2
  census OnBuildMOTD=2
  census SetProgressTime=2
  census DrawLevelAction=2
  census DisplayProgressMessages=2
  census LoadProgressFont=2
  census GetConsoleFont=2
  census LoadFontStatic=2
  census GameEnding=2
  census EndLogging=2
  census IsPendingConnection=2
  census ModifyLogin=2
  census PickTeam=2
  census FixFOV=2
  census AddCheats=2
  census SpawnPlayerReplication=2
  census UpdatePlayerLocation=2
  census AddPRI=2
  census InitPlayerReplicationInfo=2
  census ChangeName=2
  census ChangeTeam=2
  census ClientSetHUD=2
  census CreateKeyMenus=2
  census SetScoreBoardClass=2
  census SetWeaponViewShake=2
  census ClientSetWeaponViewShake=2
  census ClientCapBandwidth=2
  census NotifyLogin=2
  census ServerRequestBanInfo=2
  census Init=2
  census NotifyLogout=2
  census SetGameSpeed=2
  census AllowGameSpeedChange=2
  census InitLogging=2
  census GetBotTeam=2
  census Initialize=2
  census SetObjectiveLists=2
  census AllBotsSpawned=2
  census OverrideInitialBots=2
  census AllOverFindway=2
  census CalcNodeSort_CorefDefence=2
  census AddToTeam=2
  census StartMatch=2
  census ClearAnimation=1
  census CompleteAction=1
  census ClientOpenMenu=1
  census UnPressButtons=1
  census ResetInput=1
  census PlayOwnedSound=1
  census LeaveScripting=1
  census AtCapacity=1
  census SetPawnClass=1
  census SetImage=1
  census GetMapMaterial_BD=1
  census Logout=1
  census RemovePRI=1
  census AddMutator=1
  census AllowMutator=1
  census MutatorIsAllowed=1
  census InitMaplistHandler=1
  census InitializeMaplistRecords=1
  census GetPerObjectNames=1
  census InitializeActiveLists=1
  census LoadSRGrammar=1
  census PreSetOpPlayNum=1
  census GetTotalSceneTime=1
  census SetOption=1
  census SpawnActor_MH=1
  census GetRedTeam=1
  census GetBlueTeam=1
  census PreLoadAllMesh_BD=1
  census FindActorFromName_BD=1
  census EnableTrigger=1
  census FillCameraList=1
  census SetOwnerPC=1
  census LoadAllMyTeamSkin=1
  census InitializeController_JW=1
  census InitChatPenalty_YC=1
  census SetNoInputState_JW=1
  census SetMotionBlur_JW=1
  census SetRadialBlur_JB=1
  census POVChanged=1
  census ServerSetClassicTrans=1
  census BelongsOnTeam=1
  census SpawnFromReconnectInfo_BD=1
  census FindReconnectInfo_BD=1
  census ReconnectPawnInfoSelect=1
  census LoginOptions=1
  census UnPauseGame_BD=1
  census ServerPlayerSelect_MH=1
  census SetDeadCamera_JB=1
  census ClientGotoState=1
  census ServerSetReadyToStart=1
  census SetMiniMapInfo=1
  census SetUpRadarInfo=1
  census ClientReceiveLoginMenu=1
  census InvertMouse=1
  census EnableAllAmbientSound_BD=1
  census GetGameModeIndex_YC=1
[2026-09-22T10:52:04.793Z] pid=65756 window_ms=5080 calls=245479 ServerFire=0 ClientFire=0 unresolved=0 distinct_names=36
  census Tick=33165
  census GetLocalPlayerController=19899
  census PlayerTick=13266
  census PostRender=6633
  census BuildMOTD=6633
  census LinkActors=6633
  census CheckEndGame_BD=6633
  census OnHudPostRender_MH=6633
  census DrawSpectatingHud=6633
  census DrawSensi_JW=6633
  census DisplayMessages=6633
  census DrawETC=6633
  census DrawKillAnim=6633
  census RenderOverlays=6633
  census PostDrawHud=6633
  census DrawTimer=6633
  census DrawTeamScore=6633
  census RealTick=6633
  census ProcessPushMoveGMCamera_BD=6633
  census IsMeGM_BD=6633
  census SetTwoSceanFov_JW=6633
  census GetPhysicsVolume=6633
  census SetWaterRefraction_JB=6633
  census HandleWalking=6633
  census IsSpectating=6633
  census PlayerMove=6633
  census CheckGameHistory=6633
  census UpdateChat=6633
  census PlayerCalcView=6633
  census CacheCalcView=6633
  census Timer=46
  census UpdatePlayerLocation=3
  census ConsoleCommand=3
  census PlayOwnedSound=2
  census UnPressButtons=2
  census ResetInput=2
[2026-09-22T10:52:09.945Z] pid=65756 window_ms=5152 calls=592444 ServerFire=0 ClientFire=0 unresolved=0 distinct_names=33
  census Tick=80049
  census GetLocalPlayerController=48030
  census PlayerTick=32020
  census PostRender=16010
  census BuildMOTD=16010
  census LinkActors=16010
  census CheckEndGame_BD=16010
  census OnHudPostRender_MH=16010
  census DrawSpectatingHud=16010
  census DrawSensi_JW=16010
  census DisplayMessages=16010
  census DrawETC=16010
  census DrawKillAnim=16010
  census RenderOverlays=16010
  census PostDrawHud=16010
  census DrawTimer=16010
  census DrawTeamScore=16010
  census RealTick=16010
  census ProcessPushMoveGMCamera_BD=16010
  census IsMeGM_BD=16010
  census SetTwoSceanFov_JW=16010
  census GetPhysicsVolume=16010
  census SetWaterRefraction_JB=16010
  census HandleWalking=16010
  census IsSpectating=16010
  census PlayerMove=16010
  census CheckGameHistory=16010
  census UpdateChat=16009
  census PlayerCalcView=16009
  census CacheCalcView=16009
  census Timer=70
  census UpdatePlayerLocation=6
  census ConsoleCommand=2
[2026-09-22T10:52:14.945Z] pid=65756 window_ms=5000 calls=624801 ServerFire=0 ClientFire=0 unresolved=0 distinct_names=32
  census Tick=84421
  census GetLocalPlayerController=50654
  census PlayerTick=33768
  census UpdateChat=16885
  census PlayerCalcView=16885
  census CacheCalcView=16885
  census PostRender=16885
  census BuildMOTD=16885
  census LinkActors=16885
  census CheckEndGame_BD=16885
  census OnHudPostRender_MH=16885
  census DrawSpectatingHud=16885
  census DrawSensi_JW=16885
  census DisplayMessages=16885
  census DrawETC=16884
  census DrawKillAnim=16884
  census RenderOverlays=16884
  census PostDrawHud=16884
  census DrawTimer=16884
  census DrawTeamScore=16884
  census RealTick=16884
  census ProcessPushMoveGMCamera_BD=16884
  census IsMeGM_BD=16884
  census SetTwoSceanFov_JW=16884
  census GetPhysicsVolume=16884
  census SetWaterRefraction_JB=16884
  census HandleWalking=16884
  census IsSpectating=16884
  census PlayerMove=16884
  census CheckGameHistory=16884
  census Timer=73
  census UpdatePlayerLocation=6
[2026-09-22T10:52:19.946Z] pid=65756 window_ms=5001 calls=593105 ServerFire=0 ClientFire=0 unresolved=0 distinct_names=33
  census Tick=80140
  census GetLocalPlayerController=48082
  census PlayerTick=32056
  census DrawETC=16028
  census DrawKillAnim=16028
  census RenderOverlays=16028
  census PostDrawHud=16028
  census DrawTimer=16028
  census DrawTeamScore=16028
  census RealTick=16028
  census ProcessPushMoveGMCamera_BD=16028
  census IsMeGM_BD=16028
  census SetTwoSceanFov_JW=16028
  census GetPhysicsVolume=16028
  census SetWaterRefraction_JB=16028
  census HandleWalking=16028
  census IsSpectating=16028
  census PlayerMove=16028
  census CheckGameHistory=16028
  census UpdateChat=16028
  census PlayerCalcView=16028
  census CacheCalcView=16028
  census PostRender=16027
  census BuildMOTD=16027
  census LinkActors=16027
  census CheckEndGame_BD=16027
  census OnHudPostRender_MH=16027
  census DrawSpectatingHud=16027
  census DrawSensi_JW=16027
  census DisplayMessages=16027
  census Timer=70
  census UpdatePlayerLocation=6
  census ConsoleCommand=3
[2026-09-22T10:52:25.091Z] pid=65756 window_ms=5145 calls=569838 ServerFire=0 ClientFire=0 unresolved=0 distinct_names=35
  census Tick=76995
  census GetLocalPlayerController=46198
  census PlayerTick=30798
  census IsSpectating=15400
  census PostRender=15399
  census BuildMOTD=15399
  census LinkActors=15399
  census CheckEndGame_BD=15399
  census OnHudPostRender_MH=15399
  census DrawSpectatingHud=15399
  census DrawSensi_JW=15399
  census DisplayMessages=15399
  census DrawETC=15399
  census DrawKillAnim=15399
  census RenderOverlays=15399
  census PostDrawHud=15399
  census DrawTimer=15399
  census DrawTeamScore=15399
  census RealTick=15399
  census ProcessPushMoveGMCamera_BD=15399
  census IsMeGM_BD=15399
  census SetTwoSceanFov_JW=15399
  census GetPhysicsVolume=15399
  census SetWaterRefraction_JB=15399
  census HandleWalking=15399
  census PlayerMove=15399
  census CheckGameHistory=15399
  census UpdateChat=15399
  census PlayerCalcView=15399
  census CacheCalcView=15399
  census Timer=65
  census UpdatePlayerLocation=5
  census RadioChat_Sel=1
  census IsSelect_Radio=1
  census ConsoleCommand=1
[2026-09-22T10:52:30.092Z] pid=65756 window_ms=5001 calls=598443 ServerFire=0 ClientFire=0 unresolved=0 distinct_names=33
  census Tick=80860
  census GetLocalPlayerController=48516
  census PlayerTick=32344
  census PostRender=16172
  census BuildMOTD=16172
  census LinkActors=16172
  census CheckEndGame_BD=16172
  census OnHudPostRender_MH=16172
  census DrawSpectatingHud=16172
  census DrawSensi_JW=16172
  census DisplayMessages=16172
  census DrawETC=16172
  census DrawKillAnim=16172
  census RenderOverlays=16172
  census PostDrawHud=16172
  census DrawTimer=16172
  census DrawTeamScore=16172
  census RealTick=16172
  census ProcessPushMoveGMCamera_BD=16172
  census IsMeGM_BD=16172
  census SetTwoSceanFov_JW=16172
  census GetPhysicsVolume=16172
  census SetWaterRefraction_JB=16172
  census HandleWalking=16172
  census IsSpectating=16172
  census PlayerMove=16172
  census CheckGameHistory=16172
  census UpdateChat=16172
  census PlayerCalcView=16172
  census CacheCalcView=16172
  census Timer=70
  census UpdatePlayerLocation=6
  census ConsoleCommand=3
[2026-09-22T10:52:35.092Z] pid=65756 window_ms=5000 calls=560317 ServerFire=0 ClientFire=0 unresolved=0 distinct_names=33
  census Tick=75707
  census GetLocalPlayerController=45426
  census PlayerTick=30284
  census PostRender=15142
  census BuildMOTD=15142
  census LinkActors=15142
  census CheckEndGame_BD=15142
  census OnHudPostRender_MH=15142
  census DrawSpectatingHud=15142
  census DrawSensi_JW=15142
  census DisplayMessages=15142
  census DrawETC=15142
  census DrawKillAnim=15142
  census RenderOverlays=15142
  census PostDrawHud=15142
  census DrawTimer=15142
  census DrawTeamScore=15142
  census RealTick=15142
  census ProcessPushMoveGMCamera_BD=15142
  census IsMeGM_BD=15142
  census SetTwoSceanFov_JW=15142
  census GetPhysicsVolume=15142
  census SetWaterRefraction_JB=15142
  census HandleWalking=15142
  census IsSpectating=15142
  census PlayerMove=15141
  census CheckGameHistory=15141
  census UpdateChat=15141
  census PlayerCalcView=15141
  census CacheCalcView=15141
  census Timer=65
  census UpdatePlayerLocation=5
  census ConsoleCommand=1
[2026-09-22T10:52:40.092Z] pid=65756 window_ms=5000 calls=580061 ServerFire=0 ClientFire=0 unresolved=0 distinct_names=33
  census Tick=78378
  census GetLocalPlayerController=47025
  census PlayerTick=31350
  census PlayerMove=15676
  census CheckGameHistory=15676
  census UpdateChat=15676
  census PlayerCalcView=15676
  census CacheCalcView=15676
  census PostRender=15676
  census BuildMOTD=15676
  census LinkActors=15676
  census CheckEndGame_BD=15675
  census OnHudPostRender_MH=15675
  census DrawSpectatingHud=15675
  census DrawSensi_JW=15675
  census DisplayMessages=15675
  census DrawETC=15675
  census DrawKillAnim=15675
  census RenderOverlays=15675
  census PostDrawHud=15675
  census DrawTimer=15675
  census DrawTeamScore=15675
  census RealTick=15675
  census ProcessPushMoveGMCamera_BD=15675
  census IsMeGM_BD=15675
  census SetTwoSceanFov_JW=15675
  census GetPhysicsVolume=15675
  census SetWaterRefraction_JB=15675
  census HandleWalking=15675
  census IsSpectating=15675
  census Timer=68
  census UpdatePlayerLocation=5
  census ConsoleCommand=2
[2026-09-22T10:52:45.242Z] pid=65756 window_ms=5150 calls=358443 ServerFire=0 ClientFire=0 unresolved=0 distinct_names=53
  census Tick=48345
  census GetLocalPlayerController=29010
  census PlayerTick=19338
  census CheckEndGame_BD=9670
  census OnHudPostRender_MH=9670
  census DrawSpectatingHud=9670
  census DrawSensi_JW=9670
  census DisplayMessages=9670
  census DrawETC=9670
  census DrawKillAnim=9670
  census RenderOverlays=9670
  census PostDrawHud=9670
  census DrawTimer=9670
  census DrawTeamScore=9670
  census RealTick=9669
  census ProcessPushMoveGMCamera_BD=9669
  census IsMeGM_BD=9669
  census SetTwoSceanFov_JW=9669
  census GetPhysicsVolume=9669
  census SetWaterRefraction_JB=9669
  census HandleWalking=9669
  census IsSpectating=9669
  census PlayerMove=9669
  census CheckGameHistory=9669
  census UpdateChat=9669
  census PlayerCalcView=9669
  census CacheCalcView=9669
  census PostRender=9669
  census BuildMOTD=9669
  census LinkActors=9669
  census AddPrecacheMaterial=178
  census UpdatePrecacheStaticMeshes=152
  census UpdatePrecacheMaterials=151
  census ConsoleCommand=73
  census Timer=52
  census AddPrecacheStaticMesh=46
  census UpdatePlayerLocation=4
  census PlayOwnedSound=3
  census UnPressButtons=2
  census ResetInput=2
  census ClientPlaySound=1
  census ClientHearSound=1
  census ClientSetInitialMusic=1
  census ClientSetMusic=1
  census StopAllMusic=1
  census PlayMusic=1
  census InstantTeamSkinChange_JW=1
  census InvertMouse=1
  census SetSensitivity=1
  census FillPrecacheMaterialsArray=1
  census FillPrecacheStaticMeshesArray=1
  census PrecacheGameStaticMeshes=1
  census EnableAllAmbientSound_BD=1
[2026-09-22T10:52:50.242Z] pid=65756 window_ms=5000 calls=287705 ServerFire=0 ClientFire=0 unresolved=0 distinct_names=33
  census Tick=38870
  census GetLocalPlayerController=23324
  census PlayerTick=15548
  census PostRender=7775
  census BuildMOTD=7775
  census LinkActors=7775
  census CheckEndGame_BD=7775
  census OnHudPostRender_MH=7775
  census DrawSpectatingHud=7775
  census DrawSensi_JW=7775
  census DisplayMessages=7775
  census DrawETC=7775
  census DrawKillAnim=7775
  census RenderOverlays=7775
  census PostDrawHud=7775
  census DrawTimer=7775
  census DrawTeamScore=7775
  census RealTick=7774
  census ProcessPushMoveGMCamera_BD=7774
  census IsMeGM_BD=7774
  census SetTwoSceanFov_JW=7774
  census GetPhysicsVolume=7774
  census SetWaterRefraction_JB=7774
  census HandleWalking=7774
  census IsSpectating=7774
  census PlayerMove=7774
  census CheckGameHistory=7774
  census UpdateChat=7774
  census PlayerCalcView=7774
  census CacheCalcView=7774
  census Timer=44
  census UpdatePlayerLocation=4
  census ConsoleCommand=3
[2026-09-22T10:52:55.243Z] pid=65756 window_ms=5001 calls=274423 ServerFire=0 ClientFire=0 unresolved=0 distinct_names=36
  census Tick=37080
  census GetLocalPlayerController=22246
  census PlayerTick=14832
  census RealTick=7416
  census ProcessPushMoveGMCamera_BD=7416
  census IsMeGM_BD=7416
  census SetTwoSceanFov_JW=7416
  census GetPhysicsVolume=7416
  census SetWaterRefraction_JB=7416
  census HandleWalking=7416
  census IsSpectating=7416
  census PlayerMove=7416
  census CheckGameHistory=7416
  census UpdateChat=7416
  census PlayerCalcView=7416
  census CacheCalcView=7415
  census PostRender=7415
  census BuildMOTD=7415
  census LinkActors=7415
  census CheckEndGame_BD=7415
  census OnHudPostRender_MH=7415
  census DrawSpectatingHud=7415
  census DrawSensi_JW=7415
  census DisplayMessages=7415
  census DrawETC=7415
  census DrawKillAnim=7415
  census RenderOverlays=7415
  census PostDrawHud=7415
  census DrawTimer=7415
  census DrawTeamScore=7415
  census Timer=39
  census UpdatePlayerLocation=3
  census ClientPlaySound=2
  census ClientHearSound=2
  census PlayOwnedSound=1
  census ConsoleCommand=1
[2026-09-22T10:53:00.243Z] pid=65756 window_ms=5000 calls=261437 ServerFire=0 ClientFire=0 unresolved=0 distinct_names=35
  census Tick=35320
  census GetLocalPlayerController=21194
  census PlayerTick=14128
  census CacheCalcView=7065
  census PostRender=7065
  census BuildMOTD=7065
  census LinkActors=7065
  census CheckEndGame_BD=7065
  census OnHudPostRender_MH=7065
  census DrawSpectatingHud=7065
  census DrawSensi_JW=7065
  census DisplayMessages=7065
  census DrawETC=7065
  census DrawKillAnim=7065
  census RenderOverlays=7065
  census PostDrawHud=7065
  census DrawTimer=7065
  census DrawTeamScore=7065
  census RealTick=7064
  census ProcessPushMoveGMCamera_BD=7064
  census IsMeGM_BD=7064
  census SetTwoSceanFov_JW=7064
  census GetPhysicsVolume=7064
  census SetWaterRefraction_JB=7064
  census HandleWalking=7064
  census IsSpectating=7064
  census PlayerMove=7064
  census CheckGameHistory=7064
  census UpdateChat=7064
  census PlayerCalcView=7064
  census Timer=41
  census UpdatePlayerLocation=4
  census ConsoleCommand=3
  census ClientPlaySound=2
  census ClientHearSound=2
[2026-09-22T10:53:05.243Z] pid=65756 window_ms=5000 calls=261561 ServerFire=0 ClientFire=0 unresolved=0 distinct_names=32
  census Tick=35340
  census GetLocalPlayerController=21204
  census PlayerTick=14136
  census RealTick=7068
  census ProcessPushMoveGMCamera_BD=7068
  census IsMeGM_BD=7068
  census SetTwoSceanFov_JW=7068
  census GetPhysicsVolume=7068
  census SetWaterRefraction_JB=7068
  census HandleWalking=7068
  census IsSpectating=7068
  census PlayerMove=7068
  census CheckGameHistory=7068
  census UpdateChat=7068
  census PlayerCalcView=7068
  census CacheCalcView=7068
  census PostRender=7068
  census BuildMOTD=7068
  census LinkActors=7068
  census CheckEndGame_BD=7068
  census OnHudPostRender_MH=7068
  census DrawSpectatingHud=7068
  census DrawSensi_JW=7068
  census DisplayMessages=7068
  census DrawETC=7068
  census DrawKillAnim=7068
  census RenderOverlays=7068
  census PostDrawHud=7068
  census DrawTimer=7068
  census DrawTeamScore=7068
  census Timer=42
  census UpdatePlayerLocation=3
[2026-09-22T10:53:10.244Z] pid=65756 window_ms=5001 calls=205537 ServerFire=0 ClientFire=0 unresolved=0 distinct_names=40
  census Tick=27770
  census GetLocalPlayerController=16660
  census PlayerTick=11108
  census RealTick=5554
  census ProcessPushMoveGMCamera_BD=5554
  census IsMeGM_BD=5554
  census SetTwoSceanFov_JW=5554
  census GetPhysicsVolume=5554
  census SetWaterRefraction_JB=5554
  census HandleWalking=5554
  census IsSpectating=5554
  census PlayerMove=5554
  census CheckGameHistory=5554
  census UpdateChat=5554
  census PlayerCalcView=5554
  census CacheCalcView=5554
  census PostRender=5553
  census BuildMOTD=5553
  census LinkActors=5553
  census CheckEndGame_BD=5553
  census OnHudPostRender_MH=5553
  census DrawSpectatingHud=5553
  census DrawSensi_JW=5553
  census DisplayMessages=5553
  census DrawETC=5553
  census DrawKillAnim=5553
  census RenderOverlays=5553
  census PostDrawHud=5553
  census DrawTimer=5553
  census DrawTeamScore=5553
  census Timer=34
  census PlayOwnedSound=4
  census UpdatePlayerLocation=3
  census StopAllMusic=3
  census ClientPlaySound=2
  census ClientHearSound=2
  census UnPressButtons=2
  census ResetInput=2
  census PlayPrimarySound_BD=2
  census ConsoleCommand=1
[2026-09-22T10:53:15.244Z] pid=65756 window_ms=5000 calls=202852 ServerFire=0 ClientFire=0 unresolved=0 distinct_names=33
  census Tick=27405
  census GetLocalPlayerController=16445
  census PlayerTick=10962
  census PostRender=5482
  census BuildMOTD=5482
  census LinkActors=5482
  census CheckEndGame_BD=5482
  census OnHudPostRender_MH=5482
  census DrawSpectatingHud=5482
  census DrawSensi_JW=5482
  census DisplayMessages=5482
  census DrawETC=5482
  census DrawKillAnim=5482
  census RenderOverlays=5482
  census PostDrawHud=5482
  census DrawTimer=5482
  census DrawTeamScore=5482
  census RealTick=5481
  census ProcessPushMoveGMCamera_BD=5481
  census IsMeGM_BD=5481
  census SetTwoSceanFov_JW=5481
  census GetPhysicsVolume=5481
  census SetWaterRefraction_JB=5481
  census HandleWalking=5481
  census IsSpectating=5481
  census PlayerMove=5481
  census CheckGameHistory=5481
  census UpdateChat=5481
  census PlayerCalcView=5481
  census CacheCalcView=5481
  census Timer=36
  census UpdatePlayerLocation=2
  census ConsoleCommand=1
[2026-09-22T10:53:20.244Z] pid=65756 window_ms=5000 calls=209866 ServerFire=0 ClientFire=0 unresolved=0 distinct_names=34
  census Tick=28355
  census GetLocalPlayerController=17013
  census PlayerTick=11342
  census RealTick=5671
  census ProcessPushMoveGMCamera_BD=5671
  census IsMeGM_BD=5671
  census SetTwoSceanFov_JW=5671
  census GetPhysicsVolume=5671
  census SetWaterRefraction_JB=5671
  census HandleWalking=5671
  census IsSpectating=5671
  census PlayerMove=5671
  census CheckGameHistory=5671
  census UpdateChat=5671
  census PlayerCalcView=5671
  census CacheCalcView=5671
  census PostRender=5671
  census BuildMOTD=5671
  census LinkActors=5671
  census CheckEndGame_BD=5671
  census OnHudPostRender_MH=5671
  census DrawSpectatingHud=5671
  census DrawSensi_JW=5671
  census DisplayMessages=5671
  census DrawETC=5671
  census DrawKillAnim=5671
  census RenderOverlays=5671
  census PostDrawHud=5671
  census DrawTimer=5671
  census DrawTeamScore=5671
  census Timer=34
  census UpdatePlayerLocation=3
  census PlayOwnedSound=1
  census ConsoleCommand=1
[2026-09-22T10:53:25.244Z] pid=65756 window_ms=5000 calls=206612 ServerFire=0 ClientFire=0 unresolved=0 distinct_names=33
  census Tick=27915
  census GetLocalPlayerController=16749
  census PlayerTick=11166
  census RealTick=5583
  census ProcessPushMoveGMCamera_BD=5583
  census IsMeGM_BD=5583
  census SetTwoSceanFov_JW=5583
  census GetPhysicsVolume=5583
  census SetWaterRefraction_JB=5583
  census HandleWalking=5583
  census IsSpectating=5583
  census PlayerMove=5583
  census CheckGameHistory=5583
  census UpdateChat=5583
  census PlayerCalcView=5583
  census CacheCalcView=5583
  census PostRender=5583
  census BuildMOTD=5583
  census LinkActors=5583
  census CheckEndGame_BD=5583
  census OnHudPostRender_MH=5583
  census DrawSpectatingHud=5583
  census DrawSensi_JW=5583
  census DisplayMessages=5583
  census DrawETC=5583
  census DrawKillAnim=5583
  census RenderOverlays=5583
  census PostDrawHud=5583
  census DrawTimer=5583
  census DrawTeamScore=5583
  census Timer=37
  census UpdatePlayerLocation=3
  census ConsoleCommand=1
[2026-09-22T10:53:30.245Z] pid=65756 window_ms=5001 calls=165281 ServerFire=0 ClientFire=0 unresolved=0 distinct_names=63
  census Tick=22300
  census GetLocalPlayerController=13378
  census PlayerTick=8920
  census RealTick=4460
  census ProcessPushMoveGMCamera_BD=4460
  census IsMeGM_BD=4460
  census SetTwoSceanFov_JW=4460
  census GetPhysicsVolume=4460
  census SetWaterRefraction_JB=4460
  census HandleWalking=4460
  census IsSpectating=4460
  census PlayerMove=4460
  census CheckGameHistory=4460
  census UpdateChat=4460
  census PlayerCalcView=4459
  census CacheCalcView=4459
  census PostRender=4459
  census BuildMOTD=4459
  census LinkActors=4459
  census CheckEndGame_BD=4459
  census OnHudPostRender_MH=4459
  census DrawSpectatingHud=4459
  census DrawSensi_JW=4459
  census DisplayMessages=4459
  census DrawETC=4459
  census DrawKillAnim=4459
  census RenderOverlays=4459
  census PostDrawHud=4459
  census DrawTimer=4459
  census DrawTeamScore=4459
  census StaticLoadTexture_MH=101
  census DrawVignette=100
  census Timer=27
  census Destroyed=8
  census LostChild=6
  census ConsoleCommand=3
  census RemoveFromTeam=3
  census UpdatePlayerLocation=2
  census PlayOwnedSound=2
  census Init=2
  census Logout=2
  census NotifyLogout=2
  census ClientPlaySound=1
  census ClientHearSound=1
  census StopAllMusic=1
  census UnPressButtons=1
  census ResetInput=1
  census GameEnding=1
  census EndLogging=1
  census PreBeginPlay=1
  census BeginPlay=1
  census PostBeginPlay=1
  census SetInitialState=1
  census PostNetBeginPlay=1
  census SetImage=1
  census GetMapMaterial_BD=1
  census EndState=1
  census DWeapon_Delete_ALL_JW=1
  census TeachToMineOwner=1
  census TeachToTrapOwner=1
  census TeachToSNTOwner=1
  census ClientClearSNTList_UJ=1
  census RemovePRI=1
[2026-09-22T10:53:35.245Z] pid=65756 window_ms=5000 calls=229529 ServerFire=0 ClientFire=0 unresolved=0 distinct_names=344
  census Tick=23208
  census Tick_MH=20019
  census DeltaTimeCheck_JW=14558
  census SpawnUnit=9936
  census GetRespawnGroupByIndex=9936
  census GetMastActor=7281
  census IsMeAttackReady=7279
  census AIEMPProcess=7279
  census AIAttackHeadSpinProcess_JW=7279
  census GetLocalPlayerController=6703
  census IsMeGM_BD=5740
  census PostBeginPlay=4314
  census WorldSpaceOverlays=3832
  census PlayerTick=3824
  census UpdateFlashComponent=3824
  census DrawSkillInfo=3824
  census PostRender=2868
  census LoadFontStatic=2868
  census PreBeginPlay=2639
  census PostNetBeginPlay=2331
  census BeginPlay=2323
  census SetInitialState=2301
  census CheckRelevance=2296
  census AlwaysKeep=2296
  census IsRelevant=2296
  census CheckReplacement=2296
  census UpdatePrecacheMaterials=2262
  census UpdatePrecacheStaticMeshes=2259
  census DisplayMessages=1912
  census GetConsoleFont=1912
  census IsMeMoveTargetReady=1819
  census SetGameSpeed=958
  census LinkActors=957
  census InitializeFor=956
  census RealTick=956
  census ProcessPushMoveGMCamera_BD=956
  census SetTwoSceanFov_JW=956
  census GetPhysicsVolume=956
  census SetWaterRefraction_JB=956
  census HandleWalking=956
  census IsSpectating=956
  census PlayerMove=956
  census UpdateRotation=956
  census ViewShake=956
  census ViewFlash=956
  census ProcessMove=956
  census CheckRevieUser=956
  census CheckGameHistory=956
  census UpdateChat=956
  census GetNumLive=956
  census DrawATnDefLv=956
  census GetDefaultNumLive=956
  census BuildMOTD=956
  census CheckEndGame_BD=956
  census OnHudPostRender_MH=956
  census DrawSpectatingHud=956
  census IsInCinematic=956
  census DisplayLocalMessages=956
  census DrawSensi_JW=956
  census DisplayRecordEventMsg_BD=956
  census DisplayNoticeMessages_BD=956
  census GetMediumFontFor=956
  census DrawETC=956
  census DrawRadioMsg=956
  census DrawTextKillMessage=956
  census DrawRadioMenu_YC=956
  census IsSelect_Radio=956
  census DrawKillAnim=956
  census RenderOverlays=956
  census PostDrawHud=956
  census DrawTimer=956
  census DrawTeamScore=956
  census DrawPveIntro_YC=956
  census DrawLocalMessage_Sh=956
  census DrawBrief=956
  census DrawShortBriefing_BD=956
  census DrawMsg=956
  census PlayerCalcView=955
  census CacheCalcView=955
  census IsPlaySound_UJ=955
  census CalcBehindView=954
  census OrthoRotation=954
  census RatePlayerStart=774
  census DrawTextScript=687
  census GetStationFromList=410
  census GrabOption=334
  census Timer=307
  census GetKeyValue=306
  census AddPrecacheMaterial=214
  census ZoneChange=202
  census GetStartFromList=193
  census DynamicLoadObject=170
  census ActorLeaving=148
  census ActorEntered=148
  census PossessedBy=118
  census Touch=116
  census SetActions=112
  census ValidAction=112
  census SetTurretStart=101
  census UpdateProgress_BD=101
  census SpawnControllerFor=88
  census SetNewScript=88
  census Possess=82
  census Restart=82
  census ConsoleCommand=77
  census FindMapName=74
  census InitForNextAction=68
  census MayShootAtEnemy=68
  census AddPrecacheStaticMesh=57
  census SetMovementPhysics=56
  census PlayWaiting=52
  census SetWalking=50
  census WhatToDoNext=48
  census ExecuteWhatToDoNext=48
  census ScriptingOverridesAI=48
  census AssignSquadResponsibility=48
  census ShouldPerformScript=48
  census FreeScript=48
  census TakeOver=44
  census SetCombatTimer=44
  census TakeControlOf=44
  census ClearScript=44
  census ShouldCrouch=44
  census SetEnemyReaction=44
  census ClearAnimation=44
  census MayShootTarget=44
  census WeaponFireAgain=44
  census StopFiring=44
  census StopWeaponFiring=44
  census GetHP_JW=36
  census LinkToSkybox=34
  census GetItemName=30
  census ParseOption=28
  census SpawnActor_MH=28
  census Trigger=25
  census CompleteAction=24
  census LeaveScripting=24
  census PendingStasis=22
  census CreateShadow_JW=22
  census SetStaticMesh=19
  census BeginState=19
  census UpdatePlayerLocation=19
  census SetRespawnInfo=18
  census AddRespawnInfo=18
  census FindActorFromName_BD=18
  census AnimEnd=18
  census InitPlayerReplicationInfo=17
  census CreateIntelligence=16
  census GetTeamNum=16
  census SetTeam=16
  census TriggerEvent=15
  census GetNodeActor=13
  census SetMoveTarget_JW=13
  census CloseDoor=12
  census SetDrawType=12
  census SetDrawScale=12
  census SetDrawScale3D=12
  census FindPlayerStart=10
  census SetPlayerName=10
  census SetWeapon_Table=10
  census PlayFootStep=10
  census FootStepping=10
  census AddPRI=9
  census StaticLoadTexture_MH=9
  census GainedChild=8
  census SpawnPawn_BD=8
  census GetMrBot=8
  census GetAITeam_BD=8
  census RestartMRAI=8
  census GetSpawnPosition_BD=8
  census SetMesh_JW=8
  census LinkMesh=8
  census HeadVolumeChange=8
  census SetMastActor=8
  census IntelligenceSpawn=8
  census BoneRefresh=8
  census InitializeAIMech_JW=8
  census IntelligenceResetTeam_MH=8
  census SetMRAiControllerStarting_JW=8
  census SetAIInfo_JW=8
  census ChangeCollisionSetting_JW=8
  census SetAISkin=8
  census ChangeAnimation=8
  census PlayMoving=8
  census ClearTemporaryOrders=8
  census ClientSetRotation=8
  census SetRespawnNameTag_BD=8
  census NotifyLanded=8
  census BaseChange=8
  census GetTotalSceneTime=7
  census SetupGroundSpeed_JW=7
  census SetSpeedNowState=7
  census MoveTo_JW=7
  census DrawVignette=6
  census Landed=6
  census PlayLanded=6
  census TakeFallingDamage=6
  census PlayFootStepRight=6
  census AIMoveFunc=5
  census GetNodeStruct=5
  census CheckNodeReach=5
  census SetAttractionState=5
  census GetIntOption=4
  census HasOption=4
  census InitGameReplicationInfo=4
  census PreLoadSkin_BD=4
  census ClientAddBombObjects_SH=4
  census UpdateSentText=4
  census PlayFootStepLeft=4
  census InitGame=3
  census ChangeHP=3
  census Login=3
  census SetViewTarget=3
  census AllowGameSpeedChange=2
  census InitLogging=2
  census GetBotTeam=2
  census Initialize=2
  census SetObjectiveLists=2
  census AllBotsSpawned=2
  census OverrideInitialBots=2
  census AllOverFindway=2
  census StartNextRound=2
  census StripColor=2
  census SetSensitivity=2
  census InitChatPenalty_YC=2
  census PlayStateMusic_BD=2
  census AddToTeam=2
  census InitInputSystem=2
  census PostLogin=2
  census ClientSetHUD=2
  census GetPlayerControllerList=2
  census SceneStarted=2
  census BroadcastLocalized=2
  census StartMatch=2
  census Destroyed=2
  census SetBrenchChange=2
  census AddMutator=1
  census AllowMutator=1
  census MutatorIsAllowed=1
  census InitPrivs=1
  census InitMaplistHandler=1
  census InitializeMaplistRecords=1
  census GetPerObjectNames=1
  census InitializeActiveLists=1
  census SetGrammar=1
  census LoadSRGrammar=1
  census PreSetOpPlayNum=1
  census FindTurret=1
  census SetOption=1
  census GetRedTeam=1
  census GetBlueTeam=1
  census CalcNodeSort_CoreEscort=1
  census CalcNodeSort_CorefDefence=1
  census ModeReset_BD=1
  census DestroyAllRespawnGroup=1
  census AllKillBot=1
  census PlayOutro=1
  census SetModeRule_BD=1
  census SetRound=1
  census CheckMove=1
  census ServerStartTurretSpawn=1
  census ModifyLogin=1
  census FixFOV=1
  census FillCameraList=1
  census SetOwnerPC=1
  census LoadAllMyTeamSkin=1
  census InitializeController_JW=1
  census SetNoInputState_JW=1
  census SetMotionBlur_JW=1
  census SetRadialBlur_JB=1
  census POVChanged=1
  census ServerSetClassicTrans=1
  census ServerRequsetRoundInfo=1
  census ClientSetRoundInfo=1
  census SetRoundPveIntro=1
  census PveStartMusic=1
  census StopAllMusic=1
  census IsPlayGame_BD=1
  census GetStateSound=1
  census ServerRequsetShipMoveState=1
  census GetPveShipInfo=1
  census SpawnPlayerReplication=1
  census ChangeTeam=1
  census PickTeam=1
  census BelongsOnTeam=1
  census ChangeName=1
  census SpawnFromReconnectInfo_BD=1
  census FindReconnectInfo_BD=1
  census LoginOptions=1
  census EndState=1
  census SetWaitingPlayer=1
  census SetDeadCamera_JB=1
  census ServerSuccssLoading_BD=1
  census CheckPlayerCount=1
  census SetNumLive=1
  census SetDefNumLive=1
  census ServerSetReadyToStart=1
  census ServerSetBombOjbects_Sh=1
  census SetBombObjects=1
  census CreateKeyMenus=1
  census SetMiniMapInfo=1
  census SetUpRadarInfo=1
  census SetScoreBoardClass=1
  census InitGRI=1
  census Init=1
  census SetWeaponViewShake=1
  census ClientSetWeaponViewShake=1
  census ClientCapBandwidth=1
  census NotifyLogin=1
  census ServerRequestBanInfo=1
  census ClientReceiveLoginMenu=1
  census DetailChange=1
  census PreLoadAllMesh_BD=1
  census InvertMouse=1
  census ServerShortTimeout=1
  census ResetTimeMargin=1
  census CheckHudCreate=1
  census GetRoundMovieName=1
  census PlayIntroMessage=1
  census StartMsgShow=1
  census PlayPrimarySound_Sh=1
  census FillPrecacheMaterialsArray=1
  census UpdatePrecacheFonts=1
  census FillPrecacheStaticMeshesArray=1
  census PrecacheGameStaticMeshes=1
  census OnBuildMOTD=1
  census SetProgressTime=1
  census GetGameModeIndex_YC=1
  census DrawScoreboard=1
  census UpdateGRI=1
  census SortPRIArray=1
  census UpdateScoreBoard=1
  census UpdateGameInfo=1
  census UpdateGameScore=1
  census StartInterpolation=1
  census ClientPlayBriefing_BD=1
  census StartBrief=1
  census PlayPrimarySound_BD=1
  census BroadcastLocalizedMessage=1
  census AllowBroadcastLocalized=1
  census AcceptBroadcastLocalized=1
  census ReceiveLocalizedMessage=1
  census LocalizedMessage=1
  census ServerViewNextPlayer=1
[2026-09-22T10:53:40.245Z] pid=65756 window_ms=5000 calls=323267 ServerFire=0 ClientFire=0 unresolved=0 distinct_names=127
  census Tick=38655
  census Tick_MH=34013
  census DeltaTimeCheck_JW=24738
  census SpawnUnit=15463
  census GetRespawnGroupByIndex=15463
  census GetMastActor=12371
  census IsMeAttackReady=12369
  census AIEMPProcess=12369
  census AIAttackHeadSpinProcess_JW=12369
  census GetLocalPlayerController=10846
  census IsMeGM_BD=9282
  census LoadFontStatic=6489
  census DrawSkillInfo=6188
  census PlayerTick=6184
  census PostRender=4641
  census WorldSpaceOverlays=4340
  census GetConsoleFont=4018
  census DisplayMessages=3094
  census IsMeMoveTargetReady=3093
  census UpdateFlashComponent=2492
  census GetMediumFontFor=2471
  census GetNumLive=1548
  census PlayerCalcView=1547
  census CalcBehindView=1547
  census OrthoRotation=1547
  census CacheCalcView=1547
  census DrawATnDefLv=1547
  census GetDefaultNumLive=1547
  census BuildMOTD=1547
  census LinkActors=1547
  census CheckEndGame_BD=1547
  census OnHudPostRender_MH=1547
  census DrawSpectatingHud=1547
  census IsInCinematic=1547
  census DisplayLocalMessages=1547
  census DrawSensi_JW=1547
  census DisplayRecordEventMsg_BD=1547
  census DisplayNoticeMessages_BD=1547
  census DrawETC=1547
  census DrawRadioMsg=1547
  census DrawTextKillMessage=1547
  census DrawRadioMenu_YC=1547
  census IsSelect_Radio=1547
  census DrawKillAnim=1547
  census RenderOverlays=1547
  census PostDrawHud=1547
  census DrawTimer=1547
  census DrawTeamScore=1547
  census DrawPveIntro_YC=1547
  census DrawLocalMessage_Sh=1547
  census DrawBrief=1547
  census IsPlaySound_UJ=1547
  census DrawTextScript=1547
  census DrawShortBriefing_BD=1547
  census DrawMsg=1547
  census SetGameSpeed=1547
  census InitializeFor=1547
  census RealTick=1546
  census ProcessPushMoveGMCamera_BD=1546
  census SetTwoSceanFov_JW=1546
  census GetPhysicsVolume=1546
  census SetWaterRefraction_JB=1546
  census HandleWalking=1546
  census IsSpectating=1546
  census PlayerMove=1546
  census CheckRevieUser=1546
  census CheckGameHistory=1546
  census UpdateChat=1546
  census IsDead=924
  census DrawMiniMap=924
  census CalcFireCamrot_JW=923
  census Trace_UJ2=923
  census FindSmmInfo=923
  census DrawRespawDecrease=923
  census DrawRespawTime=923
  census UpdateRotation=623
  census ViewShake=623
  census ViewFlash=623
  census ProcessMove=623
  census Timer=495
  census UpdatePlayerLocation=24
  census AnimEnd=20
  census PlayFootStep=18
  census FootStepping=18
  census PlayFootStepLeft=10
  census PlayFootStepRight=8
  census Touch=6
  census UpdateSentText=5
  census AIMoveFunc=3
  census GetNodeStruct=3
  census CheckNodeReach=3
  census GetNodeActor=3
  census SetMoveTarget_JW=3
  census SetAttractionState=3
  census SetupGroundSpeed_JW=3
  census SetSpeedNowState=3
  census MoveTo_JW=3
  census ConsoleCommand=2
  census SceneEnded=2
  census EndState=2
  census SetBrenchChange=2
  census GetAIBotCount=1
  census ServerViewNextPlayer=1
  census FinishedInterpolation=1
  census TriggerEvent=1
  census EndRoundMovie=1
  census CloseSceneProc_BD=1
  census HiddenScriptPawn=1
  census ServerPlayerSelect_MH=1
  census BeginState=1
  census OpenSlotSelectPage=1
  census IsPlayGame_BD=1
  census UnPressButtons=1
  census ResetInput=1
  census PreBeginPlay=1
  census CheckRelevance=1
  census AlwaysKeep=1
  census IsRelevant=1
  census CheckReplacement=1
  census BeginPlay=1
  census ZoneChange=1
  census PostBeginPlay=1
  census SetInitialState=1
  census PostNetBeginPlay=1
  census SetMiniMapInfo=1
  census DynamicLoadObject=1
  census PlayOwnedSound=1
[2026-09-22T10:53:45.245Z] pid=65756 window_ms=5000 calls=403540 ServerFire=0 ClientFire=0 unresolved=0 distinct_names=151
  census Tick=52949
  census Tick_MH=48160
  census DeltaTimeCheck_JW=38571
  census GetMastActor=19294
  census IsMeAttackReady=19286
  census AIEMPProcess=19285
  census AIAttackHeadSpinProcess_JW=19285
  census SpawnUnit=14425
  census GetRespawnGroupByIndex=14425
  census GetLocalPlayerController=11214
  census IsMeMoveTargetReady=9698
  census IsMeGM_BD=9583
  census LoadFontStatic=7985
  census PlayerTick=6392
  census DrawSkillInfo=6388
  census PostRender=4791
  census GetConsoleFont=4791
  census WorldSpaceOverlays=3194
  census GetMediumFontFor=3194
  census DisplayMessages=3194
  census RealTick=1598
  census ProcessPushMoveGMCamera_BD=1598
  census SetTwoSceanFov_JW=1598
  census GetPhysicsVolume=1598
  census SetWaterRefraction_JB=1598
  census HandleWalking=1598
  census IsSpectating=1598
  census PlayerMove=1598
  census CheckRevieUser=1598
  census CheckGameHistory=1598
  census UpdateChat=1598
  census IsPlaySound_UJ=1598
  census PlayerCalcView=1597
  census CalcBehindView=1597
  census CalcFireCamrot_JW=1597
  census Trace_UJ2=1597
  census OrthoRotation=1597
  census CacheCalcView=1597
  census FindSmmInfo=1597
  census GetNumLive=1597
  census DrawATnDefLv=1597
  census GetDefaultNumLive=1597
  census BuildMOTD=1597
  census LinkActors=1597
  census CheckEndGame_BD=1597
  census OnHudPostRender_MH=1597
  census DrawSpectatingHud=1597
  census IsInCinematic=1597
  census DisplayLocalMessages=1597
  census IsDead=1597
  census DrawRespawDecrease=1597
  census DrawRespawTime=1597
  census DrawSensi_JW=1597
  census DisplayRecordEventMsg_BD=1597
  census DisplayNoticeMessages_BD=1597
  census DrawETC=1597
  census DrawRadioMsg=1597
  census DrawTextKillMessage=1597
  census DrawRadioMenu_YC=1597
  census IsSelect_Radio=1597
  census DrawKillAnim=1597
  census RenderOverlays=1597
  census PostDrawHud=1597
  census DrawTimer=1597
  census DrawTeamScore=1597
  census DrawPveIntro_YC=1597
  census DrawLocalMessage_Sh=1597
  census DrawBrief=1597
  census DrawShortBriefing_BD=1597
  census DrawMsg=1597
  census DrawMiniMap=1597
  census SetGameSpeed=1597
  census InitializeFor=1597
  census DrawTextScript=1271
  census Timer=415
  census PreBeginPlay=66
  census PostBeginPlay=66
  census DynamicLoadObject=60
  census PlayFootStep=47
  census FootStepping=47
  census AnimEnd=42
  census PostNetBeginPlay=42
  census CheckRelevance=36
  census AlwaysKeep=36
  census IsRelevant=36
  census CheckReplacement=36
  census BeginPlay=36
  census ZoneChange=36
  census SetInitialState=36
  census UpdatePlayerLocation=34
  census PlayFootStepRight=25
  census PlayFootStepLeft=22
  census InitPlayerReplicationInfo=12
  census CreateIntelligence=12
  census GetTeamNum=12
  census SetTeam=12
  census SetWeapon_Table=12
  census Possess=12
  census Restart=12
  census GetNodeActor=11
  census SetMoveTarget_JW=11
  census SetupGroundSpeed_JW=11
  census SetSpeedNowState=11
  census MoveTo_JW=11
  census Touch=7
  census FindPlayerStart=6
  census RatePlayerStart=6
  census SpawnPawn_BD=6
  census GetMrBot=6
  census GetAITeam_BD=6
  census AddPRI=6
  census SetPlayerName=6
  census RestartMRAI=6
  census GetSpawnPosition_BD=6
  census GetItemName=6
  census SetMesh_JW=6
  census LinkMesh=6
  census HeadVolumeChange=6
  census GetHP_JW=6
  census SetMastActor=6
  census IntelligenceSpawn=6
  census BoneRefresh=6
  census InitializeAIMech_JW=6
  census IntelligenceResetTeam_MH=6
  census SetMRAiControllerStarting_JW=6
  census SetAIInfo_JW=6
  census ChangeCollisionSetting_JW=6
  census Destroyed=6
  census SetAISkin=6
  census PossessedBy=6
  census ChangeAnimation=6
  census PlayWaiting=6
  census PlayMoving=6
  census BeginState=6
  census ClearTemporaryOrders=6
  census SetMovementPhysics=6
  census ClientSetRotation=6
  census TriggerEvent=6
  census SetRespawnNameTag_BD=6
  census NotifyLanded=6
  census BaseChange=6
  census AIMoveFunc=5
  census GetNodeStruct=5
  census CheckNodeReach=5
  census SetAttractionState=5
  census UpdateSentText=5
  census PlayShortBriefing_BD=2
  census SetBrenchChange=2
  census StartBrief=1
  census PlayPrimarySound_BD=1
  census GetAIBotCount=1
[2026-09-22T10:53:50.246Z] pid=65756 window_ms=5001 calls=635026 ServerFire=0 ClientFire=0 unresolved=0 distinct_names=393
  census Tick=80500
  census Tick_MH=73002
  census DeltaTimeCheck_JW=61009
  census GetMastActor=30518
  census AIEMPProcess=30505
  census AIAttackHeadSpinProcess_JW=30505
  census IsMeAttackReady=30504
  census GetLocalPlayerController=23917
  census IsMeMoveTargetReady=18510
  census IsMeGM_BD=10096
  census LoadFontStatic=8373
  census SpawnUnit=8296
  census GetRespawnGroupByIndex=8296
  census DrawSkillInfo=6204
  census PlayerTick=6200
  census PlayerCalcView=4714
  census PostRender=4653
  census GetConsoleFont=4653
  census GetHP_JW=4094
  census DecodeGetPawnHealth_JW=3967
  census IsPlayGame_BD=3958
  census IsSpectating=3923
  census GetMediumFontFor=3720
  census PostRender2D=3466
  census DecodeGetPawnBoosterME_JW=3164
  census UpdateFlashComponent=3164
  census DoBooster_sh=3164
  census DrawSpriteWidget=3164
  census WorldSpaceOverlays=3102
  census DisplayMessages=3102
  census DrawCustomBeacon=2675
  census WeaponTick=2373
  census DrawEMP_JW=2373
  census RenderOverlays=2342
  census GetPhysicsVolume=2341
  census CanvasDrawActors=1582
  census DrawHUD=1582
  census DrawEnemyName=1582
  census Trace_UJ2=1557
  census GetNumLive=1552
  census IsPlaySound_UJ=1552
  census CalcBehindView=1551
  census CalcFireCamrot_JW=1551
  census OrthoRotation=1551
  census CacheCalcView=1551
  census DrawATnDefLv=1551
  census GetDefaultNumLive=1551
  census BuildMOTD=1551
  census LinkActors=1551
  census CheckEndGame_BD=1551
  census OnHudPostRender_MH=1551
  census DisplayLocalMessages=1551
  census DrawSensi_JW=1551
  census DisplayRecordEventMsg_BD=1551
  census DisplayNoticeMessages_BD=1551
  census DrawETC=1551
  census DrawRadioMsg=1551
  census DrawTextKillMessage=1551
  census DrawRadioMenu_YC=1551
  census DrawKillAnim=1551
  census PostDrawHud=1551
  census DrawTimer=1551
  census DrawTeamScore=1551
  census DrawPveIntro_YC=1551
  census DrawLocalMessage_Sh=1551
  census DrawBrief=1551
  census DrawShortBriefing_BD=1551
  census DrawMsg=1551
  census SetGameSpeed=1551
  census InitializeFor=1551
  census RealTick=1550
  census ProcessPushMoveGMCamera_BD=1550
  census SetTwoSceanFov_JW=1550
  census SetWaterRefraction_JB=1550
  census HandleWalking=1550
  census PlayerMove=1550
  census CheckRevieUser=1550
  census CheckGameHistory=1550
  census UpdateChat=1550
  census DrawTextScript=1246
  census IsLocallyControlled=800
  census SetWalking=793
  census EncodeSetPawnBoosterME_JW=793
  census GetBoneCoords=793
  census UpdateShadow=792
  census DetachProjector=792
  census GetAmmoNumKitMax=792
  census AttachProjector=792
  census EventButtonUp_MH=791
  census DefaultMechTick_MH=791
  census BoosterTick_MH=791
  census CalcBoosterTick_JW=791
  census CalcMoveTime_JW=791
  census ProcessPerVelocity_JW=791
  census CalcThirdCameraMove_JW=791
  census RawInput=791
  census CheckBob=791
  census UpdateRotation=791
  census LimitPitch=791
  census ViewShake=791
  census ViewFlash=791
  census FaceRotation=791
  census ProcessMove=791
  census BoosterEventMoment_JW=791
  census SetViewPitch=791
  census ProcessMechColList_JW=791
  census PlayBooster=791
  census SetAniokNosee_JW=791
  census Draw3dObjectiveArrow=791
  census Render=791
  census UpdateHUD=791
  census DrawDamageIndicators=791
  census DrawHudPassA=791
  census ZoomFadeOut=791
  census ActiveActionDraw=791
  census AcquireActionDraw=791
  census IsIgnoreAction=791
  census DrawRader_JW=791
  census DrawRader=791
  census DrawHudRadarMap=791
  census DrawHudRadarPawn=791
  census CalculCrossChangeKitLen=791
  census CalculHitRate=791
  census CalculCrossHitRateLen=791
  census SetCrossDrawColor=791
  census RendGage=791
  census DrawHPSP=791
  census DrawHP_BD=791
  census DrawHpBoarder_BD=791
  census DrawHpGauge_BD=791
  census DrawHpPointGauge_BD=791
  census DrawHpDigit_JW=791
  census DrawBoosterGauge_JW=791
  census DrawPoint_BD=791
  census DrawRefillAmmo_BD=791
  census DrawAmmo=791
  census GetAmmoCount=791
  census ChangeAmmoInfo=791
  census DrawAmmoKit=791
  census DrawNum4Texture_YC=791
  census DrawEventWep=791
  census DrawBulletCashUI=791
  census DrawDWeaponNum_JW=791
  census DrawItemboxExtraTimer_JW=791
  census DrawGameGuide_BD=791
  census DrawHudPassB=791
  census DrawHudPassC=791
  census DrawCrosshair=791
  census Trace_UJ=791
  census DrawHudPassD=791
  census DrawWarning_UJ=791
  census IsLockOn_MH=791
  census PlayNoEngineer=791
  census Tick_RadioMenu=791
  census Get_RM_NUM_PRESS=791
  census RatePlayerStart=774
  census DrawSpectatingHud=760
  census IsInCinematic=760
  census IsDead=760
  census IsSelect_Radio=760
  census FindSmmInfo=758
  census DrawRespawDecrease=758
  census DrawRespawTime=758
  census DrawMiniMap=758
  census ShouldCrouch=669
  census GetTeamNum=573
  census DrawMissionBrief=559
  census Timer=526
  census PostBeginPlay=115
  census PreBeginPlay=109
  census PlayFootStep=102
  census FootStepping=102
  census DynamicLoadObject=83
  census PostNetBeginPlay=78
  census AnimEnd=75
  census GetRadarInfo=70
  census BeginPlay=65
  census ZoneChange=65
  census SetInitialState=63
  census CheckRelevance=61
  census AlwaysKeep=61
  census IsRelevant=61
  census CheckReplacement=61
  census UpdatePlayerLocation=54
  census PlayFootStepLeft=51
  census PlayFootStepRight=51
  census Touch=25
  census GetNodeActor=23
  census SetMoveTarget_JW=23
  census SetupGroundSpeed_JW=23
  census IsActorAttackReady=22
  census SetSpeedNowState=21
  census MoveTo_JW=21
  census UpdatePrecacheMaterials=21
  census Secret_UJ=20
  census UnSecret_UJ=20
  census Possess=19
  census Restart=18
  census OwnerEvent=18
  census InitPlayerReplicationInfo=16
  census CreateIntelligence=16
  census SetTeam=16
  census AIMoveFunc=15
  census GetNodeStruct=15
  census CheckNodeReach=15
  census SetAttractionState=15
  census LinkMesh=15
  census SetWeapon_Table=14
  census BeginState=13
  census GiveTo=12
  census PlayWaiting=11
  census FindPlayerStart=10
  census SetMesh_JW=10
  census HeadVolumeChange=10
  census PossessedBy=10
  census ChangeAnimation=10
  census PlayMoving=10
  census TriggerEvent=10
  census NotifyLanded=10
  census SetViewTarget=10
  census GetItemName=9
  census BoneRefresh=9
  census ClientSetRotation=9
  census BaseChange=9
  census SpawnPawn_BD=8
  census GetMrBot=8
  census GetAITeam_BD=8
  census AddPRI=8
  census SetPlayerName=8
  census RestartMRAI=8
  census GetSpawnPosition_BD=8
  census SetMastActor=8
  census IntelligenceSpawn=8
  census InitializeAIMech_JW=8
  census IntelligenceResetTeam_MH=8
  census SetMRAiControllerStarting_JW=8
  census SetAIInfo_JW=8
  census ChangeCollisionSetting_JW=8
  census SetAISkin=8
  census ClearTemporaryOrders=8
  census SetMovementPhysics=8
  census SetRespawnNameTag_BD=8
  census Destroyed=8
  census InitFor=8
  census SetTeamSkin_UJ=8
  census GetRandDefenceActor=8
  census GetTDynamicActor=8
  census SetNoInputState_JW=7
  census GainedChild=7
  census ConsoleCommand=6
  census PlayAnimWithTwinGun=6
  census UpdateSentText=5
  census GetStateSound=5
  census ChangedWeapon_UJ=5
  census AttachToPawn=5
  census AttachToBone=5
  census PlayWeaponSwitch=5
  census Landed=4
  census Reset=4
  census EndState=4
  census SetMotionBlur_JW=4
  census PlayStateMusic_BD=4
  census InitWeaponFires=4
  census DeleteAutoTarget=4
  census AddInventory=4
  census InitAmmo=4
  census ClientWeaponSet=4
  census Initial=4
  census InitialSetWeapon=4
  census PlayDeSelectIdleAnim=4
  census PickupFunction=4
  census SetBrenchChange=4
  census PlayLanded=3
  census TakeFallingDamage=3
  census StopAllMusic=3
  census RestartPlayer=3
  census SetDrawScale=3
  census SetFastChangeWep=3
  census ResetTimeMargin=3
  census SetDeadCamera_JB=3
  census InitHpDigit_JW=3
  census ClientReStart=3
  census ClientHearSound=3
  census ClientSetViewTarget=2
  census DWeapon_Delete_ALL_JW=2
  census TeachToMineOwner=2
  census TeachToTrapOwner=2
  census TeachToSNTOwner=2
  census ClientClearSNTList_UJ=2
  census ClientReset=2
  census GetStateSoundOri=2
  census CheckIsPosiblePlayMusic_BD=2
  census IsPlayMusic_BD=2
  census ClientSetInitialMusic=2
  census ClientSetMusic=2
  census PlayMusic=2
  census SetHP_JW=2
  census EncodeSetPawnHealth_JW=2
  census SetTeamSkin_JW=2
  census InitializeMech=2
  census SetMechWeapon=2
  census SetMechWeaponTolerRate=2
  census SetHitIndexVector=2
  census SetDrawScale3D=2
  census HasAmmo=2
  census LostChild=2
  census CleanOutSavedMoves=2
  census ServerSetHandedness=2
  census ServerSetAutoTaunt=2
  census EnterStartState=2
  census SetCircleCamera_JW=2
  census PointOfView=2
  census GetDistToLocalPlayer=2
  census PlaySoundFootstepMaterial_JW=2
  census Spawnmat_JW=2
  census SpawnEffects=2
  census CalcEffectSizeJW=2
  census BeyondViewDistance=2
  census AbandonProjector=2
  census DeleteTarget=2
  census GetAIBotCount=1
  census LoadPlayers=1
  census PlayOwnedSound=1
  census ServerMechWeaponSetIndex_MH=1
  census UnPressButtons=1
  census ResetInput=1
  census SelectUnitSlot_BD=1
  census ServerPlayerStart_MH=1
  census ClientSetFixedCamera=1
  census FixFOV=1
  census InitializeController_JW=1
  census InitChatPenalty_YC=1
  census SetRadialBlur_JB=1
  census POVChanged=1
  census AddNumTotalSally=1
  census PveStartMusic=1
  census ServerMechWeaponSet_MH=1
  census ChangeTeam=1
  census PickTeam=1
  census GetSpotTeamNum=1
  census AssignInitialPose=1
  census InitShadow=1
  census GetRenderBoundingSphere=1
  census SetBoosterProperty=1
  census SetRelativeLocation=1
  census SwitchWeapon_YN=1
  census SwitchWeapon=1
  census PutDown=1
  census PlayDeSelectAnim=1
  census BringUp=1
  census PlaySelectAnim=1
  census ServerSwitchWeapon_YN=1
  census ClientSwitchWeapon_YN=1
  census PlayStart=1
  census ShowActionEffect=1
  census GetMainMechPawn_JW=1
  census ResetFOV=1
  census BecomeViewTarget=1
  census AdjustSkinPart_JW=1
  census SetWaitingPlayer=1
  census AcknowledgePossession=1
  census SetBaseEyeheight=1
  census ServerAcknowledgePossession=1
  census BehindView=1
  census ClientSetBehindView=1
  census PossessedBy_JW=1
  census StopViewShaking=1
  census ALLReset_JW=1
  census Setup=1
  census ResetPhysicsBasedAnim=1
  census ServerSetClassicTrans=1
  census ClientPlaySoundPawnGuide_BD=1
  census ClientStartIntro_MH=1
  census ServerSetPathFinder=1
  census ClientSetPathFinder=1
  census GetTargetObject=1
  census EnableTargetArrow_BD=1
  census Falling=1
  census SetFall=1
  census PlayIdleAnim=1
  census SetAmbientSound=1
  census InitialSlotAniImage=1
  census InitialNowWepSlot=1
  census CheckAmmoNChangeClientState=1
  census SetWeaponProperties_JW=1
  census PlayMissionBrief=1
  census ClientPlayMissionBrief=1
  census SetMissionBrief_YC=1
  census SetMissionBrief=1
  census PlayPrimarySound_Sh=1
  census SetTextCut=1
  census StartBrief=1
  census PlayPrimarySound_BD=1
[2026-09-22T10:53:55.404Z] pid=65756 window_ms=5157 calls=751724 ServerFire=0 ClientFire=0 unresolved=0 distinct_names=184
  census Tick=86815
  census Tick_MH=75244
  census DeltaTimeCheck_JW=63668
  census GetLocalPlayerController=39482
  census GetMastActor=31848
  census IsMeAttackReady=31834
  census AIEMPProcess=31834
  census AIAttackHeadSpinProcess_JW=31834
  census IsMeMoveTargetReady=20258
  census PostRender2D=11876
  census DrawCustomBeacon=10430
  census IsMeGM_BD=10123
  census LoadFontStatic=8676
  census GetHP_JW=7464
  census DecodeGetPawnHealth_JW=7243
  census PlayerCalcView=7232
  census IsPlayGame_BD=7230
  census PlayerTick=5788
  census UpdateFlashComponent=5788
  census DoBooster_sh=5788
  census DecodeGetPawnBoosterME_JW=5786
  census IsSpectating=5785
  census DrawSkillInfo=5784
  census DrawSpriteWidget=5784
  census SpawnUnit=5784
  census GetRespawnGroupByIndex=5784
  census WeaponTick=4341
  census PostRender=4338
  census DrawEMP_JW=4338
  census GetMediumFontFor=4338
  census GetConsoleFont=4338
  census GetPhysicsVolume=2894
  census WorldSpaceOverlays=2893
  census CanvasDrawActors=2892
  census DrawHUD=2892
  census RenderOverlays=2892
  census DrawEnemyName=2892
  census DisplayMessages=2892
  census Trace_UJ2=1461
  census RealTick=1447
  census ProcessPushMoveGMCamera_BD=1447
  census SetTwoSceanFov_JW=1447
  census SetWaterRefraction_JB=1447
  census EventButtonUp_MH=1447
  census DefaultMechTick_MH=1447
  census BoosterTick_MH=1447
  census CalcBoosterTick_JW=1447
  census EncodeSetPawnBoosterME_JW=1447
  census CalcMoveTime_JW=1447
  census ProcessPerVelocity_JW=1447
  census CalcThirdCameraMove_JW=1447
  census HandleWalking=1447
  census SetWalking=1447
  census RawInput=1447
  census PlayerMove=1447
  census CheckBob=1447
  census UpdateRotation=1447
  census LimitPitch=1447
  census ViewShake=1447
  census ViewFlash=1447
  census FaceRotation=1447
  census ProcessMove=1447
  census BoosterEventMoment_JW=1447
  census SetViewPitch=1447
  census ShouldCrouch=1447
  census CheckRevieUser=1447
  census CheckGameHistory=1447
  census UpdateChat=1447
  census ProcessMechColList_JW=1447
  census IsLocallyControlled=1447
  census UpdateShadow=1447
  census DetachProjector=1447
  census AttachProjector=1447
  census PlayBooster=1447
  census CalcBehindView=1447
  census CalcFireCamrot_JW=1447
  census SetAniokNosee_JW=1447
  census GetBoneCoords=1447
  census OrthoRotation=1447
  census CacheCalcView=1447
  census GetNumLive=1446
  census DrawATnDefLv=1446
  census GetDefaultNumLive=1446
  census BuildMOTD=1446
  census LinkActors=1446
  census CheckEndGame_BD=1446
  census OnHudPostRender_MH=1446
  census Draw3dObjectiveArrow=1446
  census Render=1446
  census UpdateHUD=1446
  census DrawDamageIndicators=1446
  census DrawHudPassA=1446
  census ZoomFadeOut=1446
  census ActiveActionDraw=1446
  census AcquireActionDraw=1446
  census IsIgnoreAction=1446
  census DrawRader_JW=1446
  census DrawRader=1446
  census DrawHudRadarMap=1446
  census DrawHudRadarPawn=1446
  census CalculCrossChangeKitLen=1446
  census GetAmmoNumKitMax=1446
  census CalculHitRate=1446
  census CalculCrossHitRateLen=1446
  census SetCrossDrawColor=1446
  census RendGage=1446
  census DrawHPSP=1446
  census DrawHP_BD=1446
  census DrawHpBoarder_BD=1446
  census DrawHpGauge_BD=1446
  census DrawHpPointGauge_BD=1446
  census DrawHpDigit_JW=1446
  census DrawBoosterGauge_JW=1446
  census DrawPoint_BD=1446
  census DrawRefillAmmo_BD=1446
  census DrawAmmo=1446
  census GetAmmoCount=1446
  census ChangeAmmoInfo=1446
  census DrawAmmoKit=1446
  census DrawNum4Texture_YC=1446
  census DrawEventWep=1446
  census DrawBulletCashUI=1446
  census DrawDWeaponNum_JW=1446
  census DrawItemboxExtraTimer_JW=1446
  census DrawGameGuide_BD=1446
  census DrawHudPassB=1446
  census DrawHudPassC=1446
  census DrawCrosshair=1446
  census Trace_UJ=1446
  census DrawHudPassD=1446
  census DisplayLocalMessages=1446
  census DrawWarning_UJ=1446
  census IsLockOn_MH=1446
  census DrawSensi_JW=1446
  census DisplayRecordEventMsg_BD=1446
  census DisplayNoticeMessages_BD=1446
  census DrawETC=1446
  census DrawRadioMsg=1446
  census DrawTextKillMessage=1446
  census DrawRadioMenu_YC=1446
  census PlayNoEngineer=1446
  census Tick_RadioMenu=1446
  census Get_RM_NUM_PRESS=1446
  census DrawKillAnim=1446
  census PostDrawHud=1446
  census DrawTimer=1446
  census DrawTeamScore=1446
  census DrawPveIntro_YC=1446
  census DrawMissionBrief=1446
  census DrawLocalMessage_Sh=1446
  census DrawBrief=1446
  census IsPlaySound_UJ=1446
  census DrawTextScript=1446
  census DrawShortBriefing_BD=1446
  census DrawMsg=1446
  census SetGameSpeed=1446
  census InitializeFor=1446
  census GetTeamNum=1036
  census Timer=528
  census GetRadarInfo=130
  census PlayFootStep=128
  census FootStepping=128
  census AnimEnd=86
  census PlayFootStepLeft=67
  census PlayFootStepRight=61
  census UpdatePlayerLocation=58
  census IsActorAttackReady=38
  census Touch=32
  census AIMoveFunc=17
  census GetNodeStruct=17
  census CheckNodeReach=17
  census GetNodeActor=17
  census SetMoveTarget_JW=17
  census SetAttractionState=17
  census SetupGroundSpeed_JW=17
  census SetSpeedNowState=17
  census MoveTo_JW=17
  census GetRandDefenceActor=16
  census GetTDynamicActor=16
  census SetBrenchChange=6
  census UpdateSentText=5
  census PlayShortBriefing_BD=2
  census ConsoleCommand=1
  census GetAIBotCount=1
[2026-09-22T10:54:00.405Z] pid=65756 window_ms=5001 calls=786262 ServerFire=0 ClientFire=0 unresolved=0 distinct_names=182
  census Tick=91860
  census Tick_MH=79612
  census DeltaTimeCheck_JW=67364
  census GetLocalPlayerController=40083
  census GetMastActor=33696
  census IsMeAttackReady=33682
  census AIEMPProcess=33682
  census AIAttackHeadSpinProcess_JW=33682
  census IsMeMoveTargetReady=21434
  census PostRender2D=10870
  census IsMeGM_BD=10717
  census DrawCustomBeacon=9339
  census LoadFontStatic=8505
  census GetHP_JW=7840
  census DecodeGetPawnHealth_JW=7667
  census IsPlayGame_BD=7655
  census PlayerCalcView=7654
  census DrawSkillInfo=6124
  census IsSpectating=6124
  census DecodeGetPawnBoosterME_JW=6124
  census DrawSpriteWidget=6124
  census SpawnUnit=6124
  census GetRespawnGroupByIndex=6124
  census PlayerTick=6124
  census UpdateFlashComponent=6124
  census DoBooster_sh=6124
  census PostRender=4593
  census DrawEMP_JW=4593
  census GetConsoleFont=4593
  census WeaponTick=4593
  census GetMediumFontFor=3912
  census WorldSpaceOverlays=3062
  census CanvasDrawActors=3062
  census DrawHUD=3062
  census RenderOverlays=3062
  census DrawEnemyName=3062
  census DisplayMessages=3062
  census GetPhysicsVolume=3062
  census Trace_UJ2=1545
  census GetNumLive=1531
  census DrawATnDefLv=1531
  census GetDefaultNumLive=1531
  census BuildMOTD=1531
  census LinkActors=1531
  census CheckEndGame_BD=1531
  census OnHudPostRender_MH=1531
  census Draw3dObjectiveArrow=1531
  census Render=1531
  census UpdateHUD=1531
  census DrawDamageIndicators=1531
  census DrawHudPassA=1531
  census ZoomFadeOut=1531
  census ActiveActionDraw=1531
  census AcquireActionDraw=1531
  census IsIgnoreAction=1531
  census DrawRader_JW=1531
  census DrawRader=1531
  census DrawHudRadarMap=1531
  census DrawHudRadarPawn=1531
  census CalculCrossChangeKitLen=1531
  census GetAmmoNumKitMax=1531
  census CalculHitRate=1531
  census CalculCrossHitRateLen=1531
  census SetCrossDrawColor=1531
  census RendGage=1531
  census DrawHPSP=1531
  census DrawHP_BD=1531
  census DrawHpBoarder_BD=1531
  census DrawHpGauge_BD=1531
  census DrawHpPointGauge_BD=1531
  census DrawHpDigit_JW=1531
  census DrawBoosterGauge_JW=1531
  census DrawPoint_BD=1531
  census DrawRefillAmmo_BD=1531
  census DrawAmmo=1531
  census GetAmmoCount=1531
  census ChangeAmmoInfo=1531
  census DrawAmmoKit=1531
  census DrawNum4Texture_YC=1531
  census DrawEventWep=1531
  census DrawBulletCashUI=1531
  census DrawDWeaponNum_JW=1531
  census DrawItemboxExtraTimer_JW=1531
  census DrawGameGuide_BD=1531
  census DrawHudPassB=1531
  census DrawHudPassC=1531
  census DrawCrosshair=1531
  census Trace_UJ=1531
  census DrawHudPassD=1531
  census DisplayLocalMessages=1531
  census DrawWarning_UJ=1531
  census IsLockOn_MH=1531
  census DrawSensi_JW=1531
  census DisplayRecordEventMsg_BD=1531
  census DisplayNoticeMessages_BD=1531
  census DrawETC=1531
  census DrawRadioMsg=1531
  census DrawTextKillMessage=1531
  census DrawRadioMenu_YC=1531
  census PlayNoEngineer=1531
  census Tick_RadioMenu=1531
  census Get_RM_NUM_PRESS=1531
  census DrawKillAnim=1531
  census PostDrawHud=1531
  census DrawTimer=1531
  census DrawTeamScore=1531
  census DrawPveIntro_YC=1531
  census DrawMissionBrief=1531
  census DrawLocalMessage_Sh=1531
  census DrawBrief=1531
  census DrawShortBriefing_BD=1531
  census DrawMsg=1531
  census SetGameSpeed=1531
  census InitializeFor=1531
  census RealTick=1531
  census ProcessPushMoveGMCamera_BD=1531
  census SetTwoSceanFov_JW=1531
  census SetWaterRefraction_JB=1531
  census EventButtonUp_MH=1531
  census DefaultMechTick_MH=1531
  census BoosterTick_MH=1531
  census CalcBoosterTick_JW=1531
  census EncodeSetPawnBoosterME_JW=1531
  census CalcMoveTime_JW=1531
  census ProcessPerVelocity_JW=1531
  census CalcThirdCameraMove_JW=1531
  census HandleWalking=1531
  census SetWalking=1531
  census RawInput=1531
  census PlayerMove=1531
  census CheckBob=1531
  census UpdateRotation=1531
  census LimitPitch=1531
  census ViewShake=1531
  census ViewFlash=1531
  census FaceRotation=1531
  census ProcessMove=1531
  census BoosterEventMoment_JW=1531
  census SetViewPitch=1531
  census ShouldCrouch=1531
  census CheckRevieUser=1531
  census CheckGameHistory=1531
  census UpdateChat=1531
  census ProcessMechColList_JW=1531
  census IsLocallyControlled=1531
  census UpdateShadow=1531
  census DetachProjector=1531
  census AttachProjector=1531
  census PlayBooster=1531
  census CalcBehindView=1531
  census CalcFireCamrot_JW=1531
  census SetAniokNosee_JW=1531
  census GetBoneCoords=1531
  census OrthoRotation=1531
  census CacheCalcView=1531
  census GetTeamNum=844
  census Timer=442
  census IsPlaySound_UJ=402
  census DrawTextScript=402
  census PlayFootStep=123
  census FootStepping=123
  census GetRadarInfo=120
  census AnimEnd=78
  census PlayFootStepRight=62
  census UpdatePlayerLocation=61
  census PlayFootStepLeft=61
  census IsActorAttackReady=38
  census Touch=27
  census AIMoveFunc=14
  census GetNodeStruct=14
  census CheckNodeReach=14
  census GetNodeActor=14
  census SetMoveTarget_JW=14
  census SetAttractionState=14
  census SetupGroundSpeed_JW=14
  census SetSpeedNowState=14
  census MoveTo_JW=14
  census GetRandDefenceActor=14
  census GetTDynamicActor=14
  census UpdateSentText=5
  census SetBrenchChange=2
  census GetAIBotCount=1
[2026-09-22T10:54:05.405Z] pid=65756 window_ms=5000 calls=796517 ServerFire=0 ClientFire=0 unresolved=0 distinct_names=181
  census Tick=93420
  census Tick_MH=80964
  census DeltaTimeCheck_JW=68508
  census GetLocalPlayerController=40608
  census GetMastActor=34268
  census IsMeAttackReady=34254
  census AIEMPProcess=34254
  census AIAttackHeadSpinProcess_JW=34254
  census IsMeMoveTargetReady=21798
  census PostRender2D=10899
  census IsMeGM_BD=10899
  census DrawCustomBeacon=9342
  census GetHP_JW=7953
  census DecodeGetPawnHealth_JW=7798
  census PlayerCalcView=7785
  census IsPlayGame_BD=7785
  census LoadFontStatic=7785
  census DrawSkillInfo=6228
  census IsSpectating=6228
  census DecodeGetPawnBoosterME_JW=6228
  census DrawSpriteWidget=6228
  census SpawnUnit=6228
  census GetRespawnGroupByIndex=6228
  census PlayerTick=6228
  census UpdateFlashComponent=6228
  census DoBooster_sh=6228
  census PostRender=4671
  census DrawEMP_JW=4671
  census GetConsoleFont=4671
  census WeaponTick=4671
  census CanvasDrawActors=3114
  census DrawHUD=3114
  census RenderOverlays=3114
  census GetMediumFontFor=3114
  census DrawEnemyName=3114
  census DisplayMessages=3114
  census GetPhysicsVolume=3114
  census WorldSpaceOverlays=3113
  census Trace_UJ2=1570
  census GetNumLive=1557
  census DrawATnDefLv=1557
  census GetDefaultNumLive=1557
  census BuildMOTD=1557
  census LinkActors=1557
  census CheckEndGame_BD=1557
  census OnHudPostRender_MH=1557
  census Draw3dObjectiveArrow=1557
  census Render=1557
  census UpdateHUD=1557
  census DrawDamageIndicators=1557
  census DrawHudPassA=1557
  census ZoomFadeOut=1557
  census ActiveActionDraw=1557
  census AcquireActionDraw=1557
  census IsIgnoreAction=1557
  census DrawRader_JW=1557
  census DrawRader=1557
  census DrawHudRadarMap=1557
  census DrawHudRadarPawn=1557
  census CalculCrossChangeKitLen=1557
  census GetAmmoNumKitMax=1557
  census CalculHitRate=1557
  census CalculCrossHitRateLen=1557
  census SetCrossDrawColor=1557
  census RendGage=1557
  census DrawHPSP=1557
  census DrawHP_BD=1557
  census DrawHpBoarder_BD=1557
  census DrawHpGauge_BD=1557
  census DrawHpPointGauge_BD=1557
  census DrawHpDigit_JW=1557
  census DrawBoosterGauge_JW=1557
  census DrawPoint_BD=1557
  census DrawRefillAmmo_BD=1557
  census DrawAmmo=1557
  census GetAmmoCount=1557
  census ChangeAmmoInfo=1557
  census DrawAmmoKit=1557
  census DrawNum4Texture_YC=1557
  census DrawEventWep=1557
  census DrawBulletCashUI=1557
  census DrawDWeaponNum_JW=1557
  census DrawItemboxExtraTimer_JW=1557
  census DrawGameGuide_BD=1557
  census DrawHudPassB=1557
  census DrawHudPassC=1557
  census DrawCrosshair=1557
  census Trace_UJ=1557
  census DrawHudPassD=1557
  census DisplayLocalMessages=1557
  census DrawWarning_UJ=1557
  census IsLockOn_MH=1557
  census DrawSensi_JW=1557
  census DisplayRecordEventMsg_BD=1557
  census DisplayNoticeMessages_BD=1557
  census DrawETC=1557
  census DrawRadioMsg=1557
  census DrawTextKillMessage=1557
  census DrawRadioMenu_YC=1557
  census PlayNoEngineer=1557
  census Tick_RadioMenu=1557
  census Get_RM_NUM_PRESS=1557
  census DrawKillAnim=1557
  census PostDrawHud=1557
  census DrawTimer=1557
  census DrawTeamScore=1557
  census DrawPveIntro_YC=1557
  census DrawMissionBrief=1557
  census DrawLocalMessage_Sh=1557
  census DrawBrief=1557
  census DrawShortBriefing_BD=1557
  census DrawMsg=1557
  census SetGameSpeed=1557
  census InitializeFor=1557
  census RealTick=1557
  census ProcessPushMoveGMCamera_BD=1557
  census SetTwoSceanFov_JW=1557
  census SetWaterRefraction_JB=1557
  census EventButtonUp_MH=1557
  census DefaultMechTick_MH=1557
  census BoosterTick_MH=1557
  census CalcBoosterTick_JW=1557
  census EncodeSetPawnBoosterME_JW=1557
  census CalcMoveTime_JW=1557
  census ProcessPerVelocity_JW=1557
  census CalcThirdCameraMove_JW=1557
  census HandleWalking=1557
  census SetWalking=1557
  census RawInput=1557
  census PlayerMove=1557
  census CheckBob=1557
  census UpdateRotation=1557
  census LimitPitch=1557
  census ViewShake=1557
  census ViewFlash=1557
  census FaceRotation=1557
  census ProcessMove=1557
  census BoosterEventMoment_JW=1557
  census SetViewPitch=1557
  census ShouldCrouch=1557
  census CheckRevieUser=1557
  census CheckGameHistory=1557
  census UpdateChat=1557
  census ProcessMechColList_JW=1557
  census IsLocallyControlled=1557
  census UpdateShadow=1557
  census DetachProjector=1557
  census AttachProjector=1557
  census PlayBooster=1557
  census CalcBehindView=1557
  census CalcFireCamrot_JW=1557
  census SetAniokNosee_JW=1556
  census GetBoneCoords=1556
  census OrthoRotation=1556
  census CacheCalcView=1556
  census GetTeamNum=756
  census Timer=525
  census GetRadarInfo=130
  census PlayFootStep=124
  census FootStepping=124
  census AnimEnd=79
  census PlayFootStepRight=62
  census PlayFootStepLeft=62
  census UpdatePlayerLocation=55
  census IsActorAttackReady=34
  census AIMoveFunc=14
  census GetNodeStruct=14
  census CheckNodeReach=14
  census GetNodeActor=14
  census SetMoveTarget_JW=14
  census SetAttractionState=14
  census SetupGroundSpeed_JW=14
  census SetSpeedNowState=14
  census MoveTo_JW=14
  census GetRandDefenceActor=10
  census GetTDynamicActor=10
  census SetBrenchChange=8
  census Touch=6
  census UpdateSentText=5
  census GetAIBotCount=1
  census ConsoleCommand=1
[2026-09-22T10:54:10.406Z] pid=65756 window_ms=5001 calls=848302 ServerFire=0 ClientFire=0 unresolved=0 distinct_names=233
  census Tick=102888
  census Tick_MH=90848
  census DeltaTimeCheck_JW=78808
  census GetLocalPlayerController=42771
  census GetMastActor=39424
  census IsMeAttackReady=39404
  census AIEMPProcess=39404
  census AIAttackHeadSpinProcess_JW=39404
  census IsMeMoveTargetReady=27364
  census PostRender2D=14036
  census DrawCustomBeacon=12531
  census IsMeGM_BD=10535
  census GetHP_JW=7797
  census DecodeGetPawnHealth_JW=7537
  census PlayerCalcView=7526
  census IsPlayGame_BD=7525
  census LoadFontStatic=7525
  census DrawSkillInfo=6020
  census IsSpectating=6020
  census DecodeGetPawnBoosterME_JW=6020
  census DrawSpriteWidget=6020
  census PlayerTick=6020
  census UpdateFlashComponent=6020
  census DoBooster_sh=6020
  census SpawnUnit=4532
  census GetRespawnGroupByIndex=4532
  census PostRender=4515
  census DrawEMP_JW=4515
  census GetConsoleFont=4515
  census WeaponTick=4515
  census WorldSpaceOverlays=3011
  census CanvasDrawActors=3010
  census DrawHUD=3010
  census RenderOverlays=3010
  census GetMediumFontFor=3010
  census DrawEnemyName=3010
  census DisplayMessages=3010
  census GetPhysicsVolume=3010
  census Trace_UJ2=1526
  census SetAniokNosee_JW=1506
  census GetBoneCoords=1506
  census OrthoRotation=1506
  census CacheCalcView=1506
  census GetNumLive=1505
  census DrawATnDefLv=1505
  census GetDefaultNumLive=1505
  census BuildMOTD=1505
  census LinkActors=1505
  census CheckEndGame_BD=1505
  census OnHudPostRender_MH=1505
  census Draw3dObjectiveArrow=1505
  census Render=1505
  census UpdateHUD=1505
  census DrawDamageIndicators=1505
  census DrawHudPassA=1505
  census ZoomFadeOut=1505
  census ActiveActionDraw=1505
  census AcquireActionDraw=1505
  census IsIgnoreAction=1505
  census DrawRader_JW=1505
  census DrawRader=1505
  census DrawHudRadarMap=1505
  census DrawHudRadarPawn=1505
  census CalculCrossChangeKitLen=1505
  census GetAmmoNumKitMax=1505
  census CalculHitRate=1505
  census CalculCrossHitRateLen=1505
  census SetCrossDrawColor=1505
  census RendGage=1505
  census DrawHPSP=1505
  census DrawHP_BD=1505
  census DrawHpBoarder_BD=1505
  census DrawHpGauge_BD=1505
  census DrawHpPointGauge_BD=1505
  census DrawHpDigit_JW=1505
  census DrawBoosterGauge_JW=1505
  census DrawPoint_BD=1505
  census DrawRefillAmmo_BD=1505
  census DrawAmmo=1505
  census GetAmmoCount=1505
  census ChangeAmmoInfo=1505
  census DrawAmmoKit=1505
  census DrawNum4Texture_YC=1505
  census DrawEventWep=1505
  census DrawBulletCashUI=1505
  census DrawDWeaponNum_JW=1505
  census DrawItemboxExtraTimer_JW=1505
  census DrawGameGuide_BD=1505
  census DrawHudPassB=1505
  census DrawHudPassC=1505
  census DrawCrosshair=1505
  census Trace_UJ=1505
  census DrawHudPassD=1505
  census DisplayLocalMessages=1505
  census DrawWarning_UJ=1505
  census IsLockOn_MH=1505
  census DrawSensi_JW=1505
  census DisplayRecordEventMsg_BD=1505
  census DisplayNoticeMessages_BD=1505
  census DrawETC=1505
  census DrawRadioMsg=1505
  census DrawTextKillMessage=1505
  census DrawRadioMenu_YC=1505
  census PlayNoEngineer=1505
  census Tick_RadioMenu=1505
  census Get_RM_NUM_PRESS=1505
  census DrawKillAnim=1505
  census PostDrawHud=1505
  census DrawTimer=1505
  census DrawTeamScore=1505
  census DrawPveIntro_YC=1505
  census DrawMissionBrief=1505
  census DrawLocalMessage_Sh=1505
  census DrawBrief=1505
  census DrawShortBriefing_BD=1505
  census DrawMsg=1505
  census SetGameSpeed=1505
  census InitializeFor=1505
  census RealTick=1505
  census ProcessPushMoveGMCamera_BD=1505
  census SetTwoSceanFov_JW=1505
  census SetWaterRefraction_JB=1505
  census EventButtonUp_MH=1505
  census DefaultMechTick_MH=1505
  census BoosterTick_MH=1505
  census CalcBoosterTick_JW=1505
  census EncodeSetPawnBoosterME_JW=1505
  census CalcMoveTime_JW=1505
  census ProcessPerVelocity_JW=1505
  census CalcThirdCameraMove_JW=1505
  census HandleWalking=1505
  census SetWalking=1505
  census RawInput=1505
  census PlayerMove=1505
  census CheckBob=1505
  census UpdateRotation=1505
  census LimitPitch=1505
  census ViewShake=1505
  census ViewFlash=1505
  census FaceRotation=1505
  census ProcessMove=1505
  census BoosterEventMoment_JW=1505
  census SetViewPitch=1505
  census ShouldCrouch=1505
  census CheckRevieUser=1505
  census CheckGameHistory=1505
  census UpdateChat=1505
  census ProcessMechColList_JW=1505
  census IsLocallyControlled=1505
  census UpdateShadow=1505
  census DetachProjector=1505
  census AttachProjector=1505
  census PlayBooster=1505
  census CalcBehindView=1505
  census CalcFireCamrot_JW=1505
  census GetTeamNum=1221
  census Timer=452
  census PlayFootStep=158
  census FootStepping=158
  census GetRadarInfo=120
  census AnimEnd=97
  census PlayFootStepRight=83
  census PlayFootStepLeft=75
  census UpdatePlayerLocation=70
  census PreBeginPlay=66
  census PostBeginPlay=66
  census DynamicLoadObject=60
  census IsActorAttackReady=48
  census PostNetBeginPlay=42
  census CheckRelevance=36
  census AlwaysKeep=36
  census IsRelevant=36
  census CheckReplacement=36
  census BeginPlay=36
  census ZoneChange=36
  census SetInitialState=36
  census GetNodeActor=25
  census SetMoveTarget_JW=25
  census SetupGroundSpeed_JW=25
  census SetSpeedNowState=25
  census MoveTo_JW=25
  census Touch=23
  census AIMoveFunc=19
  census GetNodeStruct=19
  census CheckNodeReach=19
  census SetAttractionState=19
  census GetRandDefenceActor=16
  census GetTDynamicActor=16
  census InitPlayerReplicationInfo=12
  census CreateIntelligence=12
  census SetTeam=12
  census SetWeapon_Table=12
  census Possess=12
  census Restart=12
  census SetBrenchChange=7
  census FindPlayerStart=6
  census RatePlayerStart=6
  census SpawnPawn_BD=6
  census GetMrBot=6
  census GetAITeam_BD=6
  census AddPRI=6
  census SetPlayerName=6
  census RestartMRAI=6
  census GetSpawnPosition_BD=6
  census GetItemName=6
  census SetMesh_JW=6
  census LinkMesh=6
  census HeadVolumeChange=6
  census SetMastActor=6
  census IntelligenceSpawn=6
  census BoneRefresh=6
  census InitializeAIMech_JW=6
  census IntelligenceResetTeam_MH=6
  census SetMRAiControllerStarting_JW=6
  census SetAIInfo_JW=6
  census ChangeCollisionSetting_JW=6
  census Destroyed=6
  census SetAISkin=6
  census PossessedBy=6
  census ChangeAnimation=6
  census PlayWaiting=6
  census PlayMoving=6
  census BeginState=6
  census ClearTemporaryOrders=6
  census SetMovementPhysics=6
  census ClientSetRotation=6
  census TriggerEvent=6
  census SetRespawnNameTag_BD=6
  census NotifyLanded=6
  census BaseChange=6
  census UpdateSentText=5
  census GetAIBotCount=1
  census ConsoleCommand=1
[2026-09-22T10:54:15.407Z] pid=65756 window_ms=5001 calls=886922 ServerFire=0 ClientFire=0 unresolved=0 distinct_names=181
  census Tick=107928
  census Tick_MH=95936
  census DeltaTimeCheck_JW=83944
  census GetLocalPlayerController=47763
  census GetMastActor=41992
  census IsMeAttackReady=41972
  census AIEMPProcess=41972
  census AIAttackHeadSpinProcess_JW=41972
  census IsMeMoveTargetReady=29980
  census PostRender2D=19136
  census DrawCustomBeacon=17637
  census IsMeGM_BD=10493
  census GetHP_JW=7804
  census DecodeGetPawnHealth_JW=7508
  census IsPlayGame_BD=7495
  census LoadFontStatic=7495
  census PlayerCalcView=7494
  census DrawSkillInfo=5996
  census IsSpectating=5996
  census DecodeGetPawnBoosterME_JW=5996
  census DrawSpriteWidget=5996
  census PlayerTick=5996
  census UpdateFlashComponent=5996
  census DoBooster_sh=5996
  census PostRender=4497
  census DrawEMP_JW=4497
  census GetConsoleFont=4497
  census WeaponTick=4497
  census CanvasDrawActors=2998
  census DrawHUD=2998
  census RenderOverlays=2998
  census GetMediumFontFor=2998
  census DrawEnemyName=2998
  census DisplayMessages=2998
  census SpawnUnit=2998
  census GetRespawnGroupByIndex=2998
  census GetPhysicsVolume=2998
  census WorldSpaceOverlays=2997
  census Trace_UJ2=1519
  census GetNumLive=1499
  census DrawATnDefLv=1499
  census GetDefaultNumLive=1499
  census BuildMOTD=1499
  census LinkActors=1499
  census CheckEndGame_BD=1499
  census OnHudPostRender_MH=1499
  census Draw3dObjectiveArrow=1499
  census Render=1499
  census UpdateHUD=1499
  census DrawDamageIndicators=1499
  census DrawHudPassA=1499
  census ZoomFadeOut=1499
  census ActiveActionDraw=1499
  census AcquireActionDraw=1499
  census IsIgnoreAction=1499
  census DrawRader_JW=1499
  census DrawRader=1499
  census DrawHudRadarMap=1499
  census DrawHudRadarPawn=1499
  census CalculCrossChangeKitLen=1499
  census GetAmmoNumKitMax=1499
  census CalculHitRate=1499
  census CalculCrossHitRateLen=1499
  census SetCrossDrawColor=1499
  census RendGage=1499
  census DrawHPSP=1499
  census DrawHP_BD=1499
  census DrawHpBoarder_BD=1499
  census DrawHpGauge_BD=1499
  census DrawHpPointGauge_BD=1499
  census DrawHpDigit_JW=1499
  census DrawBoosterGauge_JW=1499
  census DrawPoint_BD=1499
  census DrawRefillAmmo_BD=1499
  census DrawAmmo=1499
  census GetAmmoCount=1499
  census ChangeAmmoInfo=1499
  census DrawAmmoKit=1499
  census DrawNum4Texture_YC=1499
  census DrawEventWep=1499
  census DrawBulletCashUI=1499
  census DrawDWeaponNum_JW=1499
  census DrawItemboxExtraTimer_JW=1499
  census DrawGameGuide_BD=1499
  census DrawHudPassB=1499
  census DrawHudPassC=1499
  census DrawCrosshair=1499
  census Trace_UJ=1499
  census DrawHudPassD=1499
  census DisplayLocalMessages=1499
  census DrawWarning_UJ=1499
  census IsLockOn_MH=1499
  census DrawSensi_JW=1499
  census DisplayRecordEventMsg_BD=1499
  census DisplayNoticeMessages_BD=1499
  census DrawETC=1499
  census DrawRadioMsg=1499
  census DrawTextKillMessage=1499
  census DrawRadioMenu_YC=1499
  census PlayNoEngineer=1499
  census Tick_RadioMenu=1499
  census Get_RM_NUM_PRESS=1499
  census DrawKillAnim=1499
  census PostDrawHud=1499
  census DrawTimer=1499
  census DrawTeamScore=1499
  census DrawPveIntro_YC=1499
  census DrawMissionBrief=1499
  census DrawLocalMessage_Sh=1499
  census DrawBrief=1499
  census DrawShortBriefing_BD=1499
  census DrawMsg=1499
  census SetGameSpeed=1499
  census InitializeFor=1499
  census RealTick=1499
  census ProcessPushMoveGMCamera_BD=1499
  census SetTwoSceanFov_JW=1499
  census SetWaterRefraction_JB=1499
  census EventButtonUp_MH=1499
  census DefaultMechTick_MH=1499
  census BoosterTick_MH=1499
  census CalcBoosterTick_JW=1499
  census EncodeSetPawnBoosterME_JW=1499
  census CalcMoveTime_JW=1499
  census ProcessPerVelocity_JW=1499
  census CalcThirdCameraMove_JW=1499
  census HandleWalking=1499
  census SetWalking=1499
  census RawInput=1499
  census PlayerMove=1499
  census CheckBob=1499
  census UpdateRotation=1499
  census LimitPitch=1499
  census ViewShake=1499
  census ViewFlash=1499
  census FaceRotation=1499
  census ProcessMove=1499
  census BoosterEventMoment_JW=1499
  census SetViewPitch=1499
  census ShouldCrouch=1499
  census CheckRevieUser=1499
  census CheckGameHistory=1499
  census UpdateChat=1499
  census ProcessMechColList_JW=1499
  census IsLocallyControlled=1499
  census UpdateShadow=1499
  census DetachProjector=1499
  census AttachProjector=1499
  census PlayBooster=1499
  census CalcBehindView=1499
  census CalcFireCamrot_JW=1499
  census SetAniokNosee_JW=1499
  census GetBoneCoords=1499
  census OrthoRotation=1499
  census CacheCalcView=1499
  census GetTeamNum=1376
  census Timer=544
  census PlayFootStep=175
  census FootStepping=175
  census GetRadarInfo=130
  census AnimEnd=114
  census PlayFootStepLeft=90
  census PlayFootStepRight=85
  census UpdatePlayerLocation=74
  census IsActorAttackReady=48
  census Touch=32
  census AIMoveFunc=20
  census GetNodeStruct=20
  census CheckNodeReach=20
  census GetNodeActor=20
  census SetMoveTarget_JW=20
  census SetAttractionState=20
  census SetupGroundSpeed_JW=20
  census SetSpeedNowState=20
  census MoveTo_JW=20
  census GetRandDefenceActor=14
  census GetTDynamicActor=14
  census UpdateSentText=5
  census SetBrenchChange=1
  census GetAIBotCount=1
  census ConsoleCommand=1
[2026-09-22T10:54:20.408Z] pid=65756 window_ms=5001 calls=897827 ServerFire=0 ClientFire=0 unresolved=0 distinct_names=181
  census Tick=112575
  census Tick_MH=100069
  census DeltaTimeCheck_JW=87558
  census GetMastActor=43799
  census IsMeAttackReady=43779
  census AIEMPProcess=43778
  census AIAttackHeadSpinProcess_JW=43778
  census GetLocalPlayerController=40963
  census IsMeMoveTargetReady=31268
  census PostRender2D=11112
  census IsMeGM_BD=10948
  census DrawCustomBeacon=9548
  census GetHP_JW=8017
  census DecodeGetPawnHealth_JW=7832
  census IsPlayGame_BD=7820
  census LoadFontStatic=7820
  census PlayerCalcView=7819
  census DrawSkillInfo=6256
  census IsSpectating=6256
  census DecodeGetPawnBoosterME_JW=6256
  census DrawSpriteWidget=6256
  census PlayerTick=6256
  census UpdateFlashComponent=6256
  census DoBooster_sh=6252
  census PostRender=4692
  census DrawEMP_JW=4692
  census GetConsoleFont=4692
  census WeaponTick=4689
  census WorldSpaceOverlays=3128
  census CanvasDrawActors=3128
  census DrawHUD=3128
  census RenderOverlays=3128
  census GetMediumFontFor=3128
  census DrawEnemyName=3128
  census DisplayMessages=3128
  census SpawnUnit=3128
  census GetRespawnGroupByIndex=3128
  census GetPhysicsVolume=3128
  census Trace_UJ2=1583
  census GetNumLive=1564
  census DrawATnDefLv=1564
  census GetDefaultNumLive=1564
  census BuildMOTD=1564
  census LinkActors=1564
  census CheckEndGame_BD=1564
  census OnHudPostRender_MH=1564
  census Draw3dObjectiveArrow=1564
  census Render=1564
  census UpdateHUD=1564
  census DrawDamageIndicators=1564
  census DrawHudPassA=1564
  census ZoomFadeOut=1564
  census ActiveActionDraw=1564
  census AcquireActionDraw=1564
  census IsIgnoreAction=1564
  census DrawRader_JW=1564
  census DrawRader=1564
  census DrawHudRadarMap=1564
  census DrawHudRadarPawn=1564
  census CalculCrossChangeKitLen=1564
  census GetAmmoNumKitMax=1564
  census CalculHitRate=1564
  census CalculCrossHitRateLen=1564
  census SetCrossDrawColor=1564
  census RendGage=1564
  census DrawHPSP=1564
  census DrawHP_BD=1564
  census DrawHpBoarder_BD=1564
  census DrawHpGauge_BD=1564
  census DrawHpPointGauge_BD=1564
  census DrawHpDigit_JW=1564
  census DrawBoosterGauge_JW=1564
  census DrawPoint_BD=1564
  census DrawRefillAmmo_BD=1564
  census DrawAmmo=1564
  census GetAmmoCount=1564
  census ChangeAmmoInfo=1564
  census DrawAmmoKit=1564
  census DrawNum4Texture_YC=1564
  census DrawEventWep=1564
  census DrawBulletCashUI=1564
  census DrawDWeaponNum_JW=1564
  census DrawItemboxExtraTimer_JW=1564
  census DrawGameGuide_BD=1564
  census DrawHudPassB=1564
  census DrawHudPassC=1564
  census DrawCrosshair=1564
  census Trace_UJ=1564
  census DrawHudPassD=1564
  census DisplayLocalMessages=1564
  census DrawWarning_UJ=1564
  census IsLockOn_MH=1564
  census DrawSensi_JW=1564
  census DisplayRecordEventMsg_BD=1564
  census DisplayNoticeMessages_BD=1564
  census DrawETC=1564
  census DrawRadioMsg=1564
  census DrawTextKillMessage=1564
  census DrawRadioMenu_YC=1564
  census PlayNoEngineer=1564
  census Tick_RadioMenu=1564
  census Get_RM_NUM_PRESS=1564
  census DrawKillAnim=1564
  census PostDrawHud=1564
  census DrawTimer=1564
  census DrawTeamScore=1564
  census DrawPveIntro_YC=1564
  census DrawMissionBrief=1564
  census DrawLocalMessage_Sh=1564
  census DrawBrief=1564
  census DrawShortBriefing_BD=1564
  census DrawMsg=1564
  census SetGameSpeed=1564
  census InitializeFor=1564
  census RealTick=1564
  census ProcessPushMoveGMCamera_BD=1564
  census SetTwoSceanFov_JW=1564
  census SetWaterRefraction_JB=1564
  census EventButtonUp_MH=1564
  census DefaultMechTick_MH=1564
  census BoosterTick_MH=1564
  census CalcBoosterTick_JW=1564
  census EncodeSetPawnBoosterME_JW=1564
  census CalcMoveTime_JW=1564
  census ProcessPerVelocity_JW=1564
  census CalcThirdCameraMove_JW=1564
  census HandleWalking=1564
  census SetWalking=1564
  census RawInput=1564
  census PlayerMove=1564
  census CheckBob=1564
  census UpdateRotation=1564
  census LimitPitch=1564
  census ViewShake=1564
  census ViewFlash=1564
  census FaceRotation=1564
  census ProcessMove=1564
  census BoosterEventMoment_JW=1564
  census SetViewPitch=1564
  census ShouldCrouch=1564
  census CheckRevieUser=1564
  census CheckGameHistory=1564
  census UpdateChat=1564
  census ProcessMechColList_JW=1563
  census IsLocallyControlled=1563
  census UpdateShadow=1563
  census DetachProjector=1563
  census AttachProjector=1563
  census PlayBooster=1563
  census CalcBehindView=1563
  census CalcFireCamrot_JW=1563
  census SetAniokNosee_JW=1563
  census GetBoneCoords=1563
  census OrthoRotation=1563
  census CacheCalcView=1563
  census GetTeamNum=916
  census Timer=458
  census PlayFootStep=179
  census FootStepping=179
  census GetRadarInfo=120
  census AnimEnd=98
  census PlayFootStepRight=92
  census PlayFootStepLeft=87
  census UpdatePlayerLocation=77
  census IsActorAttackReady=44
  census Touch=25
  census AIMoveFunc=23
  census GetNodeStruct=23
  census CheckNodeReach=23
  census GetNodeActor=23
  census SetMoveTarget_JW=23
  census SetAttractionState=23
  census SetupGroundSpeed_JW=23
  census SetSpeedNowState=23
  census MoveTo_JW=23
  census GetRandDefenceActor=10
  census GetTDynamicActor=10
  census SetBrenchChange=7
  census UpdateSentText=5
  census GetAIBotCount=1
  census ConsoleCommand=1
[2026-09-22T10:54:25.408Z] pid=65756 window_ms=5000 calls=910693 ServerFire=0 ClientFire=0 unresolved=0 distinct_names=180
  census Tick=114248
  census Tick_MH=101551
  census DeltaTimeCheck_JW=88856
  census GetMastActor=44448
  census AIEMPProcess=44429
  census AIAttackHeadSpinProcess_JW=44429
  census IsMeAttackReady=44428
  census GetLocalPlayerController=41425
  census IsMeMoveTargetReady=31733
  census PostRender2D=11126
  census IsMeGM_BD=11109
  census DrawCustomBeacon=9539
  census GetHP_JW=8129
  census DecodeGetPawnHealth_JW=7948
  census PlayerCalcView=7935
  census IsPlayGame_BD=7935
  census LoadFontStatic=7935
  census DoBooster_sh=6348
  census DrawSkillInfo=6348
  census IsSpectating=6348
  census DecodeGetPawnBoosterME_JW=6348
  census DrawSpriteWidget=6348
  census PlayerTick=6348
  census UpdateFlashComponent=6348
  census WeaponTick=4761
  census PostRender=4761
  census DrawEMP_JW=4761
  census GetConsoleFont=4761
  census WorldSpaceOverlays=3174
  census CanvasDrawActors=3174
  census DrawHUD=3174
  census RenderOverlays=3174
  census GetMediumFontFor=3174
  census DrawEnemyName=3174
  census DisplayMessages=3174
  census SpawnUnit=3174
  census GetRespawnGroupByIndex=3174
  census GetPhysicsVolume=3174
  census Trace_UJ2=1607
  census ProcessMechColList_JW=1587
  census IsLocallyControlled=1587
  census UpdateShadow=1587
  census DetachProjector=1587
  census AttachProjector=1587
  census PlayBooster=1587
  census CalcBehindView=1587
  census CalcFireCamrot_JW=1587
  census SetAniokNosee_JW=1587
  census GetBoneCoords=1587
  census OrthoRotation=1587
  census CacheCalcView=1587
  census GetNumLive=1587
  census DrawATnDefLv=1587
  census GetDefaultNumLive=1587
  census BuildMOTD=1587
  census LinkActors=1587
  census CheckEndGame_BD=1587
  census OnHudPostRender_MH=1587
  census Draw3dObjectiveArrow=1587
  census Render=1587
  census UpdateHUD=1587
  census DrawDamageIndicators=1587
  census DrawHudPassA=1587
  census ZoomFadeOut=1587
  census ActiveActionDraw=1587
  census AcquireActionDraw=1587
  census IsIgnoreAction=1587
  census DrawRader_JW=1587
  census DrawRader=1587
  census DrawHudRadarMap=1587
  census DrawHudRadarPawn=1587
  census CalculCrossChangeKitLen=1587
  census GetAmmoNumKitMax=1587
  census CalculHitRate=1587
  census CalculCrossHitRateLen=1587
  census SetCrossDrawColor=1587
  census RendGage=1587
  census DrawHPSP=1587
  census DrawHP_BD=1587
  census DrawHpBoarder_BD=1587
  census DrawHpGauge_BD=1587
  census DrawHpPointGauge_BD=1587
  census DrawHpDigit_JW=1587
  census DrawBoosterGauge_JW=1587
  census DrawPoint_BD=1587
  census DrawRefillAmmo_BD=1587
  census DrawAmmo=1587
  census GetAmmoCount=1587
  census ChangeAmmoInfo=1587
  census DrawAmmoKit=1587
  census DrawNum4Texture_YC=1587
  census DrawEventWep=1587
  census DrawBulletCashUI=1587
  census DrawDWeaponNum_JW=1587
  census DrawItemboxExtraTimer_JW=1587
  census DrawGameGuide_BD=1587
  census DrawHudPassB=1587
  census DrawHudPassC=1587
  census DrawCrosshair=1587
  census Trace_UJ=1587
  census DrawHudPassD=1587
  census DisplayLocalMessages=1587
  census DrawWarning_UJ=1587
  census IsLockOn_MH=1587
  census DrawSensi_JW=1587
  census DisplayRecordEventMsg_BD=1587
  census DisplayNoticeMessages_BD=1587
  census DrawETC=1587
  census DrawRadioMsg=1587
  census DrawTextKillMessage=1587
  census DrawRadioMenu_YC=1587
  census PlayNoEngineer=1587
  census Tick_RadioMenu=1587
  census Get_RM_NUM_PRESS=1587
  census DrawKillAnim=1587
  census PostDrawHud=1587
  census DrawTimer=1587
  census DrawTeamScore=1587
  census DrawPveIntro_YC=1587
  census DrawMissionBrief=1587
  census DrawLocalMessage_Sh=1587
  census DrawBrief=1587
  census DrawShortBriefing_BD=1587
  census DrawMsg=1587
  census SetGameSpeed=1587
  census InitializeFor=1587
  census RealTick=1587
  census ProcessPushMoveGMCamera_BD=1587
  census SetTwoSceanFov_JW=1587
  census SetWaterRefraction_JB=1587
  census EventButtonUp_MH=1587
  census DefaultMechTick_MH=1587
  census BoosterTick_MH=1587
  census CalcBoosterTick_JW=1587
  census EncodeSetPawnBoosterME_JW=1587
  census CalcMoveTime_JW=1587
  census ProcessPerVelocity_JW=1587
  census CalcThirdCameraMove_JW=1587
  census HandleWalking=1587
  census SetWalking=1587
  census RawInput=1587
  census PlayerMove=1587
  census CheckBob=1587
  census UpdateRotation=1587
  census LimitPitch=1587
  census ViewShake=1587
  census ViewFlash=1587
  census FaceRotation=1587
  census ProcessMove=1587
  census BoosterEventMoment_JW=1587
  census SetViewPitch=1587
  census ShouldCrouch=1587
  census CheckRevieUser=1587
  census CheckGameHistory=1587
  census UpdateChat=1587
  census GetTeamNum=916
  census Timer=541
  census PlayFootStep=178
  census FootStepping=178
  census GetRadarInfo=130
  census AnimEnd=112
  census PlayFootStepLeft=91
  census PlayFootStepRight=87
  census UpdatePlayerLocation=71
  census IsActorAttackReady=48
  census Touch=34
  census AIMoveFunc=16
  census GetNodeStruct=16
  census CheckNodeReach=16
  census GetNodeActor=16
  census SetMoveTarget_JW=16
  census SetAttractionState=16
  census SetupGroundSpeed_JW=16
  census SetSpeedNowState=16
  census MoveTo_JW=16
  census GetRandDefenceActor=16
  census GetTDynamicActor=16
  census UpdateSentText=5
  census SetBrenchChange=3
  census GetAIBotCount=1
[2026-09-22T10:54:30.408Z] pid=65756 window_ms=5000 calls=900620 ServerFire=0 ClientFire=0 unresolved=0 distinct_names=181
  census Tick=112082
  census Tick_MH=99628
  census DeltaTimeCheck_JW=87178
  census GetMastActor=43609
  census IsMeAttackReady=43589
  census AIEMPProcess=43589
  census AIAttackHeadSpinProcess_JW=43589
  census GetLocalPlayerController=42888
  census IsMeMoveTargetReady=31139
  census PostRender2D=13166
  census DrawCustomBeacon=11609
  census IsMeGM_BD=10898
  census GetHP_JW=8069
  census DecodeGetPawnHealth_JW=7797
  census PlayerCalcView=7785
  census IsPlayGame_BD=7785
  census LoadFontStatic=7785
  census DoBooster_sh=6228
  census DrawSkillInfo=6228
  census DrawSpriteWidget=6228
  census IsSpectating=6227
  census DecodeGetPawnBoosterME_JW=6226
  census PlayerTick=6224
  census UpdateFlashComponent=6224
  census WeaponTick=4671
  census PostRender=4671
  census DrawEMP_JW=4671
  census GetConsoleFont=4671
  census WorldSpaceOverlays=3114
  census CanvasDrawActors=3114
  census DrawHUD=3114
  census RenderOverlays=3114
  census GetMediumFontFor=3114
  census DrawEnemyName=3114
  census DisplayMessages=3114
  census SpawnUnit=3112
  census GetRespawnGroupByIndex=3112
  census GetPhysicsVolume=3112
  census Trace_UJ2=1577
  census ProcessMechColList_JW=1557
  census IsLocallyControlled=1557
  census UpdateShadow=1557
  census DetachProjector=1557
  census AttachProjector=1557
  census PlayBooster=1557
  census CalcBehindView=1557
  census CalcFireCamrot_JW=1557
  census SetAniokNosee_JW=1557
  census GetBoneCoords=1557
  census OrthoRotation=1557
  census CacheCalcView=1557
  census GetNumLive=1557
  census DrawATnDefLv=1557
  census GetDefaultNumLive=1557
  census BuildMOTD=1557
  census LinkActors=1557
  census CheckEndGame_BD=1557
  census OnHudPostRender_MH=1557
  census Draw3dObjectiveArrow=1557
  census Render=1557
  census UpdateHUD=1557
  census DrawDamageIndicators=1557
  census DrawHudPassA=1557
  census ZoomFadeOut=1557
  census ActiveActionDraw=1557
  census AcquireActionDraw=1557
  census IsIgnoreAction=1557
  census DrawRader_JW=1557
  census DrawRader=1557
  census DrawHudRadarMap=1557
  census DrawHudRadarPawn=1557
  census CalculCrossChangeKitLen=1557
  census GetAmmoNumKitMax=1557
  census CalculHitRate=1557
  census CalculCrossHitRateLen=1557
  census SetCrossDrawColor=1557
  census RendGage=1557
  census DrawHPSP=1557
  census DrawHP_BD=1557
  census DrawHpBoarder_BD=1557
  census DrawHpGauge_BD=1557
  census DrawHpPointGauge_BD=1557
  census DrawHpDigit_JW=1557
  census DrawBoosterGauge_JW=1557
  census DrawPoint_BD=1557
  census DrawRefillAmmo_BD=1557
  census DrawAmmo=1557
  census GetAmmoCount=1557
  census ChangeAmmoInfo=1557
  census DrawAmmoKit=1557
  census DrawNum4Texture_YC=1557
  census DrawEventWep=1557
  census DrawBulletCashUI=1557
  census DrawDWeaponNum_JW=1557
  census DrawItemboxExtraTimer_JW=1557
  census DrawGameGuide_BD=1557
  census DrawHudPassB=1557
  census DrawHudPassC=1557
  census DrawCrosshair=1557
  census Trace_UJ=1557
  census DrawHudPassD=1557
  census DisplayLocalMessages=1557
  census DrawWarning_UJ=1557
  census IsLockOn_MH=1557
  census DrawSensi_JW=1557
  census DisplayRecordEventMsg_BD=1557
  census DisplayNoticeMessages_BD=1557
  census DrawETC=1557
  census DrawRadioMsg=1557
  census DrawTextKillMessage=1557
  census DrawRadioMenu_YC=1557
  census PlayNoEngineer=1557
  census Tick_RadioMenu=1557
  census Get_RM_NUM_PRESS=1557
  census DrawKillAnim=1557
  census PostDrawHud=1557
  census DrawTimer=1557
  census DrawTeamScore=1557
  census DrawPveIntro_YC=1557
  census DrawMissionBrief=1557
  census DrawLocalMessage_Sh=1557
  census DrawBrief=1557
  census DrawShortBriefing_BD=1557
  census DrawMsg=1557
  census SetGameSpeed=1557
  census InitializeFor=1557
  census RealTick=1556
  census ProcessPushMoveGMCamera_BD=1556
  census SetTwoSceanFov_JW=1556
  census SetWaterRefraction_JB=1556
  census EventButtonUp_MH=1556
  census DefaultMechTick_MH=1556
  census BoosterTick_MH=1556
  census CalcBoosterTick_JW=1556
  census EncodeSetPawnBoosterME_JW=1556
  census CalcMoveTime_JW=1556
  census ProcessPerVelocity_JW=1556
  census CalcThirdCameraMove_JW=1556
  census HandleWalking=1556
  census SetWalking=1556
  census RawInput=1556
  census PlayerMove=1556
  census CheckBob=1556
  census UpdateRotation=1556
  census LimitPitch=1556
  census ViewShake=1556
  census ViewFlash=1556
  census FaceRotation=1556
  census ProcessMove=1556
  census BoosterEventMoment_JW=1556
  census SetViewPitch=1556
  census ShouldCrouch=1556
  census CheckRevieUser=1556
  census CheckGameHistory=1556
  census UpdateChat=1556
  census GetTeamNum=1280
  census Timer=453
  census PlayFootStep=174
  census FootStepping=174
  census GetRadarInfo=120
  census AnimEnd=103
  census PlayFootStepRight=90
  census PlayFootStepLeft=84
  census UpdatePlayerLocation=72
  census IsActorAttackReady=48
  census AIMoveFunc=23
  census GetNodeStruct=23
  census CheckNodeReach=23
  census GetNodeActor=23
  census SetMoveTarget_JW=23
  census SetAttractionState=23
  census SetupGroundSpeed_JW=23
  census SetSpeedNowState=23
  census MoveTo_JW=23
  census Touch=22
  census GetRandDefenceActor=14
  census GetTDynamicActor=14
  census SetBrenchChange=8
  census UpdateSentText=5
  census ConsoleCommand=3
  census GetAIBotCount=1
[2026-09-22T10:54:35.409Z] pid=65756 window_ms=5001 calls=893047 ServerFire=0 ClientFire=0 unresolved=0 distinct_names=180
  census Tick=110591
  census Tick_MH=98304
  census DeltaTimeCheck_JW=86016
  census GetLocalPlayerController=43815
  census GetMastActor=43028
  census IsMeAttackReady=43008
  census AIEMPProcess=43008
  census AIAttackHeadSpinProcess_JW=43008
  census IsMeMoveTargetReady=30720
  census PostRender2D=14506
  census DrawCustomBeacon=12970
  census IsMeGM_BD=10747
  census GetHP_JW=7941
  census DecodeGetPawnHealth_JW=7688
  census PlayerCalcView=7677
  census IsPlayGame_BD=7675
  census LoadFontStatic=7675
  census PlayerTick=6144
  census UpdateFlashComponent=6144
  census DoBooster_sh=6144
  census DecodeGetPawnBoosterME_JW=6142
  census IsSpectating=6141
  census DrawSkillInfo=6140
  census DrawSpriteWidget=6140
  census WeaponTick=4608
  census PostRender=4607
  census DrawEMP_JW=4605
  census GetConsoleFont=4605
  census SpawnUnit=3072
  census GetRespawnGroupByIndex=3072
  census GetPhysicsVolume=3072
  census WorldSpaceOverlays=3072
  census CanvasDrawActors=3070
  census DrawHUD=3070
  census RenderOverlays=3070
  census GetMediumFontFor=3070
  census DrawEnemyName=3070
  census DisplayMessages=3070
  census Trace_UJ2=1556
  census RealTick=1536
  census ProcessPushMoveGMCamera_BD=1536
  census SetTwoSceanFov_JW=1536
  census SetWaterRefraction_JB=1536
  census EventButtonUp_MH=1536
  census DefaultMechTick_MH=1536
  census BoosterTick_MH=1536
  census CalcBoosterTick_JW=1536
  census EncodeSetPawnBoosterME_JW=1536
  census CalcMoveTime_JW=1536
  census ProcessPerVelocity_JW=1536
  census CalcThirdCameraMove_JW=1536
  census HandleWalking=1536
  census SetWalking=1536
  census RawInput=1536
  census PlayerMove=1536
  census CheckBob=1536
  census UpdateRotation=1536
  census LimitPitch=1536
  census ViewShake=1536
  census ViewFlash=1536
  census FaceRotation=1536
  census ProcessMove=1536
  census BoosterEventMoment_JW=1536
  census SetViewPitch=1536
  census ShouldCrouch=1536
  census CheckRevieUser=1536
  census CheckGameHistory=1536
  census UpdateChat=1536
  census ProcessMechColList_JW=1536
  census IsLocallyControlled=1536
  census UpdateShadow=1536
  census DetachProjector=1536
  census AttachProjector=1536
  census PlayBooster=1536
  census CalcBehindView=1536
  census CalcFireCamrot_JW=1536
  census SetAniokNosee_JW=1536
  census GetBoneCoords=1536
  census OrthoRotation=1536
  census CacheCalcView=1536
  census GetNumLive=1535
  census DrawATnDefLv=1535
  census GetDefaultNumLive=1535
  census BuildMOTD=1535
  census LinkActors=1535
  census CheckEndGame_BD=1535
  census OnHudPostRender_MH=1535
  census Draw3dObjectiveArrow=1535
  census Render=1535
  census UpdateHUD=1535
  census DrawDamageIndicators=1535
  census DrawHudPassA=1535
  census ZoomFadeOut=1535
  census ActiveActionDraw=1535
  census AcquireActionDraw=1535
  census IsIgnoreAction=1535
  census DrawRader_JW=1535
  census DrawRader=1535
  census DrawHudRadarMap=1535
  census DrawHudRadarPawn=1535
  census CalculCrossChangeKitLen=1535
  census GetAmmoNumKitMax=1535
  census CalculHitRate=1535
  census CalculCrossHitRateLen=1535
  census SetCrossDrawColor=1535
  census RendGage=1535
  census DrawHPSP=1535
  census DrawHP_BD=1535
  census DrawHpBoarder_BD=1535
  census DrawHpGauge_BD=1535
  census DrawHpPointGauge_BD=1535
  census DrawHpDigit_JW=1535
  census DrawBoosterGauge_JW=1535
  census DrawPoint_BD=1535
  census DrawRefillAmmo_BD=1535
  census DrawAmmo=1535
  census GetAmmoCount=1535
  census ChangeAmmoInfo=1535
  census DrawAmmoKit=1535
  census DrawNum4Texture_YC=1535
  census DrawEventWep=1535
  census DrawBulletCashUI=1535
  census DrawDWeaponNum_JW=1535
  census DrawItemboxExtraTimer_JW=1535
  census DrawGameGuide_BD=1535
  census DrawHudPassB=1535
  census DrawHudPassC=1535
  census DrawCrosshair=1535
  census Trace_UJ=1535
  census DrawHudPassD=1535
  census DisplayLocalMessages=1535
  census DrawWarning_UJ=1535
  census IsLockOn_MH=1535
  census DrawSensi_JW=1535
  census DisplayRecordEventMsg_BD=1535
  census DisplayNoticeMessages_BD=1535
  census DrawETC=1535
  census DrawRadioMsg=1535
  census DrawTextKillMessage=1535
  census DrawRadioMenu_YC=1535
  census PlayNoEngineer=1535
  census Tick_RadioMenu=1535
  census Get_RM_NUM_PRESS=1535
  census DrawKillAnim=1535
  census PostDrawHud=1535
  census DrawTimer=1535
  census DrawTeamScore=1535
  census DrawPveIntro_YC=1535
  census DrawMissionBrief=1535
  census DrawLocalMessage_Sh=1535
  census DrawBrief=1535
  census DrawShortBriefing_BD=1535
  census DrawMsg=1535
  census SetGameSpeed=1535
  census InitializeFor=1535
  census GetTeamNum=1188
  census Timer=543
  census PlayFootStep=174
  census FootStepping=174
  census GetRadarInfo=130
  census AnimEnd=113
  census PlayFootStepLeft=91
  census PlayFootStepRight=83
  census UpdatePlayerLocation=73
  census IsActorAttackReady=44
  census AIMoveFunc=24
  census GetNodeStruct=24
  census CheckNodeReach=24
  census GetNodeActor=24
  census SetMoveTarget_JW=24
  census SetAttractionState=24
  census SetupGroundSpeed_JW=24
  census SetSpeedNowState=24
  census MoveTo_JW=24
  census Touch=23
  census GetRandDefenceActor=10
  census GetTDynamicActor=10
  census SetBrenchChange=7
  census UpdateSentText=5
  census GetAIBotCount=1
[2026-09-22T10:54:40.409Z] pid=65756 window_ms=5000 calls=889071 ServerFire=0 ClientFire=0 unresolved=0 distinct_names=181
  census Tick=111528
  census Tick_MH=99136
  census DeltaTimeCheck_JW=86744
  census GetMastActor=43392
  census IsMeAttackReady=43372
  census AIEMPProcess=43372
  census AIAttackHeadSpinProcess_JW=43372
  census GetLocalPlayerController=40407
  census IsMeMoveTargetReady=30980
  census IsMeGM_BD=10842
  census PostRender2D=10836
  census DrawCustomBeacon=9288
  census GetHP_JW=7971
  census DecodeGetPawnHealth_JW=7757
  census IsPlayGame_BD=7745
  census LoadFontStatic=7745
  census PlayerCalcView=7744
  census DrawSkillInfo=6196
  census IsSpectating=6196
  census DecodeGetPawnBoosterME_JW=6196
  census DrawSpriteWidget=6196
  census PlayerTick=6196
  census UpdateFlashComponent=6196
  census DoBooster_sh=6196
  census DrawEMP_JW=4647
  census GetConsoleFont=4647
  census WeaponTick=4647
  census PostRender=4645
  census CanvasDrawActors=3098
  census DrawHUD=3098
  census RenderOverlays=3098
  census GetMediumFontFor=3098
  census DrawEnemyName=3098
  census DisplayMessages=3098
  census SpawnUnit=3098
  census GetRespawnGroupByIndex=3098
  census GetPhysicsVolume=3098
  census WorldSpaceOverlays=3097
  census Trace_UJ2=1569
  census GetNumLive=1549
  census DrawATnDefLv=1549
  census GetDefaultNumLive=1549
  census BuildMOTD=1549
  census LinkActors=1549
  census CheckEndGame_BD=1549
  census OnHudPostRender_MH=1549
  census Draw3dObjectiveArrow=1549
  census Render=1549
  census UpdateHUD=1549
  census DrawDamageIndicators=1549
  census DrawHudPassA=1549
  census ZoomFadeOut=1549
  census ActiveActionDraw=1549
  census AcquireActionDraw=1549
  census IsIgnoreAction=1549
  census DrawRader_JW=1549
  census DrawRader=1549
  census DrawHudRadarMap=1549
  census DrawHudRadarPawn=1549
  census CalculCrossChangeKitLen=1549
  census GetAmmoNumKitMax=1549
  census CalculHitRate=1549
  census CalculCrossHitRateLen=1549
  census SetCrossDrawColor=1549
  census RendGage=1549
  census DrawHPSP=1549
  census DrawHP_BD=1549
  census DrawHpBoarder_BD=1549
  census DrawHpGauge_BD=1549
  census DrawHpPointGauge_BD=1549
  census DrawHpDigit_JW=1549
  census DrawBoosterGauge_JW=1549
  census DrawPoint_BD=1549
  census DrawRefillAmmo_BD=1549
  census DrawAmmo=1549
  census GetAmmoCount=1549
  census ChangeAmmoInfo=1549
  census DrawAmmoKit=1549
  census DrawNum4Texture_YC=1549
  census DrawEventWep=1549
  census DrawBulletCashUI=1549
  census DrawDWeaponNum_JW=1549
  census DrawItemboxExtraTimer_JW=1549
  census DrawGameGuide_BD=1549
  census DrawHudPassB=1549
  census DrawHudPassC=1549
  census DrawCrosshair=1549
  census Trace_UJ=1549
  census DrawHudPassD=1549
  census DisplayLocalMessages=1549
  census DrawWarning_UJ=1549
  census IsLockOn_MH=1549
  census DrawSensi_JW=1549
  census DisplayRecordEventMsg_BD=1549
  census DisplayNoticeMessages_BD=1549
  census DrawETC=1549
  census DrawRadioMsg=1549
  census DrawTextKillMessage=1549
  census DrawRadioMenu_YC=1549
  census PlayNoEngineer=1549
  census Tick_RadioMenu=1549
  census Get_RM_NUM_PRESS=1549
  census DrawKillAnim=1549
  census PostDrawHud=1549
  census DrawTimer=1549
  census DrawTeamScore=1549
  census DrawPveIntro_YC=1549
  census DrawMissionBrief=1549
  census DrawLocalMessage_Sh=1549
  census DrawBrief=1549
  census DrawShortBriefing_BD=1549
  census DrawMsg=1549
  census SetGameSpeed=1549
  census InitializeFor=1549
  census RealTick=1549
  census ProcessPushMoveGMCamera_BD=1549
  census SetTwoSceanFov_JW=1549
  census SetWaterRefraction_JB=1549
  census EventButtonUp_MH=1549
  census DefaultMechTick_MH=1549
  census BoosterTick_MH=1549
  census CalcBoosterTick_JW=1549
  census EncodeSetPawnBoosterME_JW=1549
  census CalcMoveTime_JW=1549
  census ProcessPerVelocity_JW=1549
  census CalcThirdCameraMove_JW=1549
  census HandleWalking=1549
  census SetWalking=1549
  census RawInput=1549
  census PlayerMove=1549
  census CheckBob=1549
  census UpdateRotation=1549
  census LimitPitch=1549
  census ViewShake=1549
  census ViewFlash=1549
  census FaceRotation=1549
  census ProcessMove=1549
  census BoosterEventMoment_JW=1549
  census SetViewPitch=1549
  census ShouldCrouch=1549
  census CheckRevieUser=1549
  census CheckGameHistory=1549
  census UpdateChat=1549
  census ProcessMechColList_JW=1549
  census IsLocallyControlled=1549
  census UpdateShadow=1549
  census DetachProjector=1549
  census AttachProjector=1549
  census PlayBooster=1549
  census CalcBehindView=1549
  census CalcFireCamrot_JW=1549
  census SetAniokNosee_JW=1549
  census GetBoneCoords=1549
  census OrthoRotation=1549
  census CacheCalcView=1549
  census GetTeamNum=1048
  census Timer=451
  census PlayFootStep=178
  census FootStepping=178
  census GetRadarInfo=120
  census AnimEnd=99
  census PlayFootStepRight=91
  census PlayFootStepLeft=87
  census UpdatePlayerLocation=70
  census IsActorAttackReady=48
  census Touch=44
  census AIMoveFunc=21
  census GetNodeStruct=21
  census CheckNodeReach=21
  census GetNodeActor=21
  census SetMoveTarget_JW=21
  census SetAttractionState=21
  census SetupGroundSpeed_JW=21
  census SetSpeedNowState=21
  census MoveTo_JW=21
  census GetRandDefenceActor=16
  census GetTDynamicActor=16
  census SetBrenchChange=8
  census UpdateSentText=5
  census GetAIBotCount=1
  census ConsoleCommand=1
[2026-09-22T10:54:45.410Z] pid=65756 window_ms=5001 calls=935362 ServerFire=0 ClientFire=0 unresolved=0 distinct_names=236
  census Tick=120644
  census Tick_MH=108820
  census DeltaTimeCheck_JW=96996
  census GetMastActor=48526
  census IsMeAttackReady=48498
  census AIEMPProcess=48498
  census AIAttackHeadSpinProcess_JW=48498
  census GetLocalPlayerController=41414
  census IsMeMoveTargetReady=36674
  census PostRender2D=13149
  census DrawCustomBeacon=11670
  census IsMeGM_BD=10352
  census GetHP_JW=7709
  census DecodeGetPawnHealth_JW=7408
  census IsPlayGame_BD=7395
  census LoadFontStatic=7395
  census PlayerCalcView=7394
  census DrawSkillInfo=5916
  census DrawSpriteWidget=5916
  census IsSpectating=5915
  census DecodeGetPawnBoosterME_JW=5914
  census PlayerTick=5912
  census UpdateFlashComponent=5912
  census DoBooster_sh=5912
  census PostRender=4437
  census DrawEMP_JW=4437
  census GetConsoleFont=4437
  census WeaponTick=4434
  census CanvasDrawActors=2958
  census DrawHUD=2958
  census RenderOverlays=2958
  census GetMediumFontFor=2958
  census DrawEnemyName=2958
  census DisplayMessages=2958
  census WorldSpaceOverlays=2957
  census GetPhysicsVolume=2956
  census SpawnUnit=2058
  census GetRespawnGroupByIndex=2058
  census Trace_UJ2=1506
  census GetNumLive=1479
  census DrawATnDefLv=1479
  census GetDefaultNumLive=1479
  census BuildMOTD=1479
  census LinkActors=1479
  census CheckEndGame_BD=1479
  census OnHudPostRender_MH=1479
  census Draw3dObjectiveArrow=1479
  census Render=1479
  census UpdateHUD=1479
  census DrawDamageIndicators=1479
  census DrawHudPassA=1479
  census ZoomFadeOut=1479
  census ActiveActionDraw=1479
  census AcquireActionDraw=1479
  census IsIgnoreAction=1479
  census DrawRader_JW=1479
  census DrawRader=1479
  census DrawHudRadarMap=1479
  census DrawHudRadarPawn=1479
  census CalculCrossChangeKitLen=1479
  census GetAmmoNumKitMax=1479
  census CalculHitRate=1479
  census CalculCrossHitRateLen=1479
  census SetCrossDrawColor=1479
  census RendGage=1479
  census DrawHPSP=1479
  census DrawHP_BD=1479
  census DrawHpBoarder_BD=1479
  census DrawHpGauge_BD=1479
  census DrawHpPointGauge_BD=1479
  census DrawHpDigit_JW=1479
  census DrawBoosterGauge_JW=1479
  census DrawPoint_BD=1479
  census DrawRefillAmmo_BD=1479
  census DrawAmmo=1479
  census GetAmmoCount=1479
  census ChangeAmmoInfo=1479
  census DrawAmmoKit=1479
  census DrawNum4Texture_YC=1479
  census DrawEventWep=1479
  census DrawBulletCashUI=1479
  census DrawDWeaponNum_JW=1479
  census DrawItemboxExtraTimer_JW=1479
  census DrawGameGuide_BD=1479
  census DrawHudPassB=1479
  census DrawHudPassC=1479
  census DrawCrosshair=1479
  census Trace_UJ=1479
  census DrawHudPassD=1479
  census DisplayLocalMessages=1479
  census DrawWarning_UJ=1479
  census IsLockOn_MH=1479
  census DrawSensi_JW=1479
  census DisplayRecordEventMsg_BD=1479
  census DisplayNoticeMessages_BD=1479
  census DrawETC=1479
  census DrawRadioMsg=1479
  census DrawTextKillMessage=1479
  census DrawRadioMenu_YC=1479
  census PlayNoEngineer=1479
  census Tick_RadioMenu=1479
  census Get_RM_NUM_PRESS=1479
  census DrawKillAnim=1479
  census PostDrawHud=1479
  census DrawTimer=1479
  census DrawTeamScore=1479
  census DrawPveIntro_YC=1479
  census DrawMissionBrief=1479
  census DrawLocalMessage_Sh=1479
  census DrawBrief=1479
  census DrawShortBriefing_BD=1479
  census DrawMsg=1479
  census SetGameSpeed=1478
  census InitializeFor=1478
  census RealTick=1478
  census ProcessPushMoveGMCamera_BD=1478
  census SetTwoSceanFov_JW=1478
  census SetWaterRefraction_JB=1478
  census EventButtonUp_MH=1478
  census DefaultMechTick_MH=1478
  census BoosterTick_MH=1478
  census CalcBoosterTick_JW=1478
  census EncodeSetPawnBoosterME_JW=1478
  census CalcMoveTime_JW=1478
  census ProcessPerVelocity_JW=1478
  census CalcThirdCameraMove_JW=1478
  census HandleWalking=1478
  census SetWalking=1478
  census RawInput=1478
  census PlayerMove=1478
  census CheckBob=1478
  census UpdateRotation=1478
  census LimitPitch=1478
  census ViewShake=1478
  census ViewFlash=1478
  census FaceRotation=1478
  census ProcessMove=1478
  census BoosterEventMoment_JW=1478
  census SetViewPitch=1478
  census ShouldCrouch=1478
  census CheckRevieUser=1478
  census CheckGameHistory=1478
  census UpdateChat=1478
  census ProcessMechColList_JW=1478
  census IsLocallyControlled=1478
  census UpdateShadow=1478
  census DetachProjector=1478
  census AttachProjector=1478
  census PlayBooster=1478
  census CalcBehindView=1478
  census CalcFireCamrot_JW=1478
  census SetAniokNosee_JW=1478
  census GetBoneCoords=1478
  census OrthoRotation=1478
  census CacheCalcView=1478
  census GetTeamNum=1396
  census Timer=558
  census PlayFootStep=210
  census FootStepping=210
  census AnimEnd=130
  census GetRadarInfo=130
  census PlayFootStepRight=106
  census PlayFootStepLeft=104
  census UpdatePlayerLocation=88
  census PreBeginPlay=88
  census PostBeginPlay=88
  census DynamicLoadObject=80
  census IsActorAttackReady=60
  census Touch=59
  census PostNetBeginPlay=56
  census CheckRelevance=48
  census AlwaysKeep=48
  census IsRelevant=48
  census CheckReplacement=48
  census BeginPlay=48
  census ZoneChange=48
  census SetInitialState=48
  census GetNodeActor=30
  census SetMoveTarget_JW=30
  census SetupGroundSpeed_JW=30
  census SetSpeedNowState=30
  census MoveTo_JW=30
  census AIMoveFunc=22
  census GetNodeStruct=22
  census CheckNodeReach=22
  census SetAttractionState=22
  census InitPlayerReplicationInfo=16
  census CreateIntelligence=16
  census SetTeam=16
  census SetWeapon_Table=16
  census Possess=16
  census Restart=16
  census GetRandDefenceActor=14
  census GetTDynamicActor=14
  census FindPlayerStart=8
  census RatePlayerStart=8
  census SpawnPawn_BD=8
  census GetMrBot=8
  census GetAITeam_BD=8
  census AddPRI=8
  census SetPlayerName=8
  census RestartMRAI=8
  census GetSpawnPosition_BD=8
  census GetItemName=8
  census SetMesh_JW=8
  census LinkMesh=8
  census HeadVolumeChange=8
  census SetMastActor=8
  census IntelligenceSpawn=8
  census BoneRefresh=8
  census InitializeAIMech_JW=8
  census IntelligenceResetTeam_MH=8
  census SetMRAiControllerStarting_JW=8
  census SetAIInfo_JW=8
  census ChangeCollisionSetting_JW=8
  census Destroyed=8
  census SetAISkin=8
  census PossessedBy=8
  census ChangeAnimation=8
  census PlayWaiting=8
  census PlayMoving=8
  census BeginState=8
  census ClearTemporaryOrders=8
  census SetMovementPhysics=8
  census ClientSetRotation=8
  census TriggerEvent=8
  census SetRespawnNameTag_BD=8
  census NotifyLanded=8
  census Landed=8
  census PlayLanded=8
  census TakeFallingDamage=8
  census BaseChange=8
  census UpdateSentText=5
  census SetBrenchChange=3
  census ConsoleCommand=2
  census GetAIBotCount=1
[2026-09-22T10:54:50.410Z] pid=65756 window_ms=5000 calls=1011400 ServerFire=0 ClientFire=0 unresolved=0 distinct_names=189
  census Tick=134464
  census Tick_MH=122240
  census DeltaTimeCheck_JW=110016
  census GetMastActor=55036
  census IsMeAttackReady=55008
  census AIEMPProcess=55008
  census AIAttackHeadSpinProcess_JW=55008
  census IsMeMoveTargetReady=42784
  census GetLocalPlayerController=41712
  census PostRender2D=12539
  census DrawCustomBeacon=11012
  census IsMeGM_BD=10690
  census GetHP_JW=7868
  census DecodeGetPawnHealth_JW=7647
  census PlayerCalcView=7636
  census IsPlayGame_BD=7635
  census LoadFontStatic=7635
  census PlayerTick=6112
  census UpdateFlashComponent=6112
  census DoBooster_sh=6112
  census DecodeGetPawnBoosterME_JW=6110
  census IsSpectating=6109
  census DrawSkillInfo=6108
  census DrawSpriteWidget=6108
  census WeaponTick=4584
  census PostRender=4581
  census DrawEMP_JW=4581
  census GetConsoleFont=4581
  census GetPhysicsVolume=3056
  census WorldSpaceOverlays=3054
  census CanvasDrawActors=3054
  census DrawHUD=3054
  census RenderOverlays=3054
  census GetMediumFontFor=3054
  census DrawEnemyName=3054
  census DisplayMessages=3054
  census Trace_UJ2=1556
  census Trace_UJ=1546
  census SetGameSpeed=1528
  census InitializeFor=1528
  census RealTick=1528
  census ProcessPushMoveGMCamera_BD=1528
  census SetTwoSceanFov_JW=1528
  census SetWaterRefraction_JB=1528
  census EventButtonUp_MH=1528
  census DefaultMechTick_MH=1528
  census BoosterTick_MH=1528
  census CalcBoosterTick_JW=1528
  census EncodeSetPawnBoosterME_JW=1528
  census CalcMoveTime_JW=1528
  census ProcessPerVelocity_JW=1528
  census CalcThirdCameraMove_JW=1528
  census HandleWalking=1528
  census SetWalking=1528
  census RawInput=1528
  census PlayerMove=1528
  census CheckBob=1528
  census UpdateRotation=1528
  census LimitPitch=1528
  census ViewShake=1528
  census ViewFlash=1528
  census FaceRotation=1528
  census ProcessMove=1528
  census BoosterEventMoment_JW=1528
  census SetViewPitch=1528
  census ShouldCrouch=1528
  census CheckRevieUser=1528
  census CheckGameHistory=1528
  census UpdateChat=1528
  census ProcessMechColList_JW=1528
  census IsLocallyControlled=1528
  census UpdateShadow=1528
  census DetachProjector=1528
  census AttachProjector=1528
  census PlayBooster=1528
  census CalcBehindView=1528
  census CalcFireCamrot_JW=1528
  census SetAniokNosee_JW=1528
  census GetBoneCoords=1528
  census OrthoRotation=1528
  census CacheCalcView=1528
  census GetNumLive=1527
  census DrawATnDefLv=1527
  census GetDefaultNumLive=1527
  census BuildMOTD=1527
  census LinkActors=1527
  census CheckEndGame_BD=1527
  census OnHudPostRender_MH=1527
  census Draw3dObjectiveArrow=1527
  census Render=1527
  census UpdateHUD=1527
  census DrawDamageIndicators=1527
  census DrawHudPassA=1527
  census ZoomFadeOut=1527
  census ActiveActionDraw=1527
  census AcquireActionDraw=1527
  census IsIgnoreAction=1527
  census DrawRader_JW=1527
  census DrawRader=1527
  census DrawHudRadarMap=1527
  census DrawHudRadarPawn=1527
  census CalculCrossChangeKitLen=1527
  census GetAmmoNumKitMax=1527
  census CalculHitRate=1527
  census CalculCrossHitRateLen=1527
  census SetCrossDrawColor=1527
  census RendGage=1527
  census DrawHPSP=1527
  census DrawHP_BD=1527
  census DrawHpBoarder_BD=1527
  census DrawHpGauge_BD=1527
  census DrawHpPointGauge_BD=1527
  census DrawHpDigit_JW=1527
  census DrawBoosterGauge_JW=1527
  census DrawPoint_BD=1527
  census DrawRefillAmmo_BD=1527
  census DrawAmmo=1527
  census GetAmmoCount=1527
  census ChangeAmmoInfo=1527
  census DrawAmmoKit=1527
  census DrawNum4Texture_YC=1527
  census DrawEventWep=1527
  census DrawBulletCashUI=1527
  census DrawDWeaponNum_JW=1527
  census DrawItemboxExtraTimer_JW=1527
  census DrawGameGuide_BD=1527
  census DrawHudPassB=1527
  census DrawHudPassC=1527
  census DrawCrosshair=1527
  census DrawHudPassD=1527
  census DisplayLocalMessages=1527
  census DrawWarning_UJ=1527
  census IsLockOn_MH=1527
  census DrawSensi_JW=1527
  census DisplayRecordEventMsg_BD=1527
  census DisplayNoticeMessages_BD=1527
  census DrawETC=1527
  census DrawRadioMsg=1527
  census DrawTextKillMessage=1527
  census DrawRadioMenu_YC=1527
  census PlayNoEngineer=1527
  census Tick_RadioMenu=1527
  census Get_RM_NUM_PRESS=1527
  census DrawKillAnim=1527
  census PostDrawHud=1527
  census DrawTimer=1527
  census DrawTeamScore=1527
  census DrawPveIntro_YC=1527
  census DrawMissionBrief=1527
  census DrawLocalMessage_Sh=1527
  census DrawBrief=1527
  census DrawShortBriefing_BD=1527
  census DrawMsg=1527
  census GetTeamNum=1116
  census Timer=478
  census PlayFootStep=241
  census FootStepping=241
  census AnimEnd=141
  census PlayFootStepLeft=122
  census GetRadarInfo=120
  census PlayFootStepRight=119
  census UpdatePlayerLocation=97
  census IsActorAttackReady=58
  census SetMoveTarget_JW=38
  census SetAttractionState=38
  census SetupGroundSpeed_JW=38
  census SetSpeedNowState=38
  census MoveTo_JW=38
  census Touch=36
  census AIMoveFunc=27
  census GetNodeStruct=27
  census CheckNodeReach=27
  census GetNodeActor=27
  census GetNearestSupportNode=19
  census BaseChange=14
  census NotifyHitWall=13
  census DoFindUsefulSupportNodeMove=11
  census NewFindUsefulSupportNode=11
  census GetRandDefenceActor=10
  census GetTDynamicActor=10
  census SwapSupportNodeList=8
  census UpdateSentText=5
  census SetBrenchChange=5
  census StartCrouch=2
  census GetAIBotCount=1
  census Falling=1
  census SetFall=1
  census NotifyLanded=1
  census EndCrouch=1
[2026-09-22T10:54:55.411Z] pid=65756 window_ms=5001 calls=1031495 ServerFire=0 ClientFire=0 unresolved=0 distinct_names=185
  census Tick=141234
  census Tick_MH=128394
  census DeltaTimeCheck_JW=115552
  census GetMastActor=57804
  census IsMeAttackReady=57776
  census AIEMPProcess=57776
  census AIAttackHeadSpinProcess_JW=57776
  census IsMeMoveTargetReady=44936
  census GetLocalPlayerController=33465
  census IsMeGM_BD=11235
  census GetHP_JW=8303
  census DecodeGetPawnHealth_JW=8038
  census IsPlayGame_BD=8025
  census LoadFontStatic=8025
  census PlayerCalcView=8024
  census DrawSkillInfo=6420
  census IsSpectating=6420
  census DecodeGetPawnBoosterME_JW=6420
  census DrawSpriteWidget=6420
  census PlayerTick=6420
  census UpdateFlashComponent=6420
  census DoBooster_sh=6420
  census PostRender=4815
  census DrawEMP_JW=4815
  census GetConsoleFont=4815
  census WeaponTick=4815
  census WorldSpaceOverlays=3210
  census CanvasDrawActors=3210
  census DrawHUD=3210
  census RenderOverlays=3210
  census GetMediumFontFor=3210
  census DrawEnemyName=3210
  census DisplayMessages=3210
  census GetPhysicsVolume=3210
  census PostRender2D=2804
  census Trace_UJ2=1632
  census Trace_UJ=1607
  census GetNumLive=1605
  census DrawATnDefLv=1605
  census GetDefaultNumLive=1605
  census BuildMOTD=1605
  census LinkActors=1605
  census CheckEndGame_BD=1605
  census OnHudPostRender_MH=1605
  census Draw3dObjectiveArrow=1605
  census Render=1605
  census UpdateHUD=1605
  census DrawDamageIndicators=1605
  census DrawHudPassA=1605
  census ZoomFadeOut=1605
  census ActiveActionDraw=1605
  census AcquireActionDraw=1605
  census IsIgnoreAction=1605
  census DrawRader_JW=1605
  census DrawRader=1605
  census DrawHudRadarMap=1605
  census DrawHudRadarPawn=1605
  census CalculCrossChangeKitLen=1605
  census GetAmmoNumKitMax=1605
  census CalculHitRate=1605
  census CalculCrossHitRateLen=1605
  census SetCrossDrawColor=1605
  census RendGage=1605
  census DrawHPSP=1605
  census DrawHP_BD=1605
  census DrawHpBoarder_BD=1605
  census DrawHpGauge_BD=1605
  census DrawHpPointGauge_BD=1605
  census DrawHpDigit_JW=1605
  census DrawBoosterGauge_JW=1605
  census DrawPoint_BD=1605
  census DrawRefillAmmo_BD=1605
  census DrawAmmo=1605
  census GetAmmoCount=1605
  census ChangeAmmoInfo=1605
  census DrawAmmoKit=1605
  census DrawNum4Texture_YC=1605
  census DrawEventWep=1605
  census DrawBulletCashUI=1605
  census DrawDWeaponNum_JW=1605
  census DrawItemboxExtraTimer_JW=1605
  census DrawGameGuide_BD=1605
  census DrawHudPassB=1605
  census DrawHudPassC=1605
  census DrawCrosshair=1605
  census DrawHudPassD=1605
  census DisplayLocalMessages=1605
  census DrawWarning_UJ=1605
  census IsLockOn_MH=1605
  census DrawSensi_JW=1605
  census DisplayRecordEventMsg_BD=1605
  census DisplayNoticeMessages_BD=1605
  census DrawETC=1605
  census DrawRadioMsg=1605
  census DrawTextKillMessage=1605
  census DrawRadioMenu_YC=1605
  census PlayNoEngineer=1605
  census Tick_RadioMenu=1605
  census Get_RM_NUM_PRESS=1605
  census DrawKillAnim=1605
  census PostDrawHud=1605
  census DrawTimer=1605
  census DrawTeamScore=1605
  census DrawPveIntro_YC=1605
  census DrawMissionBrief=1605
  census DrawLocalMessage_Sh=1605
  census DrawBrief=1605
  census DrawShortBriefing_BD=1605
  census DrawMsg=1605
  census SetGameSpeed=1605
  census InitializeFor=1605
  census RealTick=1605
  census ProcessPushMoveGMCamera_BD=1605
  census SetTwoSceanFov_JW=1605
  census SetWaterRefraction_JB=1605
  census EventButtonUp_MH=1605
  census DefaultMechTick_MH=1605
  census BoosterTick_MH=1605
  census CalcBoosterTick_JW=1605
  census EncodeSetPawnBoosterME_JW=1605
  census CalcMoveTime_JW=1605
  census ProcessPerVelocity_JW=1605
  census CalcThirdCameraMove_JW=1605
  census HandleWalking=1605
  census SetWalking=1605
  census RawInput=1605
  census PlayerMove=1605
  census CheckBob=1605
  census UpdateRotation=1605
  census LimitPitch=1605
  census ViewShake=1605
  census ViewFlash=1605
  census FaceRotation=1605
  census ProcessMove=1605
  census BoosterEventMoment_JW=1605
  census SetViewPitch=1605
  census ShouldCrouch=1605
  census CheckRevieUser=1605
  census CheckGameHistory=1605
  census UpdateChat=1605
  census ProcessMechColList_JW=1605
  census IsLocallyControlled=1605
  census UpdateShadow=1605
  census DetachProjector=1605
  census AttachProjector=1605
  census PlayBooster=1605
  census CalcBehindView=1604
  census CalcFireCamrot_JW=1604
  census SetAniokNosee_JW=1604
  census GetBoneCoords=1604
  census OrthoRotation=1604
  census CacheCalcView=1604
  census GetTeamNum=1300
  census DrawCustomBeacon=1199
  census Timer=558
  census PlayFootStep=236
  census FootStepping=236
  census AnimEnd=142
  census GetRadarInfo=130
  census PlayFootStepRight=119
  census PlayFootStepLeft=117
  census Touch=99
  census UpdatePlayerLocation=88
  census IsActorAttackReady=60
  census SetMoveTarget_JW=32
  census SetAttractionState=32
  census SetupGroundSpeed_JW=32
  census SetSpeedNowState=32
  census MoveTo_JW=32
  census GetNodeActor=30
  census AIMoveFunc=25
  census GetNodeStruct=25
  census CheckNodeReach=25
  census GetRandDefenceActor=16
  census GetTDynamicActor=16
  census NotifyHitWall=12
  census EndCrouch=10
  census StartCrouch=10
  census SetBrenchChange=10
  census UpdateSentText=5
  census AIMoveFunc_BreakWay=5
  census DoFindUsefulSupportNodeMove=2
  census NewFindUsefulSupportNode=2
  census GetNearestSupportNode=2
  census GetAIBotCount=1
[2026-09-22T10:55:00.412Z] pid=65756 window_ms=5001 calls=997737 ServerFire=0 ClientFire=0 unresolved=0 distinct_names=182
  census Tick=132974
  census Tick_MH=120886
  census DeltaTimeCheck_JW=108800
  census GetMastActor=54428
  census IsMeAttackReady=54400
  census AIEMPProcess=54400
  census AIAttackHeadSpinProcess_JW=54400
  census IsMeMoveTargetReady=42312
  census GetLocalPlayerController=40307
  census PostRender2D=11436
  census IsMeGM_BD=10577
  census DrawCustomBeacon=9925
  census GetHP_JW=7866
  census DecodeGetPawnHealth_JW=7567
  census PlayerCalcView=7556
  census IsPlayGame_BD=7555
  census LoadFontStatic=7555
  census DrawSkillInfo=6044
  census IsSpectating=6044
  census DecodeGetPawnBoosterME_JW=6044
  census DrawSpriteWidget=6044
  census PlayerTick=6044
  census UpdateFlashComponent=6044
  census DoBooster_sh=6044
  census PostRender=4533
  census DrawEMP_JW=4533
  census GetConsoleFont=4533
  census WeaponTick=4533
  census WorldSpaceOverlays=3023
  census CanvasDrawActors=3022
  census DrawHUD=3022
  census RenderOverlays=3022
  census GetMediumFontFor=3022
  census DrawEnemyName=3022
  census DisplayMessages=3022
  census GetPhysicsVolume=3022
  census Trace_UJ2=1540
  census CalcBehindView=1512
  census CalcFireCamrot_JW=1512
  census SetAniokNosee_JW=1512
  census GetBoneCoords=1512
  census OrthoRotation=1512
  census CacheCalcView=1512
  census GetNumLive=1511
  census DrawATnDefLv=1511
  census GetDefaultNumLive=1511
  census BuildMOTD=1511
  census LinkActors=1511
  census CheckEndGame_BD=1511
  census OnHudPostRender_MH=1511
  census Draw3dObjectiveArrow=1511
  census Render=1511
  census UpdateHUD=1511
  census DrawDamageIndicators=1511
  census DrawHudPassA=1511
  census ZoomFadeOut=1511
  census ActiveActionDraw=1511
  census AcquireActionDraw=1511
  census IsIgnoreAction=1511
  census DrawRader_JW=1511
  census DrawRader=1511
  census DrawHudRadarMap=1511
  census DrawHudRadarPawn=1511
  census CalculCrossChangeKitLen=1511
  census GetAmmoNumKitMax=1511
  census CalculHitRate=1511
  census CalculCrossHitRateLen=1511
  census SetCrossDrawColor=1511
  census RendGage=1511
  census DrawHPSP=1511
  census DrawHP_BD=1511
  census DrawHpBoarder_BD=1511
  census DrawHpGauge_BD=1511
  census DrawHpPointGauge_BD=1511
  census DrawHpDigit_JW=1511
  census DrawBoosterGauge_JW=1511
  census DrawPoint_BD=1511
  census DrawRefillAmmo_BD=1511
  census DrawAmmo=1511
  census GetAmmoCount=1511
  census ChangeAmmoInfo=1511
  census DrawAmmoKit=1511
  census DrawNum4Texture_YC=1511
  census DrawEventWep=1511
  census DrawBulletCashUI=1511
  census DrawDWeaponNum_JW=1511
  census DrawItemboxExtraTimer_JW=1511
  census DrawGameGuide_BD=1511
  census DrawHudPassB=1511
  census DrawHudPassC=1511
  census DrawCrosshair=1511
  census Trace_UJ=1511
  census DrawHudPassD=1511
  census DisplayLocalMessages=1511
  census DrawWarning_UJ=1511
  census IsLockOn_MH=1511
  census DrawSensi_JW=1511
  census DisplayRecordEventMsg_BD=1511
  census DisplayNoticeMessages_BD=1511
  census DrawETC=1511
  census DrawRadioMsg=1511
  census DrawTextKillMessage=1511
  census DrawRadioMenu_YC=1511
  census PlayNoEngineer=1511
  census Tick_RadioMenu=1511
  census Get_RM_NUM_PRESS=1511
  census DrawKillAnim=1511
  census PostDrawHud=1511
  census DrawTimer=1511
  census DrawTeamScore=1511
  census DrawPveIntro_YC=1511
  census DrawMissionBrief=1511
  census DrawLocalMessage_Sh=1511
  census DrawBrief=1511
  census DrawShortBriefing_BD=1511
  census DrawMsg=1511
  census SetGameSpeed=1511
  census InitializeFor=1511
  census RealTick=1511
  census ProcessPushMoveGMCamera_BD=1511
  census SetTwoSceanFov_JW=1511
  census SetWaterRefraction_JB=1511
  census EventButtonUp_MH=1511
  census DefaultMechTick_MH=1511
  census BoosterTick_MH=1511
  census CalcBoosterTick_JW=1511
  census EncodeSetPawnBoosterME_JW=1511
  census CalcMoveTime_JW=1511
  census ProcessPerVelocity_JW=1511
  census CalcThirdCameraMove_JW=1511
  census HandleWalking=1511
  census SetWalking=1511
  census RawInput=1511
  census PlayerMove=1511
  census CheckBob=1511
  census UpdateRotation=1511
  census LimitPitch=1511
  census ViewShake=1511
  census ViewFlash=1511
  census FaceRotation=1511
  census ProcessMove=1511
  census BoosterEventMoment_JW=1511
  census SetViewPitch=1511
  census ShouldCrouch=1511
  census CheckRevieUser=1511
  census CheckGameHistory=1511
  census UpdateChat=1511
  census ProcessMechColList_JW=1511
  census IsLocallyControlled=1511
  census UpdateShadow=1511
  census DetachProjector=1511
  census AttachProjector=1511
  census PlayBooster=1511
  census GetTeamNum=1444
  census Timer=472
  census PlayFootStep=238
  census FootStepping=238
  census AnimEnd=131
  census PlayFootStepLeft=120
  census GetRadarInfo=120
  census PlayFootStepRight=118
  census Touch=94
  census UpdatePlayerLocation=91
  census IsActorAttackReady=62
  census AIMoveFunc=18
  census GetNodeStruct=18
  census CheckNodeReach=18
  census GetNodeActor=18
  census SetMoveTarget_JW=18
  census SetAttractionState=18
  census SetupGroundSpeed_JW=18
  census SetSpeedNowState=18
  census MoveTo_JW=18
  census GetRandDefenceActor=14
  census GetTDynamicActor=14
  census EndCrouch=9
  census NotifyHitWall=9
  census StartCrouch=9
  census UpdateSentText=5
  census SetBrenchChange=2
  census GetAIBotCount=1
  census ConsoleCommand=1
[2026-09-22T10:55:05.412Z] pid=65756 window_ms=5000 calls=945684 ServerFire=0 ClientFire=0 unresolved=0 distinct_names=186
  census Tick=127336
  census Tick_MH=115760
  census DeltaTimeCheck_JW=104184
  census GetMastActor=52120
  census IsMeAttackReady=52092
  census AIEMPProcess=52092
  census AIAttackHeadSpinProcess_JW=52092
  census IsMeMoveTargetReady=40516
  census GetLocalPlayerController=35130
  census IsMeGM_BD=10129
  census GetHP_JW=7588
  census PostRender2D=7473
  census DecodeGetPawnHealth_JW=7248
  census PlayerCalcView=7236
  census IsPlayGame_BD=7235
  census LoadFontStatic=7235
  census DrawCustomBeacon=6026
  census DrawSkillInfo=5788
  census IsSpectating=5788
  census DecodeGetPawnBoosterME_JW=5788
  census DrawSpriteWidget=5788
  census PlayerTick=5788
  census UpdateFlashComponent=5788
  census DoBooster_sh=5788
  census PostRender=4341
  census DrawEMP_JW=4341
  census GetConsoleFont=4341
  census WeaponTick=4341
  census WorldSpaceOverlays=2894
  census CanvasDrawActors=2894
  census DrawHUD=2894
  census RenderOverlays=2894
  census GetMediumFontFor=2894
  census DrawEnemyName=2894
  census DisplayMessages=2894
  census GetPhysicsVolume=2894
  census GetTeamNum=1592
  census Trace_UJ2=1475
  census Trace_UJ=1451
  census GetNumLive=1447
  census DrawATnDefLv=1447
  census GetDefaultNumLive=1447
  census BuildMOTD=1447
  census LinkActors=1447
  census CheckEndGame_BD=1447
  census OnHudPostRender_MH=1447
  census Draw3dObjectiveArrow=1447
  census Render=1447
  census UpdateHUD=1447
  census DrawDamageIndicators=1447
  census DrawHudPassA=1447
  census ZoomFadeOut=1447
  census ActiveActionDraw=1447
  census AcquireActionDraw=1447
  census IsIgnoreAction=1447
  census DrawRader_JW=1447
  census DrawRader=1447
  census DrawHudRadarMap=1447
  census DrawHudRadarPawn=1447
  census CalculCrossChangeKitLen=1447
  census GetAmmoNumKitMax=1447
  census CalculHitRate=1447
  census CalculCrossHitRateLen=1447
  census SetCrossDrawColor=1447
  census RendGage=1447
  census DrawHPSP=1447
  census DrawHP_BD=1447
  census DrawHpBoarder_BD=1447
  census DrawHpGauge_BD=1447
  census DrawHpPointGauge_BD=1447
  census DrawHpDigit_JW=1447
  census DrawBoosterGauge_JW=1447
  census DrawPoint_BD=1447
  census DrawRefillAmmo_BD=1447
  census DrawAmmo=1447
  census GetAmmoCount=1447
  census ChangeAmmoInfo=1447
  census DrawAmmoKit=1447
  census DrawNum4Texture_YC=1447
  census DrawEventWep=1447
  census DrawBulletCashUI=1447
  census DrawDWeaponNum_JW=1447
  census DrawItemboxExtraTimer_JW=1447
  census DrawGameGuide_BD=1447
  census DrawHudPassB=1447
  census DrawHudPassC=1447
  census DrawCrosshair=1447
  census DrawHudPassD=1447
  census DisplayLocalMessages=1447
  census DrawWarning_UJ=1447
  census IsLockOn_MH=1447
  census DrawSensi_JW=1447
  census DisplayRecordEventMsg_BD=1447
  census DisplayNoticeMessages_BD=1447
  census DrawETC=1447
  census DrawRadioMsg=1447
  census DrawTextKillMessage=1447
  census DrawRadioMenu_YC=1447
  census PlayNoEngineer=1447
  census Tick_RadioMenu=1447
  census Get_RM_NUM_PRESS=1447
  census DrawKillAnim=1447
  census PostDrawHud=1447
  census DrawTimer=1447
  census DrawTeamScore=1447
  census DrawPveIntro_YC=1447
  census DrawMissionBrief=1447
  census DrawLocalMessage_Sh=1447
  census DrawBrief=1447
  census DrawShortBriefing_BD=1447
  census DrawMsg=1447
  census SetGameSpeed=1447
  census InitializeFor=1447
  census RealTick=1447
  census ProcessPushMoveGMCamera_BD=1447
  census SetTwoSceanFov_JW=1447
  census SetWaterRefraction_JB=1447
  census EventButtonUp_MH=1447
  census DefaultMechTick_MH=1447
  census BoosterTick_MH=1447
  census CalcBoosterTick_JW=1447
  census EncodeSetPawnBoosterME_JW=1447
  census CalcMoveTime_JW=1447
  census ProcessPerVelocity_JW=1447
  census CalcThirdCameraMove_JW=1447
  census HandleWalking=1447
  census SetWalking=1447
  census RawInput=1447
  census PlayerMove=1447
  census CheckBob=1447
  census UpdateRotation=1447
  census LimitPitch=1447
  census ViewShake=1447
  census ViewFlash=1447
  census FaceRotation=1447
  census ProcessMove=1447
  census BoosterEventMoment_JW=1447
  census SetViewPitch=1447
  census ShouldCrouch=1447
  census CheckRevieUser=1447
  census CheckGameHistory=1447
  census UpdateChat=1447
  census ProcessMechColList_JW=1447
  census IsLocallyControlled=1447
  census UpdateShadow=1447
  census DetachProjector=1447
  census AttachProjector=1447
  census PlayBooster=1447
  census CalcBehindView=1447
  census CalcFireCamrot_JW=1447
  census SetAniokNosee_JW=1447
  census GetBoneCoords=1447
  census OrthoRotation=1447
  census CacheCalcView=1447
  census Timer=565
  census PlayFootStep=241
  census FootStepping=241
  census AnimEnd=147
  census GetRadarInfo=130
  census PlayFootStepLeft=123
  census PlayFootStepRight=118
  census UpdatePlayerLocation=95
  census Touch=79
  census IsActorAttackReady=58
  census SetMoveTarget_JW=40
  census SetAttractionState=40
  census SetupGroundSpeed_JW=40
  census SetSpeedNowState=40
  census MoveTo_JW=40
  census AIMoveFunc=36
  census GetNodeStruct=36
  census CheckNodeReach=36
  census GetNodeActor=36
  census SetBrenchChange=15
  census NotifyHitWall=14
  census EndCrouch=10
  census StartCrouch=10
  census GetRandDefenceActor=10
  census GetTDynamicActor=10
  census BaseChange=7
  census UpdateSentText=5
  census DoFindUsefulSupportNodeMove=4
  census NewFindUsefulSupportNode=4
  census GetNearestSupportNode=4
  census ConsoleCommand=2
  census GetAIBotCount=1
[2026-09-22T10:55:10.577Z] pid=65756 window_ms=5165 calls=851673 ServerFire=0 ClientFire=0 unresolved=0 distinct_names=187
  census Tick=112395
  census Tick_MH=102175
  census DeltaTimeCheck_JW=91954
  census GetMastActor=46005
  census IsMeAttackReady=45977
  census AIEMPProcess=45977
  census AIAttackHeadSpinProcess_JW=45976
  census GetLocalPlayerController=36518
  census IsMeMoveTargetReady=35756
  census PostRender2D=12071
  census DrawCustomBeacon=10793
  census IsMeGM_BD=8946
  census GetHP_JW=6755
  census DecodeGetPawnHealth_JW=6403
  census IsPlayGame_BD=6390
  census LoadFontStatic=6390
  census PlayerCalcView=6388
  census DrawSkillInfo=5112
  census IsSpectating=5112
  census DecodeGetPawnBoosterME_JW=5112
  census DrawSpriteWidget=5112
  census PlayerTick=5112
  census UpdateFlashComponent=5112
  census DoBooster_sh=5108
  census PostRender=3834
  census DrawEMP_JW=3834
  census GetConsoleFont=3834
  census WeaponTick=3831
  census CanvasDrawActors=2556
  census DrawHUD=2556
  census RenderOverlays=2556
  census GetMediumFontFor=2556
  census DrawEnemyName=2556
  census DisplayMessages=2556
  census GetPhysicsVolume=2556
  census WorldSpaceOverlays=2555
  census GetTeamNum=1648
  census Trace_UJ2=1305
  census Trace_UJ=1280
  census GetNumLive=1278
  census DrawATnDefLv=1278
  census GetDefaultNumLive=1278
  census BuildMOTD=1278
  census LinkActors=1278
  census CheckEndGame_BD=1278
  census OnHudPostRender_MH=1278
  census Draw3dObjectiveArrow=1278
  census Render=1278
  census UpdateHUD=1278
  census DrawDamageIndicators=1278
  census DrawHudPassA=1278
  census ZoomFadeOut=1278
  census ActiveActionDraw=1278
  census AcquireActionDraw=1278
  census IsIgnoreAction=1278
  census DrawRader_JW=1278
  census DrawRader=1278
  census DrawHudRadarMap=1278
  census DrawHudRadarPawn=1278
  census CalculCrossChangeKitLen=1278
  census GetAmmoNumKitMax=1278
  census CalculHitRate=1278
  census CalculCrossHitRateLen=1278
  census SetCrossDrawColor=1278
  census RendGage=1278
  census DrawHPSP=1278
  census DrawHP_BD=1278
  census DrawHpBoarder_BD=1278
  census DrawHpGauge_BD=1278
  census DrawHpPointGauge_BD=1278
  census DrawHpDigit_JW=1278
  census DrawBoosterGauge_JW=1278
  census DrawPoint_BD=1278
  census DrawRefillAmmo_BD=1278
  census DrawAmmo=1278
  census GetAmmoCount=1278
  census ChangeAmmoInfo=1278
  census DrawAmmoKit=1278
  census DrawNum4Texture_YC=1278
  census DrawEventWep=1278
  census DrawBulletCashUI=1278
  census DrawDWeaponNum_JW=1278
  census DrawItemboxExtraTimer_JW=1278
  census DrawGameGuide_BD=1278
  census DrawHudPassB=1278
  census DrawHudPassC=1278
  census DrawCrosshair=1278
  census DrawHudPassD=1278
  census DisplayLocalMessages=1278
  census DrawWarning_UJ=1278
  census IsLockOn_MH=1278
  census DrawSensi_JW=1278
  census DisplayRecordEventMsg_BD=1278
  census DisplayNoticeMessages_BD=1278
  census DrawETC=1278
  census DrawRadioMsg=1278
  census DrawTextKillMessage=1278
  census DrawRadioMenu_YC=1278
  census PlayNoEngineer=1278
  census Tick_RadioMenu=1278
  census Get_RM_NUM_PRESS=1278
  census DrawKillAnim=1278
  census PostDrawHud=1278
  census DrawTimer=1278
  census DrawTeamScore=1278
  census DrawPveIntro_YC=1278
  census DrawMissionBrief=1278
  census DrawLocalMessage_Sh=1278
  census DrawBrief=1278
  census DrawShortBriefing_BD=1278
  census DrawMsg=1278
  census SetGameSpeed=1278
  census InitializeFor=1278
  census RealTick=1278
  census ProcessPushMoveGMCamera_BD=1278
  census SetTwoSceanFov_JW=1278
  census SetWaterRefraction_JB=1278
  census EventButtonUp_MH=1278
  census DefaultMechTick_MH=1278
  census BoosterTick_MH=1278
  census CalcBoosterTick_JW=1278
  census EncodeSetPawnBoosterME_JW=1278
  census CalcMoveTime_JW=1278
  census ProcessPerVelocity_JW=1278
  census CalcThirdCameraMove_JW=1278
  census HandleWalking=1278
  census SetWalking=1278
  census RawInput=1278
  census PlayerMove=1278
  census CheckBob=1278
  census UpdateRotation=1278
  census LimitPitch=1278
  census ViewShake=1278
  census ViewFlash=1278
  census FaceRotation=1278
  census ProcessMove=1278
  census BoosterEventMoment_JW=1278
  census SetViewPitch=1278
  census ShouldCrouch=1278
  census CheckRevieUser=1278
  census CheckGameHistory=1278
  census UpdateChat=1278
  census ProcessMechColList_JW=1277
  census IsLocallyControlled=1277
  census UpdateShadow=1277
  census DetachProjector=1277
  census AttachProjector=1277
  census PlayBooster=1277
  census CalcBehindView=1277
  census CalcFireCamrot_JW=1277
  census SetAniokNosee_JW=1277
  census GetBoneCoords=1277
  census OrthoRotation=1277
  census CacheCalcView=1277
  census Timer=475
  census PlayFootStep=242
  census FootStepping=242
  census AnimEnd=133
  census GetRadarInfo=130
  census PlayFootStepRight=121
  census PlayFootStepLeft=121
  census UpdatePlayerLocation=93
  census Touch=93
  census IsActorAttackReady=60
  census SetMoveTarget_JW=30
  census SetAttractionState=30
  census SetupGroundSpeed_JW=30
  census SetSpeedNowState=30
  census MoveTo_JW=30
  census GetNodeActor=28
  census AIMoveFunc=22
  census GetNodeStruct=22
  census CheckNodeReach=22
  census GetRandDefenceActor=16
  census GetTDynamicActor=16
  census NotifyHitWall=12
  census SetBrenchChange=11
  census EndCrouch=10
  census StartCrouch=10
  census AIMoveFunc_BreakWay=6
  census BaseChange=5
  census UpdateSentText=5
  census DoFindUsefulSupportNodeMove=2
  census NewFindUsefulSupportNode=2
  census GetNearestSupportNode=2
  census GetAIBotCount=1
  census ConsoleCommand=1
[2026-09-22T10:55:15.721Z] pid=65756 window_ms=5144 calls=1002626 ServerFire=0 ClientFire=0 unresolved=0 distinct_names=186
  census Tick=137288
  census Tick_MH=124809
  census DeltaTimeCheck_JW=112328
  census GetMastActor=56192
  census AIAttackHeadSpinProcess_JW=56165
  census IsMeAttackReady=56164
  census AIEMPProcess=56164
  census IsMeMoveTargetReady=43683
  census GetLocalPlayerController=32299
  census IsMeGM_BD=10920
  census GetHP_JW=8174
  census DecodeGetPawnHealth_JW=7813
  census PlayerCalcView=7800
  census IsPlayGame_BD=7800
  census LoadFontStatic=7800
  census DoBooster_sh=6240
  census DrawSkillInfo=6240
  census IsSpectating=6240
  census DecodeGetPawnBoosterME_JW=6240
  census DrawSpriteWidget=6240
  census PlayerTick=6240
  census UpdateFlashComponent=6240
  census WeaponTick=4680
  census PostRender=4680
  census DrawEMP_JW=4680
  census GetConsoleFont=4680
  census WorldSpaceOverlays=3120
  census CanvasDrawActors=3120
  census DrawHUD=3120
  census RenderOverlays=3120
  census GetMediumFontFor=3120
  census DrawEnemyName=3120
  census DisplayMessages=3120
  census GetPhysicsVolume=3120
  census PostRender2D=2491
  census GetTeamNum=1692
  census Trace_UJ2=1588
  census Trace_UJ=1561
  census ProcessMechColList_JW=1560
  census IsLocallyControlled=1560
  census UpdateShadow=1560
  census DetachProjector=1560
  census AttachProjector=1560
  census PlayBooster=1560
  census CalcBehindView=1560
  census CalcFireCamrot_JW=1560
  census SetAniokNosee_JW=1560
  census GetBoneCoords=1560
  census OrthoRotation=1560
  census CacheCalcView=1560
  census GetNumLive=1560
  census DrawATnDefLv=1560
  census GetDefaultNumLive=1560
  census BuildMOTD=1560
  census LinkActors=1560
  census CheckEndGame_BD=1560
  census OnHudPostRender_MH=1560
  census Draw3dObjectiveArrow=1560
  census Render=1560
  census UpdateHUD=1560
  census DrawDamageIndicators=1560
  census DrawHudPassA=1560
  census ZoomFadeOut=1560
  census ActiveActionDraw=1560
  census AcquireActionDraw=1560
  census IsIgnoreAction=1560
  census DrawRader_JW=1560
  census DrawRader=1560
  census DrawHudRadarMap=1560
  census DrawHudRadarPawn=1560
  census CalculCrossChangeKitLen=1560
  census GetAmmoNumKitMax=1560
  census CalculHitRate=1560
  census CalculCrossHitRateLen=1560
  census SetCrossDrawColor=1560
  census RendGage=1560
  census DrawHPSP=1560
  census DrawHP_BD=1560
  census DrawHpBoarder_BD=1560
  census DrawHpGauge_BD=1560
  census DrawHpPointGauge_BD=1560
  census DrawHpDigit_JW=1560
  census DrawBoosterGauge_JW=1560
  census DrawPoint_BD=1560
  census DrawRefillAmmo_BD=1560
  census DrawAmmo=1560
  census GetAmmoCount=1560
  census ChangeAmmoInfo=1560
  census DrawAmmoKit=1560
  census DrawNum4Texture_YC=1560
  census DrawEventWep=1560
  census DrawBulletCashUI=1560
  census DrawDWeaponNum_JW=1560
  census DrawItemboxExtraTimer_JW=1560
  census DrawGameGuide_BD=1560
  census DrawHudPassB=1560
  census DrawHudPassC=1560
  census DrawCrosshair=1560
  census DrawHudPassD=1560
  census DisplayLocalMessages=1560
  census DrawWarning_UJ=1560
  census IsLockOn_MH=1560
  census DrawSensi_JW=1560
  census DisplayRecordEventMsg_BD=1560
  census DisplayNoticeMessages_BD=1560
  census DrawETC=1560
  census DrawRadioMsg=1560
  census DrawTextKillMessage=1560
  census DrawRadioMenu_YC=1560
  census PlayNoEngineer=1560
  census Tick_RadioMenu=1560
  census Get_RM_NUM_PRESS=1560
  census DrawKillAnim=1560
  census PostDrawHud=1560
  census DrawTimer=1560
  census DrawTeamScore=1560
  census DrawPveIntro_YC=1560
  census DrawMissionBrief=1560
  census DrawLocalMessage_Sh=1560
  census DrawBrief=1560
  census DrawShortBriefing_BD=1560
  census DrawMsg=1560
  census SetGameSpeed=1560
  census InitializeFor=1560
  census RealTick=1560
  census ProcessPushMoveGMCamera_BD=1560
  census SetTwoSceanFov_JW=1560
  census SetWaterRefraction_JB=1560
  census EventButtonUp_MH=1560
  census DefaultMechTick_MH=1560
  census BoosterTick_MH=1560
  census CalcBoosterTick_JW=1560
  census EncodeSetPawnBoosterME_JW=1560
  census CalcMoveTime_JW=1560
  census ProcessPerVelocity_JW=1560
  census CalcThirdCameraMove_JW=1560
  census HandleWalking=1560
  census SetWalking=1560
  census RawInput=1560
  census PlayerMove=1560
  census CheckBob=1560
  census UpdateRotation=1560
  census LimitPitch=1560
  census ViewShake=1560
  census ViewFlash=1560
  census FaceRotation=1560
  census ProcessMove=1560
  census BoosterEventMoment_JW=1560
  census SetViewPitch=1560
  census ShouldCrouch=1560
  census CheckRevieUser=1560
  census CheckGameHistory=1560
  census UpdateChat=1560
  census DrawCustomBeacon=931
  census Timer=563
  census PlayFootStep=246
  census FootStepping=246
  census AnimEnd=147
  census GetRadarInfo=130
  census Touch=128
  census PlayFootStepLeft=126
  census PlayFootStepRight=120
  census UpdatePlayerLocation=93
  census IsActorAttackReady=62
  census SetMoveTarget_JW=30
  census SetAttractionState=30
  census SetupGroundSpeed_JW=30
  census SetSpeedNowState=30
  census MoveTo_JW=30
  census AIMoveFunc=29
  census GetNodeStruct=29
  census CheckNodeReach=29
  census GetNodeActor=29
  census GetRandDefenceActor=14
  census GetTDynamicActor=14
  census NotifyHitWall=11
  census EndCrouch=10
  census StartCrouch=10
  census UpdateSentText=5
  census SetBrenchChange=5
  census ConsoleCommand=2
  census BaseChange=2
  census GetAIBotCount=1
  census DoFindUsefulSupportNodeMove=1
  census NewFindUsefulSupportNode=1
  census GetNearestSupportNode=1
[2026-09-22T10:55:20.722Z] pid=65756 window_ms=5001 calls=1002067 ServerFire=0 ClientFire=0 unresolved=0 distinct_names=185
  census Tick=137693
  census Tick_MH=125176
  census DeltaTimeCheck_JW=112662
  census GetMastActor=56359
  census IsMeAttackReady=56331
  census AIEMPProcess=56331
  census AIAttackHeadSpinProcess_JW=56331
  census IsMeMoveTargetReady=43817
  census GetLocalPlayerController=31457
  census IsMeGM_BD=10954
  census GetHP_JW=8062
  census DecodeGetPawnHealth_JW=7837
  census PlayerCalcView=7825
  census IsPlayGame_BD=7825
  census LoadFontStatic=7825
  census DoBooster_sh=6260
  census DrawSkillInfo=6260
  census DrawSpriteWidget=6260
  census IsSpectating=6259
  census DecodeGetPawnBoosterME_JW=6258
  census PlayerTick=6256
  census UpdateFlashComponent=6256
  census WeaponTick=4695
  census PostRender=4695
  census DrawEMP_JW=4695
  census GetConsoleFont=4695
  census WorldSpaceOverlays=3130
  census CanvasDrawActors=3130
  census DrawHUD=3130
  census RenderOverlays=3130
  census GetMediumFontFor=3130
  census DrawEnemyName=3130
  census DisplayMessages=3130
  census GetPhysicsVolume=3128
  census Trace_UJ2=1593
  census Trace_UJ=1572
  census ProcessMechColList_JW=1565
  census IsLocallyControlled=1565
  census UpdateShadow=1565
  census DetachProjector=1565
  census AttachProjector=1565
  census PlayBooster=1565
  census CalcBehindView=1565
  census CalcFireCamrot_JW=1565
  census SetAniokNosee_JW=1565
  census GetBoneCoords=1565
  census OrthoRotation=1565
  census CacheCalcView=1565
  census PostRender2D=1565
  census GetNumLive=1565
  census DrawATnDefLv=1565
  census GetDefaultNumLive=1565
  census BuildMOTD=1565
  census LinkActors=1565
  census CheckEndGame_BD=1565
  census OnHudPostRender_MH=1565
  census Draw3dObjectiveArrow=1565
  census Render=1565
  census UpdateHUD=1565
  census DrawDamageIndicators=1565
  census DrawHudPassA=1565
  census ZoomFadeOut=1565
  census ActiveActionDraw=1565
  census AcquireActionDraw=1565
  census IsIgnoreAction=1565
  census DrawRader_JW=1565
  census DrawRader=1565
  census DrawHudRadarMap=1565
  census DrawHudRadarPawn=1565
  census CalculCrossChangeKitLen=1565
  census GetAmmoNumKitMax=1565
  census CalculHitRate=1565
  census CalculCrossHitRateLen=1565
  census SetCrossDrawColor=1565
  census RendGage=1565
  census DrawHPSP=1565
  census DrawHP_BD=1565
  census DrawHpBoarder_BD=1565
  census DrawHpGauge_BD=1565
  census DrawHpPointGauge_BD=1565
  census DrawHpDigit_JW=1565
  census DrawBoosterGauge_JW=1565
  census DrawPoint_BD=1565
  census DrawRefillAmmo_BD=1565
  census DrawAmmo=1565
  census GetAmmoCount=1565
  census ChangeAmmoInfo=1565
  census DrawAmmoKit=1565
  census DrawNum4Texture_YC=1565
  census DrawEventWep=1565
  census DrawBulletCashUI=1565
  census DrawDWeaponNum_JW=1565
  census DrawItemboxExtraTimer_JW=1565
  census DrawGameGuide_BD=1565
  census DrawHudPassB=1565
  census DrawHudPassC=1565
  census DrawCrosshair=1565
  census DrawHudPassD=1565
  census DisplayLocalMessages=1565
  census DrawWarning_UJ=1565
  census IsLockOn_MH=1565
  census DrawSensi_JW=1565
  census DisplayRecordEventMsg_BD=1565
  census DisplayNoticeMessages_BD=1565
  census DrawETC=1565
  census DrawRadioMsg=1565
  census DrawTextKillMessage=1565
  census DrawRadioMenu_YC=1565
  census PlayNoEngineer=1565
  census Tick_RadioMenu=1565
  census Get_RM_NUM_PRESS=1565
  census DrawKillAnim=1565
  census PostDrawHud=1565
  census DrawTimer=1565
  census DrawTeamScore=1565
  census DrawPveIntro_YC=1565
  census DrawMissionBrief=1565
  census DrawLocalMessage_Sh=1565
  census DrawBrief=1565
  census DrawShortBriefing_BD=1565
  census DrawMsg=1565
  census SetGameSpeed=1564
  census InitializeFor=1564
  census RealTick=1564
  census ProcessPushMoveGMCamera_BD=1564
  census SetTwoSceanFov_JW=1564
  census SetWaterRefraction_JB=1564
  census EventButtonUp_MH=1564
  census DefaultMechTick_MH=1564
  census BoosterTick_MH=1564
  census CalcBoosterTick_JW=1564
  census EncodeSetPawnBoosterME_JW=1564
  census CalcMoveTime_JW=1564
  census ProcessPerVelocity_JW=1564
  census CalcThirdCameraMove_JW=1564
  census HandleWalking=1564
  census SetWalking=1564
  census RawInput=1564
  census PlayerMove=1564
  census CheckBob=1564
  census UpdateRotation=1564
  census LimitPitch=1564
  census ViewShake=1564
  census ViewFlash=1564
  census FaceRotation=1564
  census ProcessMove=1564
  census BoosterEventMoment_JW=1564
  census SetViewPitch=1564
  census ShouldCrouch=1564
  census CheckRevieUser=1564
  census CheckGameHistory=1564
  census UpdateChat=1564
  census GetTeamNum=1132
  census Timer=478
  census PlayFootStep=233
  census FootStepping=233
  census AnimEnd=132
  census GetRadarInfo=120
  census PlayFootStepRight=118
  census PlayFootStepLeft=115
  census UpdatePlayerLocation=97
  census Touch=83
  census IsActorAttackReady=58
  census SetMoveTarget_JW=45
  census SetAttractionState=45
  census SetupGroundSpeed_JW=45
  census SetSpeedNowState=45
  census MoveTo_JW=45
  census GetNodeActor=38
  census AIMoveFunc=33
  census GetNodeStruct=33
  census CheckNodeReach=33
  census NotifyHitWall=17
  census SetBrenchChange=17
  census BaseChange=14
  census EndCrouch=10
  census StartCrouch=10
  census GetRandDefenceActor=10
  census GetTDynamicActor=10
  census DoFindUsefulSupportNodeMove=7
  census NewFindUsefulSupportNode=7
  census GetNearestSupportNode=7
  census UpdateSentText=5
  census AIMoveFunc_BreakWay=5
  census GetAIBotCount=1
[2026-09-22T10:55:25.722Z] pid=65756 window_ms=5000 calls=926997 ServerFire=0 ClientFire=0 unresolved=0 distinct_names=186
  census Tick=127283
  census Tick_MH=115712
  census DeltaTimeCheck_JW=104138
  census GetMastActor=52097
  census IsMeAttackReady=52069
  census AIEMPProcess=52069
  census AIAttackHeadSpinProcess_JW=52069
  census IsMeMoveTargetReady=40495
  census GetLocalPlayerController=29087
  census IsMeGM_BD=10123
  census GetHP_JW=7570
  census DecodeGetPawnHealth_JW=7243
  census PlayerCalcView=7230
  census IsPlayGame_BD=7230
  census LoadFontStatic=7230
  census PlayerTick=5788
  census UpdateFlashComponent=5788
  census DecodeGetPawnBoosterME_JW=5786
  census IsSpectating=5785
  census DoBooster_sh=5784
  census DrawSkillInfo=5784
  census DrawSpriteWidget=5784
  census WeaponTick=4338
  census PostRender=4338
  census DrawEMP_JW=4338
  census GetConsoleFont=4338
  census GetPhysicsVolume=2894
  census WorldSpaceOverlays=2892
  census CanvasDrawActors=2892
  census DrawHUD=2892
  census RenderOverlays=2892
  census GetMediumFontFor=2892
  census DrawEnemyName=2892
  census DisplayMessages=2892
  census GetTeamNum=1548
  census Trace_UJ2=1474
  census Trace_UJ=1451
  census SetGameSpeed=1447
  census InitializeFor=1447
  census RealTick=1447
  census ProcessPushMoveGMCamera_BD=1447
  census SetTwoSceanFov_JW=1447
  census SetWaterRefraction_JB=1447
  census EventButtonUp_MH=1447
  census DefaultMechTick_MH=1447
  census BoosterTick_MH=1447
  census CalcBoosterTick_JW=1447
  census EncodeSetPawnBoosterME_JW=1447
  census CalcMoveTime_JW=1447
  census ProcessPerVelocity_JW=1447
  census CalcThirdCameraMove_JW=1447
  census HandleWalking=1447
  census SetWalking=1447
  census RawInput=1447
  census PlayerMove=1447
  census CheckBob=1447
  census UpdateRotation=1447
  census LimitPitch=1447
  census ViewShake=1447
  census ViewFlash=1447
  census FaceRotation=1447
  census ProcessMove=1447
  census BoosterEventMoment_JW=1447
  census SetViewPitch=1447
  census ShouldCrouch=1447
  census CheckRevieUser=1447
  census CheckGameHistory=1447
  census UpdateChat=1447
  census ProcessMechColList_JW=1446
  census IsLocallyControlled=1446
  census UpdateShadow=1446
  census DetachProjector=1446
  census AttachProjector=1446
  census PlayBooster=1446
  census CalcBehindView=1446
  census CalcFireCamrot_JW=1446
  census SetAniokNosee_JW=1446
  census GetBoneCoords=1446
  census OrthoRotation=1446
  census CacheCalcView=1446
  census PostRender2D=1446
  census GetNumLive=1446
  census DrawATnDefLv=1446
  census GetDefaultNumLive=1446
  census BuildMOTD=1446
  census LinkActors=1446
  census CheckEndGame_BD=1446
  census OnHudPostRender_MH=1446
  census Draw3dObjectiveArrow=1446
  census Render=1446
  census UpdateHUD=1446
  census DrawDamageIndicators=1446
  census DrawHudPassA=1446
  census ZoomFadeOut=1446
  census ActiveActionDraw=1446
  census AcquireActionDraw=1446
  census IsIgnoreAction=1446
  census DrawRader_JW=1446
  census DrawRader=1446
  census DrawHudRadarMap=1446
  census DrawHudRadarPawn=1446
  census CalculCrossChangeKitLen=1446
  census GetAmmoNumKitMax=1446
  census CalculHitRate=1446
  census CalculCrossHitRateLen=1446
  census SetCrossDrawColor=1446
  census RendGage=1446
  census DrawHPSP=1446
  census DrawHP_BD=1446
  census DrawHpBoarder_BD=1446
  census DrawHpGauge_BD=1446
  census DrawHpPointGauge_BD=1446
  census DrawHpDigit_JW=1446
  census DrawBoosterGauge_JW=1446
  census DrawPoint_BD=1446
  census DrawRefillAmmo_BD=1446
  census DrawAmmo=1446
  census GetAmmoCount=1446
  census ChangeAmmoInfo=1446
  census DrawAmmoKit=1446
  census DrawNum4Texture_YC=1446
  census DrawEventWep=1446
  census DrawBulletCashUI=1446
  census DrawDWeaponNum_JW=1446
  census DrawItemboxExtraTimer_JW=1446
  census DrawGameGuide_BD=1446
  census DrawHudPassB=1446
  census DrawHudPassC=1446
  census DrawCrosshair=1446
  census DrawHudPassD=1446
  census DisplayLocalMessages=1446
  census DrawWarning_UJ=1446
  census IsLockOn_MH=1446
  census DrawSensi_JW=1446
  census DisplayRecordEventMsg_BD=1446
  census DisplayNoticeMessages_BD=1446
  census DrawETC=1446
  census DrawRadioMsg=1446
  census DrawTextKillMessage=1446
  census DrawRadioMenu_YC=1446
  census PlayNoEngineer=1446
  census Tick_RadioMenu=1446
  census Get_RM_NUM_PRESS=1446
  census DrawKillAnim=1446
  census PostDrawHud=1446
  census DrawTimer=1446
  census DrawTeamScore=1446
  census DrawPveIntro_YC=1446
  census DrawMissionBrief=1446
  census DrawLocalMessage_Sh=1446
  census DrawBrief=1446
  census DrawShortBriefing_BD=1446
  census DrawMsg=1446
  census Timer=561
  census PlayFootStep=241
  census FootStepping=241
  census AnimEnd=135
  census GetRadarInfo=130
  census PlayFootStepLeft=124
  census PlayFootStepRight=117
  census UpdatePlayerLocation=91
  census Touch=87
  census IsActorAttackReady=60
  census SetMoveTarget_JW=31
  census SetAttractionState=31
  census SetupGroundSpeed_JW=31
  census SetSpeedNowState=31
  census MoveTo_JW=31
  census GetNodeActor=26
  census AIMoveFunc=22
  census GetNodeStruct=22
  census CheckNodeReach=22
  census GetRandDefenceActor=16
  census GetTDynamicActor=16
  census NotifyHitWall=8
  census BaseChange=8
  census SetBrenchChange=6
  census EndCrouch=5
  census UpdateSentText=5
  census DoFindUsefulSupportNodeMove=5
  census NewFindUsefulSupportNode=5
  census GetNearestSupportNode=5
  census AIMoveFunc_BreakWay=4
  census StartCrouch=4
  census GetAIBotCount=1
  census ConsoleCommand=1
[2026-09-22T10:55:30.723Z] pid=65756 window_ms=5001 calls=992617 ServerFire=0 ClientFire=0 unresolved=0 distinct_names=184
  census Tick=136332
  census Tick_MH=123936
  census DeltaTimeCheck_JW=111542
  census GetMastActor=55799
  census IsMeAttackReady=55771
  census AIEMPProcess=55771
  census AIAttackHeadSpinProcess_JW=55771
  census IsMeMoveTargetReady=43377
  census GetLocalPlayerController=31143
  census IsMeGM_BD=10843
  census GetHP_JW=8088
  census DecodeGetPawnHealth_JW=7757
  census PlayerCalcView=7745
  census IsPlayGame_BD=7745
  census LoadFontStatic=7745
  census DoBooster_sh=6199
  census DrawSkillInfo=6196
  census IsSpectating=6196
  census DecodeGetPawnBoosterME_JW=6196
  census DrawSpriteWidget=6196
  census PlayerTick=6196
  census UpdateFlashComponent=6196
  census WeaponTick=4650
  census PostRender=4647
  census DrawEMP_JW=4647
  census GetConsoleFont=4647
  census WorldSpaceOverlays=3098
  census CanvasDrawActors=3098
  census DrawHUD=3098
  census RenderOverlays=3098
  census GetMediumFontFor=3098
  census DrawEnemyName=3098
  census DisplayMessages=3098
  census GetPhysicsVolume=3098
  census Trace_UJ2=1577
  census GetTeamNum=1572
  census Trace_UJ=1551
  census ProcessMechColList_JW=1550
  census IsLocallyControlled=1550
  census UpdateShadow=1550
  census DetachProjector=1550
  census AttachProjector=1550
  census PlayBooster=1550
  census CalcBehindView=1549
  census CalcFireCamrot_JW=1549
  census SetAniokNosee_JW=1549
  census GetBoneCoords=1549
  census OrthoRotation=1549
  census CacheCalcView=1549
  census PostRender2D=1549
  census GetNumLive=1549
  census DrawATnDefLv=1549
  census GetDefaultNumLive=1549
  census BuildMOTD=1549
  census LinkActors=1549
  census CheckEndGame_BD=1549
  census OnHudPostRender_MH=1549
  census Draw3dObjectiveArrow=1549
  census Render=1549
  census UpdateHUD=1549
  census DrawDamageIndicators=1549
  census DrawHudPassA=1549
  census ZoomFadeOut=1549
  census ActiveActionDraw=1549
  census AcquireActionDraw=1549
  census IsIgnoreAction=1549
  census DrawRader_JW=1549
  census DrawRader=1549
  census DrawHudRadarMap=1549
  census DrawHudRadarPawn=1549
  census CalculCrossChangeKitLen=1549
  census GetAmmoNumKitMax=1549
  census CalculHitRate=1549
  census CalculCrossHitRateLen=1549
  census SetCrossDrawColor=1549
  census RendGage=1549
  census DrawHPSP=1549
  census DrawHP_BD=1549
  census DrawHpBoarder_BD=1549
  census DrawHpGauge_BD=1549
  census DrawHpPointGauge_BD=1549
  census DrawHpDigit_JW=1549
  census DrawBoosterGauge_JW=1549
  census DrawPoint_BD=1549
  census DrawRefillAmmo_BD=1549
  census DrawAmmo=1549
  census GetAmmoCount=1549
  census ChangeAmmoInfo=1549
  census DrawAmmoKit=1549
  census DrawNum4Texture_YC=1549
  census DrawEventWep=1549
  census DrawBulletCashUI=1549
  census DrawDWeaponNum_JW=1549
  census DrawItemboxExtraTimer_JW=1549
  census DrawGameGuide_BD=1549
  census DrawHudPassB=1549
  census DrawHudPassC=1549
  census DrawCrosshair=1549
  census DrawHudPassD=1549
  census DisplayLocalMessages=1549
  census DrawWarning_UJ=1549
  census IsLockOn_MH=1549
  census DrawSensi_JW=1549
  census DisplayRecordEventMsg_BD=1549
  census DisplayNoticeMessages_BD=1549
  census DrawETC=1549
  census DrawRadioMsg=1549
  census DrawTextKillMessage=1549
  census DrawRadioMenu_YC=1549
  census PlayNoEngineer=1549
  census Tick_RadioMenu=1549
  census Get_RM_NUM_PRESS=1549
  census DrawKillAnim=1549
  census PostDrawHud=1549
  census DrawTimer=1549
  census DrawTeamScore=1549
  census DrawPveIntro_YC=1549
  census DrawMissionBrief=1549
  census DrawLocalMessage_Sh=1549
  census DrawBrief=1549
  census DrawShortBriefing_BD=1549
  census DrawMsg=1549
  census SetGameSpeed=1549
  census InitializeFor=1549
  census RealTick=1549
  census ProcessPushMoveGMCamera_BD=1549
  census SetTwoSceanFov_JW=1549
  census SetWaterRefraction_JB=1549
  census EventButtonUp_MH=1549
  census DefaultMechTick_MH=1549
  census BoosterTick_MH=1549
  census CalcBoosterTick_JW=1549
  census EncodeSetPawnBoosterME_JW=1549
  census CalcMoveTime_JW=1549
  census ProcessPerVelocity_JW=1549
  census CalcThirdCameraMove_JW=1549
  census HandleWalking=1549
  census SetWalking=1549
  census RawInput=1549
  census PlayerMove=1549
  census CheckBob=1549
  census UpdateRotation=1549
  census LimitPitch=1549
  census ViewShake=1549
  census ViewFlash=1549
  census FaceRotation=1549
  census ProcessMove=1549
  census BoosterEventMoment_JW=1549
  census SetViewPitch=1549
  census ShouldCrouch=1549
  census CheckRevieUser=1549
  census CheckGameHistory=1549
  census UpdateChat=1549
  census Timer=475
  census PlayFootStep=244
  census FootStepping=244
  census AnimEnd=147
  census PlayFootStepLeft=125
  census GetRadarInfo=120
  census PlayFootStepRight=119
  census Touch=99
  census UpdatePlayerLocation=94
  census IsActorAttackReady=62
  census SetMoveTarget_JW=38
  census SetAttractionState=38
  census SetupGroundSpeed_JW=38
  census SetSpeedNowState=38
  census MoveTo_JW=38
  census GetNodeActor=36
  census AIMoveFunc=30
  census GetNodeStruct=30
  census CheckNodeReach=30
  census SetBrenchChange=14
  census GetRandDefenceActor=14
  census GetTDynamicActor=14
  census AIMoveFunc_BreakWay=6
  census UpdateSentText=5
  census BaseChange=4
  census NotifyHitWall=2
  census DoFindUsefulSupportNodeMove=2
  census NewFindUsefulSupportNode=2
  census GetNearestSupportNode=2
  census GetAIBotCount=1
  census ConsoleCommand=1
[2026-09-22T10:55:35.723Z] pid=65756 window_ms=5000 calls=967735 ServerFire=0 ClientFire=0 unresolved=0 distinct_names=178
  census Tick=132899
  census Tick_MH=120818
  census DeltaTimeCheck_JW=108738
  census GetMastActor=54397
  census IsMeAttackReady=54369
  census AIEMPProcess=54369
  census AIAttackHeadSpinProcess_JW=54369
  census IsMeMoveTargetReady=42289
  census GetLocalPlayerController=30364
  census IsMeGM_BD=10570
  census GetHP_JW=7896
  census DecodeGetPawnHealth_JW=7563
  census PlayerCalcView=7550
  census IsPlayGame_BD=7550
  census LoadFontStatic=7550
  census DoBooster_sh=6041
  census DrawSkillInfo=6040
  census IsSpectating=6040
  census DecodeGetPawnBoosterME_JW=6040
  census DrawSpriteWidget=6040
  census PlayerTick=6040
  census UpdateFlashComponent=6040
  census PostRender=4530
  census DrawEMP_JW=4530
  census GetConsoleFont=4530
  census WeaponTick=4530
  census WorldSpaceOverlays=3020
  census CanvasDrawActors=3020
  census DrawHUD=3020
  census RenderOverlays=3020
  census GetMediumFontFor=3020
  census DrawEnemyName=3020
  census DisplayMessages=3020
  census GetPhysicsVolume=3020
  census GetTeamNum=1564
  census Trace_UJ2=1538
  census CalcBehindView=1510
  census CalcFireCamrot_JW=1510
  census SetAniokNosee_JW=1510
  census GetBoneCoords=1510
  census OrthoRotation=1510
  census CacheCalcView=1510
  census PostRender2D=1510
  census GetNumLive=1510
  census DrawATnDefLv=1510
  census GetDefaultNumLive=1510
  census BuildMOTD=1510
  census LinkActors=1510
  census CheckEndGame_BD=1510
  census OnHudPostRender_MH=1510
  census Draw3dObjectiveArrow=1510
  census Render=1510
  census UpdateHUD=1510
  census DrawDamageIndicators=1510
  census DrawHudPassA=1510
  census ZoomFadeOut=1510
  census ActiveActionDraw=1510
  census AcquireActionDraw=1510
  census IsIgnoreAction=1510
  census DrawRader_JW=1510
  census DrawRader=1510
  census DrawHudRadarMap=1510
  census DrawHudRadarPawn=1510
  census CalculCrossChangeKitLen=1510
  census GetAmmoNumKitMax=1510
  census CalculHitRate=1510
  census CalculCrossHitRateLen=1510
  census SetCrossDrawColor=1510
  census RendGage=1510
  census DrawHPSP=1510
  census DrawHP_BD=1510
  census DrawHpBoarder_BD=1510
  census DrawHpGauge_BD=1510
  census DrawHpPointGauge_BD=1510
  census DrawHpDigit_JW=1510
  census DrawBoosterGauge_JW=1510
  census DrawPoint_BD=1510
  census DrawRefillAmmo_BD=1510
  census DrawAmmo=1510
  census GetAmmoCount=1510
  census ChangeAmmoInfo=1510
  census DrawAmmoKit=1510
  census DrawNum4Texture_YC=1510
  census DrawEventWep=1510
  census DrawBulletCashUI=1510
  census DrawDWeaponNum_JW=1510
  census DrawItemboxExtraTimer_JW=1510
  census DrawGameGuide_BD=1510
  census DrawHudPassB=1510
  census DrawHudPassC=1510
  census DrawCrosshair=1510
  census Trace_UJ=1510
  census DrawHudPassD=1510
  census DisplayLocalMessages=1510
  census DrawWarning_UJ=1510
  census IsLockOn_MH=1510
  census DrawSensi_JW=1510
  census DisplayRecordEventMsg_BD=1510
  census DisplayNoticeMessages_BD=1510
  census DrawETC=1510
  census DrawRadioMsg=1510
  census DrawTextKillMessage=1510
  census DrawRadioMenu_YC=1510
  census PlayNoEngineer=1510
  census Tick_RadioMenu=1510
  census Get_RM_NUM_PRESS=1510
  census DrawKillAnim=1510
  census PostDrawHud=1510
  census DrawTimer=1510
  census DrawTeamScore=1510
  census DrawPveIntro_YC=1510
  census DrawMissionBrief=1510
  census DrawLocalMessage_Sh=1510
  census DrawBrief=1510
  census DrawShortBriefing_BD=1510
  census DrawMsg=1510
  census SetGameSpeed=1510
  census InitializeFor=1510
  census RealTick=1510
  census ProcessPushMoveGMCamera_BD=1510
  census SetTwoSceanFov_JW=1510
  census SetWaterRefraction_JB=1510
  census EventButtonUp_MH=1510
  census DefaultMechTick_MH=1510
  census BoosterTick_MH=1510
  census CalcBoosterTick_JW=1510
  census EncodeSetPawnBoosterME_JW=1510
  census CalcMoveTime_JW=1510
  census ProcessPerVelocity_JW=1510
  census CalcThirdCameraMove_JW=1510
  census HandleWalking=1510
  census SetWalking=1510
  census RawInput=1510
  census PlayerMove=1510
  census CheckBob=1510
  census UpdateRotation=1510
  census LimitPitch=1510
  census ViewShake=1510
  census ViewFlash=1510
  census FaceRotation=1510
  census ProcessMove=1510
  census BoosterEventMoment_JW=1510
  census SetViewPitch=1510
  census ShouldCrouch=1510
  census CheckRevieUser=1510
  census CheckGameHistory=1510
  census UpdateChat=1510
  census ProcessMechColList_JW=1510
  census IsLocallyControlled=1510
  census UpdateShadow=1510
  census DetachProjector=1510
  census AttachProjector=1510
  census PlayBooster=1510
  census Timer=563
  census PlayFootStep=247
  census FootStepping=247
  census AnimEnd=131
  census GetRadarInfo=130
  census PlayFootStepLeft=125
  census PlayFootStepRight=122
  census UpdatePlayerLocation=93
  census Touch=62
  census IsActorAttackReady=58
  census AIMoveFunc=32
  census GetNodeStruct=32
  census CheckNodeReach=32
  census GetNodeActor=32
  census SetMoveTarget_JW=32
  census SetAttractionState=32
  census SetupGroundSpeed_JW=32
  census SetSpeedNowState=32
  census MoveTo_JW=32
  census SetBrenchChange=18
  census GetRandDefenceActor=10
  census GetTDynamicActor=10
  census UpdateSentText=5
  census GetAIBotCount=1
  census ConsoleCommand=1
[2026-09-22T10:55:40.725Z] pid=65756 window_ms=5002 calls=989618 ServerFire=0 ClientFire=0 unresolved=0 distinct_names=186
  census Tick=136590
  census Tick_MH=124174
  census DeltaTimeCheck_JW=111758
  census GetMastActor=55907
  census IsMeAttackReady=55879
  census AIEMPProcess=55879
  census AIAttackHeadSpinProcess_JW=55879
  census IsMeMoveTargetReady=43463
  census GetLocalPlayerController=31200
  census IsMeGM_BD=10864
  census GetHP_JW=8110
  census DecodeGetPawnHealth_JW=7772
  census PlayerCalcView=7761
  census IsPlayGame_BD=7761
  census LoadFontStatic=7760
  census DrawSkillInfo=6208
  census IsSpectating=6208
  census DecodeGetPawnBoosterME_JW=6208
  census DrawSpriteWidget=6208
  census PlayerTick=6208
  census UpdateFlashComponent=6208
  census DoBooster_sh=6208
  census PostRender=4656
  census DrawEMP_JW=4656
  census GetConsoleFont=4656
  census WeaponTick=4656
  census WorldSpaceOverlays=3104
  census CanvasDrawActors=3104
  census DrawHUD=3104
  census GetMediumFontFor=3104
  census DrawEnemyName=3104
  census DisplayMessages=3104
  census GetPhysicsVolume=3104
  census RenderOverlays=2401
  census GetTeamNum=1592
  census Trace_UJ2=1581
  census CalcBehindView=1553
  census CalcFireCamrot_JW=1553
  census SetAniokNosee_JW=1553
  census GetBoneCoords=1553
  census OrthoRotation=1553
  census CacheCalcView=1553
  census PostRender2D=1552
  census GetNumLive=1552
  census DrawATnDefLv=1552
  census GetDefaultNumLive=1552
  census BuildMOTD=1552
  census LinkActors=1552
  census CheckEndGame_BD=1552
  census OnHudPostRender_MH=1552
  census Draw3dObjectiveArrow=1552
  census Render=1552
  census UpdateHUD=1552
  census DrawDamageIndicators=1552
  census DrawHudPassA=1552
  census ZoomFadeOut=1552
  census ActiveActionDraw=1552
  census AcquireActionDraw=1552
  census IsIgnoreAction=1552
  census DrawRader_JW=1552
  census DrawRader=1552
  census DrawHudRadarMap=1552
  census DrawHudRadarPawn=1552
  census DrawHPSP=1552
  census DrawHP_BD=1552
  census DrawHpBoarder_BD=1552
  census DrawHpGauge_BD=1552
  census DrawHpPointGauge_BD=1552
  census DrawHpDigit_JW=1552
  census DrawBoosterGauge_JW=1552
  census DrawPoint_BD=1552
  census DrawRefillAmmo_BD=1552
  census DrawAmmo=1552
  census GetAmmoCount=1552
  census ChangeAmmoInfo=1552
  census DrawAmmoKit=1552
  census DrawNum4Texture_YC=1552
  census DrawEventWep=1552
  census DrawBulletCashUI=1552
  census DrawDWeaponNum_JW=1552
  census DrawItemboxExtraTimer_JW=1552
  census DrawGameGuide_BD=1552
  census DrawHudPassB=1552
  census DrawHudPassC=1552
  census DrawCrosshair=1552
  census Trace_UJ=1552
  census DrawHudPassD=1552
  census DisplayLocalMessages=1552
  census DrawWarning_UJ=1552
  census IsLockOn_MH=1552
  census DrawSensi_JW=1552
  census DisplayRecordEventMsg_BD=1552
  census DisplayNoticeMessages_BD=1552
  census DrawETC=1552
  census DrawRadioMsg=1552
  census DrawTextKillMessage=1552
  census DrawRadioMenu_YC=1552
  census PlayNoEngineer=1552
  census Tick_RadioMenu=1552
  census Get_RM_NUM_PRESS=1552
  census DrawKillAnim=1552
  census PostDrawHud=1552
  census DrawTimer=1552
  census DrawTeamScore=1552
  census DrawPveIntro_YC=1552
  census DrawMissionBrief=1552
  census DrawLocalMessage_Sh=1552
  census DrawBrief=1552
  census DrawShortBriefing_BD=1552
  census DrawMsg=1552
  census SetGameSpeed=1552
  census InitializeFor=1552
  census RealTick=1552
  census ProcessPushMoveGMCamera_BD=1552
  census SetTwoSceanFov_JW=1552
  census SetWaterRefraction_JB=1552
  census EventButtonUp_MH=1552
  census DefaultMechTick_MH=1552
  census BoosterTick_MH=1552
  census CalcBoosterTick_JW=1552
  census EncodeSetPawnBoosterME_JW=1552
  census CalcMoveTime_JW=1552
  census ProcessPerVelocity_JW=1552
  census CalcThirdCameraMove_JW=1552
  census HandleWalking=1552
  census SetWalking=1552
  census RawInput=1552
  census PlayerMove=1552
  census CheckBob=1552
  census UpdateRotation=1552
  census LimitPitch=1552
  census ViewShake=1552
  census ViewFlash=1552
  census FaceRotation=1552
  census ProcessMove=1552
  census BoosterEventMoment_JW=1552
  census SetViewPitch=1552
  census ShouldCrouch=1552
  census CheckRevieUser=1552
  census CheckGameHistory=1552
  census UpdateChat=1552
  census ProcessMechColList_JW=1552
  census IsLocallyControlled=1552
  census UpdateShadow=1552
  census DetachProjector=1552
  census AttachProjector=1552
  census PlayBooster=1552
  census CalculCrossChangeKitLen=849
  census GetAmmoNumKitMax=849
  census CalculHitRate=849
  census CalculCrossHitRateLen=849
  census SetCrossDrawColor=849
  census RendGage=849
  census Timer=472
  census PlayFootStep=249
  census FootStepping=249
  census AnimEnd=147
  census PlayFootStepLeft=125
  census PlayFootStepRight=124
  census GetRadarInfo=120
  census UpdatePlayerLocation=91
  census Touch=79
  census IsActorAttackReady=60
  census AIMoveFunc=37
  census GetNodeStruct=37
  census CheckNodeReach=37
  census GetNodeActor=37
  census SetMoveTarget_JW=37
  census SetAttractionState=37
  census SetupGroundSpeed_JW=37
  census SetSpeedNowState=37
  census MoveTo_JW=37
  census GetRandDefenceActor=16
  census GetTDynamicActor=16
  census SetBrenchChange=9
  census UpdateSentText=5
  census ShowMenu=2
  census SetPause=2
  census GetAIBotCount=1
  census ShowMidGameMenu=1
  census StopForceFeedback=1
  census ClientOpenMenu=1
  census UnPressButtons=1
  census ResetInput=1
  census PlayOwnedSound=1
  census ConsoleCommand=1
[2026-09-22T10:55:45.725Z] pid=65756 window_ms=5000 calls=986987 ServerFire=0 ClientFire=0 unresolved=0 distinct_names=175
  census Tick=137021
  census Tick_MH=124560
  census DeltaTimeCheck_JW=112104
  census GetMastActor=56080
  census IsMeAttackReady=56052
  census AIEMPProcess=56052
  census AIAttackHeadSpinProcess_JW=56052
  census IsMeMoveTargetReady=43596
  census GetLocalPlayerController=31327
  census IsMeGM_BD=10906
  census GetHP_JW=8126
  census DecodeGetPawnHealth_JW=7803
  census IsPlayGame_BD=7790
  census LoadFontStatic=7790
  census PlayerCalcView=7789
  census DrawSkillInfo=6232
  census IsSpectating=6232
  census DecodeGetPawnBoosterME_JW=6232
  census DrawSpriteWidget=6232
  census PlayerTick=6232
  census UpdateFlashComponent=6228
  census DoBooster_sh=6228
  census PostRender=4674
  census DrawEMP_JW=4674
  census GetConsoleFont=4674
  census WeaponTick=4671
  census WorldSpaceOverlays=3116
  census CanvasDrawActors=3116
  census DrawHUD=3116
  census GetMediumFontFor=3116
  census DrawEnemyName=3116
  census DisplayMessages=3116
  census GetPhysicsVolume=3115
  census Trace_UJ2=1585
  census PostRender2D=1558
  census GetNumLive=1558
  census DrawATnDefLv=1558
  census GetDefaultNumLive=1558
  census BuildMOTD=1558
  census LinkActors=1558
  census CheckEndGame_BD=1558
  census OnHudPostRender_MH=1558
  census Draw3dObjectiveArrow=1558
  census Render=1558
  census UpdateHUD=1558
  census DrawDamageIndicators=1558
  census DrawHudPassA=1558
  census ZoomFadeOut=1558
  census ActiveActionDraw=1558
  census AcquireActionDraw=1558
  census IsIgnoreAction=1558
  census DrawRader_JW=1558
  census DrawRader=1558
  census DrawHudRadarMap=1558
  census DrawHudRadarPawn=1558
  census DrawHPSP=1558
  census DrawHP_BD=1558
  census DrawHpBoarder_BD=1558
  census DrawHpGauge_BD=1558
  census DrawHpPointGauge_BD=1558
  census DrawHpDigit_JW=1558
  census DrawBoosterGauge_JW=1558
  census DrawPoint_BD=1558
  census DrawRefillAmmo_BD=1558
  census DrawAmmo=1558
  census GetAmmoCount=1558
  census ChangeAmmoInfo=1558
  census DrawAmmoKit=1558
  census DrawNum4Texture_YC=1558
  census DrawEventWep=1558
  census DrawBulletCashUI=1558
  census DrawDWeaponNum_JW=1558
  census DrawItemboxExtraTimer_JW=1558
  census DrawGameGuide_BD=1558
  census DrawHudPassB=1558
  census DrawHudPassC=1558
  census DrawCrosshair=1558
  census Trace_UJ=1558
  census DrawHudPassD=1558
  census DisplayLocalMessages=1558
  census DrawWarning_UJ=1558
  census IsLockOn_MH=1558
  census DrawSensi_JW=1558
  census DisplayRecordEventMsg_BD=1558
  census DisplayNoticeMessages_BD=1558
  census DrawETC=1558
  census DrawRadioMsg=1558
  census DrawTextKillMessage=1558
  census DrawRadioMenu_YC=1558
  census PlayNoEngineer=1558
  census Tick_RadioMenu=1558
  census Get_RM_NUM_PRESS=1558
  census DrawKillAnim=1558
  census RenderOverlays=1558
  census PostDrawHud=1558
  census DrawTimer=1558
  census DrawTeamScore=1558
  census DrawPveIntro_YC=1558
  census DrawMissionBrief=1558
  census DrawLocalMessage_Sh=1558
  census DrawBrief=1558
  census DrawShortBriefing_BD=1558
  census DrawMsg=1558
  census SetGameSpeed=1558
  census InitializeFor=1558
  census RealTick=1558
  census ProcessPushMoveGMCamera_BD=1558
  census SetTwoSceanFov_JW=1558
  census SetWaterRefraction_JB=1558
  census EventButtonUp_MH=1558
  census DefaultMechTick_MH=1558
  census BoosterTick_MH=1558
  census CalcBoosterTick_JW=1558
  census EncodeSetPawnBoosterME_JW=1558
  census CalcMoveTime_JW=1558
  census ProcessPerVelocity_JW=1558
  census CalcThirdCameraMove_JW=1558
  census HandleWalking=1558
  census SetWalking=1558
  census RawInput=1558
  census PlayerMove=1558
  census CheckBob=1558
  census UpdateRotation=1557
  census LimitPitch=1557
  census ViewShake=1557
  census ViewFlash=1557
  census FaceRotation=1557
  census ProcessMove=1557
  census BoosterEventMoment_JW=1557
  census SetViewPitch=1557
  census ShouldCrouch=1557
  census CheckRevieUser=1557
  census CheckGameHistory=1557
  census UpdateChat=1557
  census ProcessMechColList_JW=1557
  census IsLocallyControlled=1557
  census UpdateShadow=1557
  census DetachProjector=1557
  census AttachProjector=1557
  census PlayBooster=1557
  census CalcBehindView=1557
  census CalcFireCamrot_JW=1557
  census SetAniokNosee_JW=1557
  census GetBoneCoords=1557
  census OrthoRotation=1557
  census CacheCalcView=1557
  census GetTeamNum=1540
  census Timer=562
  census PlayFootStep=246
  census FootStepping=246
  census AnimEnd=137
  census GetRadarInfo=130
  census PlayFootStepLeft=123
  census PlayFootStepRight=123
  census UpdatePlayerLocation=92
  census Touch=63
  census IsActorAttackReady=62
  census AIMoveFunc=43
  census GetNodeStruct=43
  census CheckNodeReach=43
  census GetNodeActor=43
  census SetMoveTarget_JW=43
  census SetAttractionState=43
  census SetupGroundSpeed_JW=43
  census SetSpeedNowState=43
  census MoveTo_JW=43
  census GetRandDefenceActor=14
  census GetTDynamicActor=14
  census SetBrenchChange=11
  census UpdateSentText=5
  census ClientPlaySound=2
  census ClientHearSound=2
  census GetAIBotCount=1
  census ConsoleCommand=1
  census PlayOwnedSound=1
[2026-09-22T10:55:50.726Z] pid=65756 window_ms=5001 calls=895987 ServerFire=0 ClientFire=0 unresolved=0 distinct_names=272
  census Tick=124251
  census Tick_MH=112960
  census DeltaTimeCheck_JW=101664
  census GetMastActor=50860
  census IsMeAttackReady=50832
  census AIEMPProcess=50832
  census AIAttackHeadSpinProcess_JW=50832
  census IsMeMoveTargetReady=39536
  census GetLocalPlayerController=28374
  census IsMeGM_BD=9877
  census GetHP_JW=7295
  census DecodeGetPawnHealth_JW=7066
  census PlayerCalcView=7055
  census IsPlayGame_BD=7055
  census LoadFontStatic=7055
  census UpdateFlashComponent=5652
  census DoBooster_sh=5648
  census IsSpectating=5645
  census PlayerTick=5645
  census DrawSkillInfo=5644
  census DecodeGetPawnBoosterME_JW=5644
  census DrawSpriteWidget=5644
  census WeaponTick=4236
  census PostRender=4233
  census DrawEMP_JW=4233
  census GetConsoleFont=4233
  census GetPhysicsVolume=2823
  census WorldSpaceOverlays=2822
  census CanvasDrawActors=2822
  census DrawHUD=2822
  census GetMediumFontFor=2822
  census DrawEnemyName=2822
  census DisplayMessages=2822
  census Trace_UJ2=1439
  census UpdateRotation=1413
  census ViewShake=1413
  census ViewFlash=1413
  census ProcessMove=1413
  census SetGameSpeed=1413
  census LimitPitch=1412
  census FaceRotation=1412
  census BoosterEventMoment_JW=1412
  census SetViewPitch=1412
  census ShouldCrouch=1412
  census CheckRevieUser=1412
  census CheckGameHistory=1412
  census UpdateChat=1412
  census ProcessMechColList_JW=1412
  census IsLocallyControlled=1412
  census UpdateShadow=1412
  census DetachProjector=1412
  census AttachProjector=1412
  census PlayBooster=1412
  census LinkActors=1412
  census HandleWalking=1412
  census PlayerMove=1412
  census CalcBehindView=1411
  census CalcFireCamrot_JW=1411
  census SetAniokNosee_JW=1411
  census GetBoneCoords=1411
  census OrthoRotation=1411
  census CacheCalcView=1411
  census PostRender2D=1411
  census GetNumLive=1411
  census DrawATnDefLv=1411
  census GetDefaultNumLive=1411
  census BuildMOTD=1411
  census CheckEndGame_BD=1411
  census OnHudPostRender_MH=1411
  census Draw3dObjectiveArrow=1411
  census Render=1411
  census UpdateHUD=1411
  census DrawDamageIndicators=1411
  census DrawHudPassA=1411
  census ZoomFadeOut=1411
  census ActiveActionDraw=1411
  census AcquireActionDraw=1411
  census IsIgnoreAction=1411
  census DrawRader_JW=1411
  census DrawRader=1411
  census DrawHudRadarMap=1411
  census DrawHudRadarPawn=1411
  census DrawHPSP=1411
  census DrawHP_BD=1411
  census DrawHpBoarder_BD=1411
  census DrawHpGauge_BD=1411
  census DrawHpPointGauge_BD=1411
  census DrawHpDigit_JW=1411
  census DrawBoosterGauge_JW=1411
  census DrawPoint_BD=1411
  census DrawRefillAmmo_BD=1411
  census DrawAmmo=1411
  census GetAmmoCount=1411
  census ChangeAmmoInfo=1411
  census DrawAmmoKit=1411
  census DrawNum4Texture_YC=1411
  census DrawEventWep=1411
  census DrawBulletCashUI=1411
  census DrawDWeaponNum_JW=1411
  census DrawItemboxExtraTimer_JW=1411
  census DrawGameGuide_BD=1411
  census DrawHudPassB=1411
  census DrawHudPassC=1411
  census DrawCrosshair=1411
  census Trace_UJ=1411
  census DrawHudPassD=1411
  census DisplayLocalMessages=1411
  census DrawWarning_UJ=1411
  census IsLockOn_MH=1411
  census DrawSensi_JW=1411
  census DisplayRecordEventMsg_BD=1411
  census DisplayNoticeMessages_BD=1411
  census DrawETC=1411
  census DrawRadioMsg=1411
  census DrawTextKillMessage=1411
  census DrawRadioMenu_YC=1411
  census PlayNoEngineer=1411
  census Tick_RadioMenu=1411
  census Get_RM_NUM_PRESS=1411
  census DrawKillAnim=1411
  census RenderOverlays=1411
  census PostDrawHud=1411
  census DrawTimer=1411
  census DrawTeamScore=1411
  census DrawPveIntro_YC=1411
  census DrawMissionBrief=1411
  census DrawLocalMessage_Sh=1411
  census DrawBrief=1411
  census DrawShortBriefing_BD=1411
  census DrawMsg=1411
  census InitializeFor=1411
  census RealTick=1411
  census ProcessPushMoveGMCamera_BD=1411
  census SetTwoSceanFov_JW=1411
  census SetWaterRefraction_JB=1411
  census EventButtonUp_MH=1411
  census DefaultMechTick_MH=1411
  census BoosterTick_MH=1411
  census CalcBoosterTick_JW=1411
  census EncodeSetPawnBoosterME_JW=1411
  census CalcMoveTime_JW=1411
  census ProcessPerVelocity_JW=1411
  census CalcThirdCameraMove_JW=1411
  census SetWalking=1411
  census RawInput=1411
  census CheckBob=1411
  census GetTeamNum=1148
  census Timer=464
  census PlayFootStep=226
  census FootStepping=226
  census PostBeginPlay=217
  census PreBeginPlay=158
  census GrabOption=153
  census BeginPlay=148
  census CheckRelevance=142
  census AlwaysKeep=142
  census IsRelevant=142
  census CheckReplacement=142
  census GetKeyValue=116
  census PlayFootStepLeft=113
  census PlayFootStepRight=113
  census AnimEnd=113
  census GetRadarInfo=110
  census UpdatePlayerLocation=84
  census Touch=61
  census IsActorAttackReady=58
  census AIMoveFunc=39
  census GetNodeStruct=39
  census CheckNodeReach=39
  census GetNodeActor=39
  census SetMoveTarget_JW=39
  census SetAttractionState=39
  census SetupGroundSpeed_JW=39
  census SetSpeedNowState=39
  census MoveTo_JW=39
  census ParseOption=35
  census ConsoleCommand=18
  census SetBrenchChange=16
  census SetInitialState=14
  census PostNetBeginPlay=14
  census DynamicLoadObject=11
  census GetRandDefenceActor=10
  census GetTDynamicActor=10
  census ActorLeaving=9
  census ZoneChange=9
  census ActorEntered=9
  census Destroyed=7
  census GetIntOption=6
  census GainedChild=6
  census LostChild=6
  census UpdateSentText=5
  census HasOption=4
  census InitGameReplicationInfo=4
  census LinkToSkybox=4
  census ClientPlaySound=3
  census ClientHearSound=3
  census BeginState=3
  census EndState=3
  census SetWaitingPlayer=3
  census InitGame=3
  census StopAllMusic=2
  census GameEnding=2
  census EndLogging=2
  census IsPendingConnection=2
  census PlayOwnedSound=2
  census UnPressButtons=2
  census ResetInput=2
  census StripColor=2
  census SetPlayerName=2
  census Init=2
  census NotifyLogout=2
  census AllowGameSpeedChange=2
  census InitLogging=2
  census GetBotTeam=2
  census Initialize=2
  census SetObjectiveLists=2
  census AllBotsSpawned=2
  census OverrideInitialBots=2
  census UpdateProgress_BD=2
  census GetAIBotCount=1
  census SetMotionBlur_JW=1
  census SetFlashBang_JB=1
  census Login=1
  census ModifyLogin=1
  census AtCapacity=1
  census PickTeam=1
  census FindPlayerStart=1
  census RatePlayerStart=1
  census FixFOV=1
  census SetViewTarget=1
  census AddCheats=1
  census SetSensitivity=1
  census SpawnPlayerReplication=1
  census AddPRI=1
  census InitPlayerReplicationInfo=1
  census ChangeName=1
  census SetPawnClass=1
  census ChangeTeam=1
  census InitInputSystem=1
  census PostLogin=1
  census ClientSetHUD=1
  census CreateKeyMenus=1
  census SetScoreBoardClass=1
  census SetWeaponViewShake=1
  census ClientSetWeaponViewShake=1
  census ClientCapBandwidth=1
  census NotifyLogin=1
  census GetPlayerControllerList=1
  census ServerRequestBanInfo=1
  census ServerShortTimeout=1
  census ResetTimeMargin=1
  census SetImage=1
  census GetMapMaterial_BD=1
  census StaticLoadTexture_MH=1
  census Logout=1
  census RemovePRI=1
  census AddMutator=1
  census AllowMutator=1
  census MutatorIsAllowed=1
  census InitMaplistHandler=1
  census InitializeMaplistRecords=1
  census GetPerObjectNames=1
  census InitializeActiveLists=1
  census SetGrammar=1
  census LoadSRGrammar=1
  census PreSetOpPlayNum=1
  census GetTotalSceneTime=1
  census SetOption=1
  census SpawnActor_MH=1
  census GetRedTeam=1
  census GetBlueTeam=1
  census PreLoadAllMesh_BD=1
[2026-09-22T10:55:55.726Z] pid=65756 window_ms=5000 calls=181730 ServerFire=0 ClientFire=0 unresolved=0 distinct_names=129
  census Tick=24365
  census GetLocalPlayerController=14622
  census PlayerTick=9746
  census IsMeGM_BD=4875
  census LinkActors=4875
  census PostRender=4874
  census BuildMOTD=4874
  census CheckEndGame_BD=4874
  census OnHudPostRender_MH=4874
  census DrawSpectatingHud=4874
  census DrawSensi_JW=4874
  census DisplayMessages=4874
  census DrawETC=4874
  census DrawKillAnim=4874
  census RenderOverlays=4874
  census PostDrawHud=4874
  census DrawTimer=4874
  census DrawTeamScore=4874
  census RealTick=4873
  census ProcessPushMoveGMCamera_BD=4873
  census SetTwoSceanFov_JW=4873
  census GetPhysicsVolume=4873
  census SetWaterRefraction_JB=4873
  census HandleWalking=4873
  census IsSpectating=4873
  census PlayerMove=4873
  census CheckGameHistory=4873
  census UpdateChat=4873
  census PlayerCalcView=4873
  census CacheCalcView=4873
  census AddPrecacheMaterial=178
  census UpdatePrecacheStaticMeshes=152
  census UpdatePrecacheMaterials=151
  census PostNetBeginPlay=145
  census SetInitialState=143
  census DynamicLoadObject=106
  census UpdateProgress_BD=99
  census ConsoleCommand=56
  census AddPrecacheStaticMesh=46
  census Timer=36
  census RatePlayerStart=31
  census PostBeginPlay=24
  census GetStationFromList=24
  census GrabOption=17
  census PreBeginPlay=14
  census GetKeyValue=14
  census BeginPlay=11
  census ZoneChange=11
  census CheckRelevance=9
  census AlwaysKeep=9
  census IsRelevant=9
  census CheckReplacement=9
  census GainedChild=6
  census BeginState=5
  census ParseOption=4
  census PreLoadSkin_BD=4
  census UpdatePlayerLocation=4
  census LinkToSkybox=4
  census StaticLoadTexture_MH=3
  census ActorLeaving=2
  census ActorEntered=2
  census AllOverFindway=2
  census CalcNodeSort_CorefDefence=2
  census Login=2
  census StripColor=2
  census FindPlayerStart=2
  census SetViewTarget=2
  census SetSensitivity=2
  census SetPlayerName=2
  census AddToTeam=2
  census InitInputSystem=2
  census PostLogin=2
  census GetPlayerControllerList=2
  census StartMatch=2
  census FindActorFromName_BD=1
  census EnableTrigger=1
  census ModifyLogin=1
  census GetIntOption=1
  census HasOption=1
  census FixFOV=1
  census AddCheats=1
  census FillCameraList=1
  census SetOwnerPC=1
  census LoadAllMyTeamSkin=1
  census InitializeController_JW=1
  census InitChatPenalty_YC=1
  census SetNoInputState_JW=1
  census SetMotionBlur_JW=1
  census SetRadialBlur_JB=1
  census POVChanged=1
  census ServerSetClassicTrans=1
  census SpawnPlayerReplication=1
  census AddPRI=1
  census InitPlayerReplicationInfo=1
  census ChangeTeam=1
  census PickTeam=1
  census BelongsOnTeam=1
  census ChangeName=1
  census SpawnFromReconnectInfo_BD=1
  census FindReconnectInfo_BD=1
  census LoginOptions=1
  census UnPauseGame_BD=1
  census ServerPlayerSelect_MH=1
  census EndState=1
  census SetWaitingPlayer=1
  census SetDeadCamera_JB=1
  census ClientGotoState=1
  census ServerSetReadyToStart=1
  census ClientSetHUD=1
  census CreateKeyMenus=1
  census SetMiniMapInfo=1
  census SetUpRadarInfo=1
  census SetScoreBoardClass=1
  census SetWeaponViewShake=1
  census ClientSetWeaponViewShake=1
  census ClientCapBandwidth=1
  census NotifyLogin=1
  census ServerRequestBanInfo=1
  census ClientReceiveLoginMenu=1
  census DetailChange=1
  census InvertMouse=1
  census ServerShortTimeout=1
  census ResetTimeMargin=1
  census FillPrecacheMaterialsArray=1
  census FillPrecacheStaticMeshesArray=1
  census PrecacheGameStaticMeshes=1
  census OnBuildMOTD=1
  census SetProgressTime=1
  census GetGameModeIndex_YC=1
[2026-09-22T10:56:00.726Z] pid=65756 window_ms=5000 calls=203706 ServerFire=0 ClientFire=0 unresolved=0 distinct_names=33
  census Tick=27525
  census GetLocalPlayerController=16513
  census PlayerTick=11010
  census RealTick=5505
  census ProcessPushMoveGMCamera_BD=5505
  census IsMeGM_BD=5505
  census SetTwoSceanFov_JW=5505
  census GetPhysicsVolume=5505
  census SetWaterRefraction_JB=5505
  census HandleWalking=5505
  census IsSpectating=5505
  census PlayerMove=5505
  census CheckGameHistory=5505
  census UpdateChat=5505
  census PlayerCalcView=5505
  census CacheCalcView=5505
  census PostRender=5504
  census BuildMOTD=5504
  census LinkActors=5504
  census CheckEndGame_BD=5504
  census OnHudPostRender_MH=5504
  census DrawSpectatingHud=5504
  census DrawSensi_JW=5504
  census DisplayMessages=5504
  census DrawETC=5504
  census DrawKillAnim=5504
  census RenderOverlays=5504
  census PostDrawHud=5504
  census DrawTimer=5504
  census DrawTeamScore=5504
  census Timer=33
  census UpdatePlayerLocation=2
  census ConsoleCommand=2
[2026-09-22T10:56:05.727Z] pid=65756 window_ms=5001 calls=202484 ServerFire=0 ClientFire=0 unresolved=0 distinct_names=33
  census Tick=27355
  census GetLocalPlayerController=16415
  census PlayerTick=10942
  census PostRender=5472
  census BuildMOTD=5472
  census LinkActors=5472
  census CheckEndGame_BD=5472
  census OnHudPostRender_MH=5472
  census DrawSpectatingHud=5472
  census DrawSensi_JW=5472
  census DisplayMessages=5472
  census DrawETC=5472
  census DrawKillAnim=5472
  census RenderOverlays=5472
  census PostDrawHud=5472
  census DrawTimer=5472
  census DrawTeamScore=5472
  census RealTick=5471
  census ProcessPushMoveGMCamera_BD=5471
  census IsMeGM_BD=5471
  census SetTwoSceanFov_JW=5471
  census GetPhysicsVolume=5471
  census SetWaterRefraction_JB=5471
  census HandleWalking=5471
  census IsSpectating=5471
  census PlayerMove=5471
  census CheckGameHistory=5471
  census UpdateChat=5471
  census PlayerCalcView=5471
  census CacheCalcView=5471
  census Timer=37
  census UpdatePlayerLocation=3
  census ConsoleCommand=1
[2026-09-22T10:56:10.881Z] pid=65756 window_ms=5154 calls=45253 ServerFire=0 ClientFire=0 unresolved=0 distinct_names=47
  census Tick=6110
  census GetLocalPlayerController=3666
  census PlayerTick=2444
  census RealTick=1222
  census ProcessPushMoveGMCamera_BD=1222
  census IsMeGM_BD=1222
  census SetTwoSceanFov_JW=1222
  census GetPhysicsVolume=1222
  census SetWaterRefraction_JB=1222
  census HandleWalking=1222
  census IsSpectating=1222
  census PlayerMove=1222
  census CheckGameHistory=1222
  census UpdateChat=1222
  census PlayerCalcView=1222
  census CacheCalcView=1222
  census PostRender=1222
  census BuildMOTD=1222
  census LinkActors=1222
  census CheckEndGame_BD=1222
  census OnHudPostRender_MH=1222
  census DrawSpectatingHud=1222
  census DrawSensi_JW=1222
  census DisplayMessages=1222
  census DrawETC=1222
  census DrawKillAnim=1222
  census RenderOverlays=1222
  census PostDrawHud=1222
  census DrawTimer=1222
  census DrawTeamScore=1222
  census Destroyed=8
  census Timer=7
  census LostChild=6
  census RemoveFromTeam=3
  census Logout=2
  census NotifyLogout=2
  census UpdatePlayerLocation=1
  census UnPressButtons=1
  census ResetInput=1
  census ConsoleCommand=1
  census EndState=1
  census DWeapon_Delete_ALL_JW=1
  census TeachToMineOwner=1
  census TeachToTrapOwner=1
  census TeachToSNTOwner=1
  census ClientClearSNTList_UJ=1
  census RemovePRI=1
[2026-09-22T10:56:16.034Z] pid=65756 window_ms=5153 calls=0 ServerFire=0 ClientFire=0 unresolved=0 distinct_names=0
[2026-09-22T10:58:01.891Z] pid=43172 script loaded; waiting for Engine.dll / Core.dll
[2026-09-22T10:58:03.961Z] pid=43172 module Engine.dll appeared, base=0x2ed0000
[2026-09-22T10:58:03.962Z] pid=43172 script loaded, Engine.dll base=0x2ed0000 Core.dll base=0x10100000 ProcessRemoteFunction@0x30f34b0 verbose=false
[2026-09-22T10:58:09.072Z] pid=43172 window_ms=5110 calls=435 ServerFire=0 ClientFire=0 unresolved=0 distinct_names=75
  census GrabOption=46
  census PostBeginPlay=40
  census ParseOption=39
  census ConsoleCommand=33
  census PreBeginPlay=30
  census PostNetBeginPlay=22
  census BeginPlay=21
  census SetInitialState=21
  census CheckRelevance=17
  census AlwaysKeep=17
  census IsRelevant=17
  census CheckReplacement=17
  census DynamicLoadObject=12
  census GetIntOption=7
  census HasOption=7
  census GainedChild=6
  census LinkToSkybox=4
  census BeginState=3
  census InitGame=2
  census AddMutator=2
  census AllowMutator=2
  census MutatorIsAllowed=2
  census IsDemoBuild=2
  census SetGameSpeed=2
  census InitMaplistHandler=2
  census SetGrammar=2
  census InitGameReplicationInfo=2
  census InitLogging=2
  census SetOption=2
  census GetLocalPlayerController=2
  census DetailChange=2
  census StripColor=2
  census SetPlayerName=2
  census EndState=2
  census SetWaitingPlayer=2
  census InitInputSystem=2
  census PostLogin=2
  census AllowGameSpeedChange=1
  census InitializeFor=1
  census SetActions=1
  census ValidAction=1
  census Login=1
  census ModifyLogin=1
  census AtCapacity=1
  census PickTeam=1
  census FindPlayerStart=1
  census RatePlayerStart=1
  census FixFOV=1
  census SetViewTarget=1
  census AddCheats=1
  census SetSensitivity=1
  census SpawnPlayerReplication=1
  census Timer=1
  census UpdatePlayerLocation=1
  census AddPRI=1
  census InitPlayerReplicationInfo=1
  census ChangeName=1
  census SetPawnClass=1
  census ChangeTeam=1
  census ServerSetReadyToStart=1
  census ClientSetHUD=1
  census LinkActors=1
  census CreateKeyMenus=1
  census SetScoreBoardClass=1
  census ClientSetInitialMusic=1
  census ClientSetMusic=1
  census StopAllMusic=1
  census PlayMusic=1
  census SetWeaponViewShake=1
  census ClientSetWeaponViewShake=1
  census ClientCapBandwidth=1
  census NotifyLogin=1
  census GetPlayerControllerList=1
  census ServerRequestBanInfo=1
  census TriggerEvent=1
[2026-09-22T10:58:14.235Z] pid=43172 window_ms=5162 calls=33456 ServerFire=0 ClientFire=0 unresolved=0 distinct_names=191
  census Tick=4113
  census GetLocalPlayerController=2471
  census PlayerTick=1649
  census PostRender=827
  census LinkActors=827
  census HandleWalking=825
  census IsSpectating=825
  census PlayerMove=825
  census BuildMOTD=825
  census OnHudPostRender_MH=825
  census DrawSpectatingHud=825
  census DisplayMessages=825
  census RenderOverlays=825
  census PostDrawHud=825
  census IsMeGM_BD=825
  census PlayerCalcView=823
  census CacheCalcView=823
  census RealTick=823
  census ProcessPushMoveGMCamera_BD=823
  census SetTwoSceanFov_JW=823
  census GetPhysicsVolume=823
  census SetWaterRefraction_JB=823
  census CheckEndGame_BD=823
  census DrawSensi_JW=823
  census DrawETC=823
  census DrawKillAnim=823
  census DrawTimer=823
  census DrawTeamScore=823
  census CheckGameHistory=822
  census UpdateChat=822
  census PostBeginPlay=241
  census AddPrecacheMaterial=178
  census PreBeginPlay=172
  census UpdatePrecacheStaticMeshes=165
  census UpdatePrecacheMaterials=163
  census BeginPlay=159
  census PostNetBeginPlay=159
  census SetInitialState=157
  census CheckRelevance=151
  census AlwaysKeep=151
  census IsRelevant=151
  census CheckReplacement=151
  census GrabOption=121
  census DynamicLoadObject=116
  census UpdateProgress_BD=101
  census GetKeyValue=78
  census ConsoleCommand=73
  census AddPrecacheStaticMesh=46
  census ParseOption=39
  census RatePlayerStart=32
  census GetStationFromList=24
  census ZoneChange=20
  census UpdateFlashComponent=12
  census GainedChild=12
  census ActorLeaving=11
  census ActorEntered=11
  census Timer=10
  census LinkToSkybox=9
  census Destroyed=9
  census BeginState=8
  census GetIntOption=7
  census LostChild=6
  census EndState=5
  census HasOption=5
  census StripColor=4
  census SetPlayerName=4
  census SetWaitingPlayer=4
  census StaticLoadTexture_MH=4
  census InitGameReplicationInfo=4
  census ServerShortTimeout=3
  census ResetTimeMargin=3
  census UpdateRotation=3
  census ViewShake=3
  census ViewFlash=3
  census ProcessMove=3
  census Login=3
  census FindPlayerStart=3
  census SetViewTarget=3
  census SetSensitivity=3
  census InitInputSystem=3
  census PostLogin=3
  census GetPlayerControllerList=3
  census InitGame=3
  census AddWeaponBulletInfo_BD=3
  census DetailChange=2
  census SetGrammar=2
  census InitForNextAction=2
  census SetActions=2
  census ValidAction=2
  census FillPrecacheMaterialsArray=2
  census FillPrecacheStaticMeshesArray=2
  census PrecacheGameStaticMeshes=2
  census WorldSpaceOverlays=2
  census OnBuildMOTD=2
  census SetProgressTime=2
  census DrawLevelAction=2
  census DisplayProgressMessages=2
  census LoadProgressFont=2
  census GetConsoleFont=2
  census LoadFontStatic=2
  census GameEnding=2
  census EndLogging=2
  census IsPendingConnection=2
  census ModifyLogin=2
  census PickTeam=2
  census FixFOV=2
  census AddCheats=2
  census SpawnPlayerReplication=2
  census UpdatePlayerLocation=2
  census AddPRI=2
  census InitPlayerReplicationInfo=2
  census ChangeName=2
  census ChangeTeam=2
  census ClientSetHUD=2
  census CreateKeyMenus=2
  census SetScoreBoardClass=2
  census SetWeaponViewShake=2
  census ClientSetWeaponViewShake=2
  census ClientCapBandwidth=2
  census NotifyLogin=2
  census ServerRequestBanInfo=2
  census Init=2
  census NotifyLogout=2
  census SetGameSpeed=2
  census AllowGameSpeedChange=2
  census InitLogging=2
  census GetBotTeam=2
  census Initialize=2
  census SetObjectiveLists=2
  census AllBotsSpawned=2
  census OverrideInitialBots=2
  census AllOverFindway=2
  census CalcNodeSort_CorefDefence=2
  census AddToTeam=2
  census StartMatch=2
  census ClearAnimation=1
  census CompleteAction=1
  census ClientOpenMenu=1
  census UnPressButtons=1
  census ResetInput=1
  census PlayOwnedSound=1
  census LeaveScripting=1
  census AtCapacity=1
  census SetPawnClass=1
  census SetImage=1
  census GetMapMaterial_BD=1
  census Logout=1
  census RemovePRI=1
  census AddMutator=1
  census AllowMutator=1
  census MutatorIsAllowed=1
  census InitMaplistHandler=1
  census InitializeMaplistRecords=1
  census GetPerObjectNames=1
  census InitializeActiveLists=1
  census LoadSRGrammar=1
  census PreSetOpPlayNum=1
  census GetTotalSceneTime=1
  census SetOption=1
  census SpawnActor_MH=1
  census GetRedTeam=1
  census GetBlueTeam=1
  census PreLoadAllMesh_BD=1
  census FindActorFromName_BD=1
  census EnableTrigger=1
  census FillCameraList=1
  census SetOwnerPC=1
  census LoadAllMyTeamSkin=1
  census InitializeController_JW=1
  census InitChatPenalty_YC=1
  census SetNoInputState_JW=1
  census SetMotionBlur_JW=1
  census SetRadialBlur_JB=1
  census POVChanged=1
  census ServerSetClassicTrans=1
  census BelongsOnTeam=1
  census SpawnFromReconnectInfo_BD=1
  census FindReconnectInfo_BD=1
  census ReconnectPawnInfoSelect=1
  census LoginOptions=1
  census UnPauseGame_BD=1
  census ServerPlayerSelect_MH=1
  census SetDeadCamera_JB=1
  census ClientGotoState=1
  census ServerSetReadyToStart=1
  census SetMiniMapInfo=1
  census SetUpRadarInfo=1
  census ClientReceiveLoginMenu=1
  census InvertMouse=1
  census EnableAllAmbientSound_BD=1
  census GetGameModeIndex_YC=1
[2026-09-22T10:58:19.287Z] pid=43172 window_ms=5052 calls=247193 ServerFire=0 ClientFire=0 unresolved=0 distinct_names=36
  census Tick=33398
  census GetLocalPlayerController=20037
  census PlayerTick=13358
  census HandleWalking=6680
  census IsSpectating=6680
  census PlayerMove=6680
  census CheckGameHistory=6680
  census UpdateChat=6680
  census PlayerCalcView=6680
  census CacheCalcView=6680
  census PostRender=6679
  census BuildMOTD=6679
  census LinkActors=6679
  census CheckEndGame_BD=6679
  census OnHudPostRender_MH=6679
  census DrawSpectatingHud=6679
  census DrawSensi_JW=6679
  census DisplayMessages=6679
  census DrawETC=6679
  census DrawKillAnim=6679
  census RenderOverlays=6679
  census PostDrawHud=6679
  census DrawTimer=6679
  census DrawTeamScore=6679
  census RealTick=6679
  census ProcessPushMoveGMCamera_BD=6679
  census IsMeGM_BD=6679
  census SetTwoSceanFov_JW=6679
  census GetPhysicsVolume=6679
  census SetWaterRefraction_JB=6679
  census Timer=46
  census UpdatePlayerLocation=4
  census ConsoleCommand=4
  census PlayOwnedSound=2
  census UnPressButtons=2
  census ResetInput=2
[2026-09-22T10:58:24.443Z] pid=43172 window_ms=5156 calls=593020 ServerFire=0 ClientFire=0 unresolved=0 distinct_names=33
  census Tick=80125
  census GetLocalPlayerController=48077
  census PlayerTick=32050
  census PostRender=16026
  census BuildMOTD=16026
  census LinkActors=16026
  census CheckEndGame_BD=16026
  census OnHudPostRender_MH=16026
  census DrawSpectatingHud=16026
  census DrawSensi_JW=16026
  census DisplayMessages=16026
  census DrawETC=16026
  census DrawKillAnim=16026
  census RenderOverlays=16026
  census PostDrawHud=16026
  census DrawTimer=16025
  census DrawTeamScore=16025
  census RealTick=16025
  census ProcessPushMoveGMCamera_BD=16025
  census IsMeGM_BD=16025
  census SetTwoSceanFov_JW=16025
  census GetPhysicsVolume=16025
  census SetWaterRefraction_JB=16025
  census HandleWalking=16025
  census IsSpectating=16025
  census PlayerMove=16025
  census CheckGameHistory=16025
  census UpdateChat=16025
  census PlayerCalcView=16025
  census CacheCalcView=16025
  census Timer=70
  census UpdatePlayerLocation=6
  census ConsoleCommand=5
[2026-09-22T10:58:29.443Z] pid=43172 window_ms=5000 calls=614005 ServerFire=0 ClientFire=0 unresolved=0 distinct_names=33
  census Tick=82965
  census GetLocalPlayerController=49777
  census PlayerTick=33186
  census DrawTimer=16593
  census DrawTeamScore=16593
  census RealTick=16593
  census ProcessPushMoveGMCamera_BD=16593
  census IsMeGM_BD=16593
  census SetTwoSceanFov_JW=16593
  census GetPhysicsVolume=16593
  census SetWaterRefraction_JB=16593
  census HandleWalking=16593
  census IsSpectating=16593
  census PlayerMove=16593
  census CheckGameHistory=16593
  census UpdateChat=16593
  census PlayerCalcView=16593
  census CacheCalcView=16593
  census PostRender=16592
  census BuildMOTD=16592
  census LinkActors=16592
  census CheckEndGame_BD=16592
  census OnHudPostRender_MH=16592
  census DrawSpectatingHud=16592
  census DrawSensi_JW=16592
  census DisplayMessages=16592
  census DrawETC=16592
  census DrawKillAnim=16592
  census RenderOverlays=16592
  census PostDrawHud=16592
  census Timer=72
  census UpdatePlayerLocation=5
  census ConsoleCommand=1
[2026-09-22T10:58:34.444Z] pid=43172 window_ms=5001 calls=576553 ServerFire=0 ClientFire=0 unresolved=0 distinct_names=32
  census Tick=77902
  census GetLocalPlayerController=46742
  census PlayerTick=31161
  census PostRender=15581
  census BuildMOTD=15581
  census LinkActors=15581
  census CheckEndGame_BD=15581
  census OnHudPostRender_MH=15581
  census DrawSpectatingHud=15581
  census DrawSensi_JW=15581
  census DisplayMessages=15581
  census DrawETC=15581
  census DrawKillAnim=15581
  census RenderOverlays=15581
  census PostDrawHud=15581
  census DrawTimer=15581
  census DrawTeamScore=15581
  census RealTick=15581
  census ProcessPushMoveGMCamera_BD=15581
  census IsMeGM_BD=15581
  census SetTwoSceanFov_JW=15581
  census GetPhysicsVolume=15580
  census SetWaterRefraction_JB=15580
  census HandleWalking=15580
  census IsSpectating=15580
  census PlayerMove=15580
  census CheckGameHistory=15580
  census UpdateChat=15580
  census PlayerCalcView=15580
  census CacheCalcView=15580
  census Timer=65
  census UpdatePlayerLocation=5
[2026-09-22T10:58:39.603Z] pid=43172 window_ms=5159 calls=568591 ServerFire=0 ClientFire=0 unresolved=0 distinct_names=35
  census Tick=76825
  census GetLocalPlayerController=46097
  census PlayerTick=30730
  census GetPhysicsVolume=15366
  census SetWaterRefraction_JB=15366
  census IsSpectating=15366
  census HandleWalking=15365
  census PlayerMove=15365
  census CheckGameHistory=15365
  census UpdateChat=15365
  census PlayerCalcView=15365
  census CacheCalcView=15365
  census PostRender=15365
  census BuildMOTD=15365
  census LinkActors=15365
  census CheckEndGame_BD=15365
  census OnHudPostRender_MH=15365
  census DrawSpectatingHud=15365
  census DrawSensi_JW=15365
  census DisplayMessages=15365
  census DrawETC=15365
  census DrawKillAnim=15365
  census RenderOverlays=15365
  census PostDrawHud=15365
  census DrawTimer=15365
  census DrawTeamScore=15365
  census RealTick=15365
  census ProcessPushMoveGMCamera_BD=15365
  census IsMeGM_BD=15365
  census SetTwoSceanFov_JW=15365
  census Timer=69
  census UpdatePlayerLocation=6
  census ConsoleCommand=4
  census RadioChat_Sel=1
  census IsSelect_Radio=1
[2026-09-22T10:58:44.604Z] pid=43172 window_ms=5001 calls=591317 ServerFire=0 ClientFire=0 unresolved=0 distinct_names=33
  census Tick=79898
  census GetLocalPlayerController=47938
  census PlayerTick=31959
  census HandleWalking=15980
  census IsSpectating=15980
  census PlayerMove=15980
  census CheckGameHistory=15980
  census UpdateChat=15980
  census PlayerCalcView=15980
  census CacheCalcView=15980
  census PostRender=15980
  census BuildMOTD=15980
  census LinkActors=15980
  census CheckEndGame_BD=15980
  census OnHudPostRender_MH=15980
  census DrawSpectatingHud=15980
  census DrawSensi_JW=15979
  census DisplayMessages=15979
  census DrawETC=15979
  census DrawKillAnim=15979
  census RenderOverlays=15979
  census PostDrawHud=15979
  census DrawTimer=15979
  census DrawTeamScore=15979
  census RealTick=15979
  census ProcessPushMoveGMCamera_BD=15979
  census IsMeGM_BD=15979
  census SetTwoSceanFov_JW=15979
  census GetPhysicsVolume=15979
  census SetWaterRefraction_JB=15979
  census Timer=69
  census UpdatePlayerLocation=5
  census ConsoleCommand=2
[2026-09-22T10:58:49.604Z] pid=43172 window_ms=5000 calls=559449 ServerFire=0 ClientFire=0 unresolved=0 distinct_names=33
  census Tick=75592
  census GetLocalPlayerController=45355
  census PlayerTick=30237
  census DrawSensi_JW=15119
  census DisplayMessages=15119
  census DrawETC=15119
  census DrawKillAnim=15119
  census RenderOverlays=15119
  census PostDrawHud=15119
  census DrawTimer=15119
  census DrawTeamScore=15119
  census RealTick=15118
  census ProcessPushMoveGMCamera_BD=15118
  census IsMeGM_BD=15118
  census SetTwoSceanFov_JW=15118
  census GetPhysicsVolume=15118
  census SetWaterRefraction_JB=15118
  census HandleWalking=15118
  census IsSpectating=15118
  census PlayerMove=15118
  census CheckGameHistory=15118
  census UpdateChat=15118
  census PlayerCalcView=15118
  census CacheCalcView=15118
  census PostRender=15118
  census BuildMOTD=15118
  census LinkActors=15118
  census CheckEndGame_BD=15118
  census OnHudPostRender_MH=15118
  census DrawSpectatingHud=15118
  census Timer=64
  census UpdatePlayerLocation=5
  census ConsoleCommand=2
[2026-09-22T10:58:54.605Z] pid=43172 window_ms=5001 calls=568489 ServerFire=0 ClientFire=0 unresolved=0 distinct_names=33
  census Tick=76813
  census GetLocalPlayerController=46088
  census PlayerTick=30725
  census RealTick=15363
  census ProcessPushMoveGMCamera_BD=15363
  census IsMeGM_BD=15363
  census SetTwoSceanFov_JW=15363
  census GetPhysicsVolume=15363
  census SetWaterRefraction_JB=15363
  census HandleWalking=15363
  census IsSpectating=15363
  census PlayerMove=15363
  census CheckGameHistory=15363
  census UpdateChat=15363
  census PlayerCalcView=15363
  census CacheCalcView=15363
  census PostRender=15363
  census BuildMOTD=15363
  census LinkActors=15363
  census CheckEndGame_BD=15363
  census OnHudPostRender_MH=15363
  census DrawSpectatingHud=15362
  census DrawSensi_JW=15362
  census DisplayMessages=15362
  census DrawETC=15362
  census DrawKillAnim=15362
  census RenderOverlays=15362
  census PostDrawHud=15362
  census DrawTimer=15362
  census DrawTeamScore=15362
  census Timer=65
  census UpdatePlayerLocation=5
  census ConsoleCommand=1
[2026-09-22T10:58:59.748Z] pid=43172 window_ms=5143 calls=392095 ServerFire=0 ClientFire=0 unresolved=0 distinct_names=53
  census Tick=52890
  census GetLocalPlayerController=31738
  census PlayerTick=21156
  census DrawSpectatingHud=10580
  census DrawSensi_JW=10580
  census DisplayMessages=10580
  census DrawETC=10580
  census DrawKillAnim=10580
  census RenderOverlays=10580
  census PostDrawHud=10580
  census DrawTimer=10580
  census DrawTeamScore=10580
  census PostRender=10579
  census BuildMOTD=10579
  census LinkActors=10579
  census CheckEndGame_BD=10579
  census OnHudPostRender_MH=10579
  census RealTick=10578
  census ProcessPushMoveGMCamera_BD=10578
  census IsMeGM_BD=10578
  census SetTwoSceanFov_JW=10578
  census GetPhysicsVolume=10578
  census SetWaterRefraction_JB=10578
  census HandleWalking=10578
  census IsSpectating=10578
  census PlayerMove=10578
  census CheckGameHistory=10578
  census UpdateChat=10578
  census PlayerCalcView=10578
  census CacheCalcView=10578
  census AddPrecacheMaterial=178
  census UpdatePrecacheStaticMeshes=152
  census UpdatePrecacheMaterials=151
  census ConsoleCommand=73
  census Timer=57
  census AddPrecacheStaticMesh=46
  census UpdatePlayerLocation=5
  census PlayOwnedSound=3
  census UnPressButtons=2
  census ResetInput=2
  census ClientPlaySound=1
  census ClientHearSound=1
  census ClientSetInitialMusic=1
  census ClientSetMusic=1
  census StopAllMusic=1
  census PlayMusic=1
  census InstantTeamSkinChange_JW=1
  census InvertMouse=1
  census SetSensitivity=1
  census FillPrecacheMaterialsArray=1
  census FillPrecacheStaticMeshesArray=1
  census PrecacheGameStaticMeshes=1
  census EnableAllAmbientSound_BD=1
[2026-09-22T10:59:04.749Z] pid=43172 window_ms=5001 calls=284834 ServerFire=0 ClientFire=0 unresolved=0 distinct_names=33
  census Tick=38485
  census GetLocalPlayerController=23091
  census PlayerTick=15394
  census RealTick=7697
  census ProcessPushMoveGMCamera_BD=7697
  census IsMeGM_BD=7697
  census SetTwoSceanFov_JW=7697
  census GetPhysicsVolume=7697
  census SetWaterRefraction_JB=7697
  census HandleWalking=7697
  census IsSpectating=7697
  census PlayerMove=7697
  census CheckGameHistory=7697
  census UpdateChat=7697
  census PlayerCalcView=7697
  census CacheCalcView=7697
  census PostRender=7697
  census BuildMOTD=7697
  census LinkActors=7697
  census CheckEndGame_BD=7697
  census OnHudPostRender_MH=7697
  census DrawSpectatingHud=7697
  census DrawSensi_JW=7697
  census DisplayMessages=7697
  census DrawETC=7697
  census DrawKillAnim=7697
  census RenderOverlays=7697
  census PostDrawHud=7697
  census DrawTimer=7697
  census DrawTeamScore=7697
  census Timer=40
  census UpdatePlayerLocation=3
  census ConsoleCommand=2
[2026-09-22T10:59:09.749Z] pid=43172 window_ms=5000 calls=273505 ServerFire=0 ClientFire=0 unresolved=0 distinct_names=36
  census Tick=36955
  census GetLocalPlayerController=22172
  census PlayerTick=14782
  census RealTick=7391
  census ProcessPushMoveGMCamera_BD=7391
  census IsMeGM_BD=7391
  census SetTwoSceanFov_JW=7391
  census GetPhysicsVolume=7391
  census SetWaterRefraction_JB=7391
  census HandleWalking=7391
  census IsSpectating=7391
  census PlayerMove=7391
  census CheckGameHistory=7391
  census UpdateChat=7391
  census PlayerCalcView=7391
  census CacheCalcView=7391
  census PostRender=7391
  census BuildMOTD=7391
  census LinkActors=7391
  census CheckEndGame_BD=7391
  census OnHudPostRender_MH=7390
  census DrawSpectatingHud=7390
  census DrawSensi_JW=7390
  census DisplayMessages=7390
  census DrawETC=7390
  census DrawKillAnim=7390
  census RenderOverlays=7390
  census PostDrawHud=7390
  census DrawTimer=7390
  census DrawTeamScore=7390
  census Timer=39
  census UpdatePlayerLocation=4
  census ClientPlaySound=2
  census ClientHearSound=2
  census PlayOwnedSound=1
  census ConsoleCommand=1
[2026-09-22T10:59:14.750Z] pid=43172 window_ms=5001 calls=258878 ServerFire=0 ClientFire=0 unresolved=0 distinct_names=35
  census Tick=34975
  census GetLocalPlayerController=20986
  census PlayerTick=13990
  census OnHudPostRender_MH=6996
  census DrawSpectatingHud=6996
  census DrawSensi_JW=6996
  census DisplayMessages=6996
  census DrawETC=6996
  census DrawKillAnim=6996
  census RenderOverlays=6996
  census PostDrawHud=6996
  census DrawTimer=6996
  census DrawTeamScore=6996
  census RealTick=6995
  census ProcessPushMoveGMCamera_BD=6995
  census IsMeGM_BD=6995
  census SetTwoSceanFov_JW=6995
  census GetPhysicsVolume=6995
  census SetWaterRefraction_JB=6995
  census HandleWalking=6995
  census IsSpectating=6995
  census PlayerMove=6995
  census CheckGameHistory=6995
  census UpdateChat=6995
  census PlayerCalcView=6995
  census CacheCalcView=6995
  census PostRender=6995
  census BuildMOTD=6995
  census LinkActors=6995
  census CheckEndGame_BD=6995
  census Timer=44
  census UpdatePlayerLocation=3
  census ClientPlaySound=2
  census ClientHearSound=2
  census ConsoleCommand=1
[2026-09-22T10:59:19.751Z] pid=43172 window_ms=5001 calls=255198 ServerFire=0 ClientFire=0 unresolved=0 distinct_names=33
  census Tick=34480
  census GetLocalPlayerController=20688
  census PlayerTick=13792
  census RealTick=6896
  census ProcessPushMoveGMCamera_BD=6896
  census IsMeGM_BD=6896
  census SetTwoSceanFov_JW=6896
  census GetPhysicsVolume=6896
  census SetWaterRefraction_JB=6896
  census HandleWalking=6896
  census IsSpectating=6896
  census PlayerMove=6896
  census CheckGameHistory=6896
  census UpdateChat=6896
  census PlayerCalcView=6896
  census CacheCalcView=6896
  census PostRender=6896
  census BuildMOTD=6896
  census LinkActors=6896
  census CheckEndGame_BD=6896
  census OnHudPostRender_MH=6896
  census DrawSpectatingHud=6896
  census DrawSensi_JW=6896
  census DisplayMessages=6896
  census DrawETC=6896
  census DrawKillAnim=6896
  census RenderOverlays=6896
  census PostDrawHud=6896
  census DrawTimer=6896
  census DrawTeamScore=6896
  census Timer=39
  census UpdatePlayerLocation=4
  census ConsoleCommand=3
[2026-09-22T10:59:24.751Z] pid=43172 window_ms=5000 calls=208514 ServerFire=0 ClientFire=0 unresolved=0 distinct_names=40
  census Tick=28170
  census GetLocalPlayerController=16902
  census PlayerTick=11268
  census RealTick=5634
  census ProcessPushMoveGMCamera_BD=5634
  census IsMeGM_BD=5634
  census SetTwoSceanFov_JW=5634
  census GetPhysicsVolume=5634
  census SetWaterRefraction_JB=5634
  census HandleWalking=5634
  census IsSpectating=5634
  census PlayerMove=5634
  census CheckGameHistory=5634
  census UpdateChat=5634
  census PlayerCalcView=5634
  census CacheCalcView=5634
  census PostRender=5634
  census BuildMOTD=5634
  census LinkActors=5634
  census CheckEndGame_BD=5634
  census OnHudPostRender_MH=5634
  census DrawSpectatingHud=5634
  census DrawSensi_JW=5634
  census DisplayMessages=5634
  census DrawETC=5634
  census DrawKillAnim=5634
  census RenderOverlays=5634
  census PostDrawHud=5634
  census DrawTimer=5634
  census DrawTeamScore=5634
  census Timer=34
  census PlayOwnedSound=4
  census UpdatePlayerLocation=3
  census StopAllMusic=3
  census ClientPlaySound=2
  census ClientHearSound=2
  census UnPressButtons=2
  census ResetInput=2
  census ConsoleCommand=2
  census PlayPrimarySound_BD=2
[2026-09-22T10:59:29.751Z] pid=43172 window_ms=5000 calls=199948 ServerFire=0 ClientFire=0 unresolved=0 distinct_names=32
  census Tick=27015
  census GetLocalPlayerController=16209
  census PlayerTick=10806
  census RealTick=5403
  census ProcessPushMoveGMCamera_BD=5403
  census IsMeGM_BD=5403
  census SetTwoSceanFov_JW=5403
  census GetPhysicsVolume=5403
  census SetWaterRefraction_JB=5403
  census HandleWalking=5403
  census IsSpectating=5403
  census PlayerMove=5403
  census CheckGameHistory=5403
  census UpdateChat=5403
  census PlayerCalcView=5403
  census CacheCalcView=5403
  census PostRender=5403
  census BuildMOTD=5403
  census LinkActors=5403
  census CheckEndGame_BD=5403
  census OnHudPostRender_MH=5403
  census DrawSpectatingHud=5403
  census DrawSensi_JW=5403
  census DisplayMessages=5403
  census DrawETC=5403
  census DrawKillAnim=5403
  census RenderOverlays=5403
  census PostDrawHud=5403
  census DrawTimer=5403
  census DrawTeamScore=5403
  census Timer=35
  census UpdatePlayerLocation=2
[2026-09-22T10:59:34.751Z] pid=43172 window_ms=5000 calls=207129 ServerFire=0 ClientFire=0 unresolved=0 distinct_names=34
  census Tick=27985
  census GetLocalPlayerController=16791
  census PlayerTick=11194
  census RealTick=5597
  census ProcessPushMoveGMCamera_BD=5597
  census IsMeGM_BD=5597
  census SetTwoSceanFov_JW=5597
  census GetPhysicsVolume=5597
  census SetWaterRefraction_JB=5597
  census HandleWalking=5597
  census IsSpectating=5597
  census PlayerMove=5597
  census CheckGameHistory=5597
  census UpdateChat=5597
  census PlayerCalcView=5597
  census CacheCalcView=5597
  census PostRender=5597
  census BuildMOTD=5597
  census LinkActors=5597
  census CheckEndGame_BD=5597
  census OnHudPostRender_MH=5597
  census DrawSpectatingHud=5597
  census DrawSensi_JW=5597
  census DisplayMessages=5597
  census DrawETC=5597
  census DrawKillAnim=5597
  census RenderOverlays=5597
  census PostDrawHud=5597
  census DrawTimer=5597
  census DrawTeamScore=5597
  census Timer=34
  census UpdatePlayerLocation=3
  census ConsoleCommand=2
  census PlayOwnedSound=1
[2026-09-22T10:59:39.752Z] pid=43172 window_ms=5001 calls=207869 ServerFire=0 ClientFire=0 unresolved=0 distinct_names=33
  census Tick=28086
  census GetLocalPlayerController=16851
  census PlayerTick=11234
  census RealTick=5617
  census ProcessPushMoveGMCamera_BD=5617
  census IsMeGM_BD=5617
  census SetTwoSceanFov_JW=5617
  census GetPhysicsVolume=5617
  census SetWaterRefraction_JB=5617
  census HandleWalking=5617
  census IsSpectating=5617
  census PlayerMove=5617
  census CheckGameHistory=5617
  census UpdateChat=5617
  census PlayerCalcView=5617
  census CacheCalcView=5617
  census PostRender=5617
  census BuildMOTD=5617
  census LinkActors=5617
  census CheckEndGame_BD=5617
  census OnHudPostRender_MH=5617
  census DrawSpectatingHud=5617
  census DrawSensi_JW=5617
  census DisplayMessages=5617
  census DrawETC=5617
  census DrawKillAnim=5617
  census RenderOverlays=5617
  census PostDrawHud=5617
  census DrawTimer=5617
  census DrawTeamScore=5617
  census Timer=36
  census UpdatePlayerLocation=2
  census ConsoleCommand=1
[2026-09-22T10:59:44.752Z] pid=43172 window_ms=5000 calls=191990 ServerFire=0 ClientFire=0 unresolved=0 distinct_names=217
  census Tick=22299
  census GetLocalPlayerController=13379
  census PlayerTick=8920
  census IsMeGM_BD=4462
  census RealTick=4460
  census ProcessPushMoveGMCamera_BD=4460
  census SetTwoSceanFov_JW=4460
  census GetPhysicsVolume=4460
  census SetWaterRefraction_JB=4460
  census HandleWalking=4460
  census IsSpectating=4460
  census PlayerMove=4460
  census CheckGameHistory=4460
  census UpdateChat=4460
  census LinkActors=4460
  census PlayerCalcView=4459
  census CacheCalcView=4459
  census PostRender=4459
  census BuildMOTD=4459
  census CheckEndGame_BD=4459
  census OnHudPostRender_MH=4459
  census DrawSpectatingHud=4459
  census DrawSensi_JW=4459
  census DisplayMessages=4459
  census DrawETC=4459
  census DrawKillAnim=4459
  census RenderOverlays=4459
  census PostDrawHud=4459
  census DrawTimer=4459
  census DrawTeamScore=4459
  census PostBeginPlay=4238
  census PreBeginPlay=2557
  census BeginPlay=2281
  census PostNetBeginPlay=2281
  census SetInitialState=2259
  census CheckRelevance=2253
  census AlwaysKeep=2253
  census IsRelevant=2253
  census CheckReplacement=2253
  census RatePlayerStart=766
  census GetStationFromList=410
  census GrabOption=334
  census GetKeyValue=306
  census GetStartFromList=193
  census ZoneChange=159
  census ActorLeaving=148
  census ActorEntered=148
  census Touch=111
  census PossessedBy=110
  census StaticLoadTexture_MH=105
  census DrawVignette=101
  census SetTurretStart=101
  census SpawnControllerFor=88
  census SetNewScript=88
  census FindMapName=74
  census Possess=66
  census Restart=66
  census TakeOver=44
  census SetCombatTimer=44
  census TakeControlOf=44
  census ClearScript=44
  census SetWalking=44
  census ShouldCrouch=44
  census SetEnemyReaction=44
  census SetActions=44
  census ValidAction=44
  census LinkToSkybox=34
  census Timer=29
  census ParseOption=28
  census SpawnActor_MH=28
  census DynamicLoadObject=23
  census GetItemName=22
  census GetHP_JW=22
  census PendingStasis=22
  census CreateShadow_JW=22
  census ConsoleCommand=21
  census SetStaticMesh=19
  census SetRespawnInfo=18
  census AddRespawnInfo=18
  census FindActorFromName_BD=18
  census CloseDoor=12
  census SetDrawType=12
  census SetDrawScale=12
  census SetDrawScale3D=12
  census Destroyed=8
  census GainedChild=8
  census GetTotalSceneTime=7
  census LostChild=6
  census UpdatePlayerLocation=4
  census GetIntOption=4
  census HasOption=4
  census InitGameReplicationInfo=4
  census BeginState=4
  census PreLoadSkin_BD=4
  census ClientAddBombObjects_SH=4
  census Init=3
  census RemoveFromTeam=3
  census InitGame=3
  census ChangeHP=3
  census Login=3
  census PlayOwnedSound=2
  census StopAllMusic=2
  census EndState=2
  census Logout=2
  census NotifyLogout=2
  census SetGameSpeed=2
  census AllowGameSpeedChange=2
  census InitLogging=2
  census GetBotTeam=2
  census Initialize=2
  census SetObjectiveLists=2
  census AllBotsSpawned=2
  census OverrideInitialBots=2
  census AllOverFindway=2
  census StartNextRound=2
  census StripColor=2
  census FindPlayerStart=2
  census SetViewTarget=2
  census InitChatPenalty_YC=2
  census PlayStateMusic_BD=2
  census SetPlayerName=2
  census AddToTeam=2
  census InitInputSystem=2
  census PostLogin=2
  census ClientSetHUD=2
  census GetPlayerControllerList=2
  census ClientPlaySound=1
  census ClientHearSound=1
  census UnPressButtons=1
  census ResetInput=1
  census GameEnding=1
  census EndLogging=1
  census SetImage=1
  census GetMapMaterial_BD=1
  census DWeapon_Delete_ALL_JW=1
  census TeachToMineOwner=1
  census TeachToTrapOwner=1
  census TeachToSNTOwner=1
  census ClientClearSNTList_UJ=1
  census RemovePRI=1
  census AddMutator=1
  census AllowMutator=1
  census MutatorIsAllowed=1
  census InitPrivs=1
  census InitMaplistHandler=1
  census InitializeMaplistRecords=1
  census GetPerObjectNames=1
  census InitializeActiveLists=1
  census SetGrammar=1
  census LoadSRGrammar=1
  census PreSetOpPlayNum=1
  census FindTurret=1
  census SetOption=1
  census GetRedTeam=1
  census GetBlueTeam=1
  census CalcNodeSort_CoreEscort=1
  census CalcNodeSort_CorefDefence=1
  census ModeReset_BD=1
  census DestroyAllRespawnGroup=1
  census AllKillBot=1
  census PlayOutro=1
  census SetModeRule_BD=1
  census SetRound=1
  census CheckMove=1
  census ServerStartTurretSpawn=1
  census ModifyLogin=1
  census FixFOV=1
  census SetSensitivity=1
  census FillCameraList=1
  census SetOwnerPC=1
  census LoadAllMyTeamSkin=1
  census InitializeController_JW=1
  census SetNoInputState_JW=1
  census SetMotionBlur_JW=1
  census SetRadialBlur_JB=1
  census POVChanged=1
  census ServerSetClassicTrans=1
  census ServerRequsetRoundInfo=1
  census ClientSetRoundInfo=1
  census SetRoundPveIntro=1
  census PveStartMusic=1
  census IsPlayGame_BD=1
  census GetStateSound=1
  census ServerRequsetShipMoveState=1
  census GetPveShipInfo=1
  census SpawnPlayerReplication=1
  census AddPRI=1
  census InitPlayerReplicationInfo=1
  census ChangeTeam=1
  census PickTeam=1
  census BelongsOnTeam=1
  census ChangeName=1
  census SpawnFromReconnectInfo_BD=1
  census FindReconnectInfo_BD=1
  census LoginOptions=1
  census SetWaitingPlayer=1
  census SetDeadCamera_JB=1
  census ServerSuccssLoading_BD=1
  census CheckPlayerCount=1
  census SetNumLive=1
  census SetDefNumLive=1
  census ServerSetReadyToStart=1
  census ServerSetBombOjbects_Sh=1
  census SetBombObjects=1
  census CreateKeyMenus=1
  census SetMiniMapInfo=1
  census SetUpRadarInfo=1
  census SetScoreBoardClass=1
  census InitGRI=1
  census SetWeaponViewShake=1
  census ClientSetWeaponViewShake=1
  census ClientCapBandwidth=1
  census NotifyLogin=1
  census ServerRequestBanInfo=1
  census ClientReceiveLoginMenu=1
  census DetailChange=1
  census PreLoadAllMesh_BD=1
[2026-09-22T10:59:49.753Z] pid=43172 window_ms=5000 calls=221862 ServerFire=0 ClientFire=0 unresolved=0 distinct_names=211
  census Tick=25483
  census Tick_MH=22022
  census DeltaTimeCheck_JW=16016
  census SpawnUnit=10846
  census GetRespawnGroupByIndex=10846
  census GetMastActor=8010
  census IsMeAttackReady=8008
  census AIEMPProcess=8008
  census AIAttackHeadSpinProcess_JW=8008
  census GetLocalPlayerController=7339
  census IsMeGM_BD=6284
  census WorldSpaceOverlays=4197
  census PlayerTick=4188
  census UpdateFlashComponent=4188
  census DrawSkillInfo=4188
  census PostRender=3141
  census LoadFontStatic=3141
  census UpdatePrecacheMaterials=2262
  census UpdatePrecacheStaticMeshes=2259
  census DisplayMessages=2094
  census GetConsoleFont=2094
  census IsMeMoveTargetReady=2002
  census SetGameSpeed=1047
  census InitializeFor=1047
  census RealTick=1047
  census ProcessPushMoveGMCamera_BD=1047
  census SetTwoSceanFov_JW=1047
  census GetPhysicsVolume=1047
  census SetWaterRefraction_JB=1047
  census HandleWalking=1047
  census IsSpectating=1047
  census PlayerMove=1047
  census UpdateRotation=1047
  census ViewShake=1047
  census ViewFlash=1047
  census ProcessMove=1047
  census CheckRevieUser=1047
  census CheckGameHistory=1047
  census UpdateChat=1047
  census PlayerCalcView=1047
  census CacheCalcView=1047
  census GetNumLive=1047
  census DrawATnDefLv=1047
  census GetDefaultNumLive=1047
  census BuildMOTD=1047
  census LinkActors=1047
  census CheckEndGame_BD=1047
  census OnHudPostRender_MH=1047
  census DrawSpectatingHud=1047
  census IsInCinematic=1047
  census DisplayLocalMessages=1047
  census DrawSensi_JW=1047
  census DisplayRecordEventMsg_BD=1047
  census DisplayNoticeMessages_BD=1047
  census GetMediumFontFor=1047
  census DrawETC=1047
  census DrawRadioMsg=1047
  census DrawTextKillMessage=1047
  census DrawRadioMenu_YC=1047
  census IsSelect_Radio=1047
  census DrawKillAnim=1047
  census RenderOverlays=1047
  census PostDrawHud=1047
  census DrawTimer=1047
  census DrawTeamScore=1047
  census DrawPveIntro_YC=1047
  census DrawLocalMessage_Sh=1047
  census DrawBrief=1047
  census DrawShortBriefing_BD=1047
  census DrawMsg=1047
  census IsPlaySound_UJ=1046
  census CalcBehindView=1046
  census OrthoRotation=1046
  census DrawTextScript=775
  census Timer=397
  census AddPrecacheMaterial=214
  census DynamicLoadObject=147
  census UpdateProgress_BD=101
  census PreBeginPlay=83
  census PostBeginPlay=77
  census InitForNextAction=68
  census SetActions=68
  census ValidAction=68
  census MayShootAtEnemy=68
  census ConsoleCommand=60
  census AddPrecacheStaticMesh=57
  census SetMovementPhysics=56
  census PlayWaiting=52
  census PostNetBeginPlay=51
  census WhatToDoNext=48
  census ExecuteWhatToDoNext=48
  census ScriptingOverridesAI=48
  census AssignSquadResponsibility=48
  census ShouldPerformScript=48
  census FreeScript=48
  census ClearAnimation=44
  census MayShootTarget=44
  census WeaponFireAgain=44
  census StopFiring=44
  census StopWeaponFiring=44
  census CheckRelevance=43
  census AlwaysKeep=43
  census IsRelevant=43
  census CheckReplacement=43
  census BeginPlay=43
  census ZoneChange=43
  census SetInitialState=43
  census Trigger=25
  census CompleteAction=24
  census LeaveScripting=24
  census UpdatePlayerLocation=20
  census AnimEnd=18
  census InitPlayerReplicationInfo=16
  census CreateIntelligence=16
  census GetTeamNum=16
  census SetTeam=16
  census Possess=16
  census Restart=16
  census TriggerEvent=15
  census BeginState=15
  census GetHP_JW=14
  census GetNodeActor=13
  census SetMoveTarget_JW=13
  census PlayFootStep=12
  census FootStepping=12
  census SetWeapon_Table=10
  census FindPlayerStart=8
  census RatePlayerStart=8
  census SpawnPawn_BD=8
  census GetMrBot=8
  census GetAITeam_BD=8
  census AddPRI=8
  census SetPlayerName=8
  census RestartMRAI=8
  census GetSpawnPosition_BD=8
  census GetItemName=8
  census SetMesh_JW=8
  census LinkMesh=8
  census HeadVolumeChange=8
  census SetMastActor=8
  census IntelligenceSpawn=8
  census BoneRefresh=8
  census InitializeAIMech_JW=8
  census IntelligenceResetTeam_MH=8
  census SetMRAiControllerStarting_JW=8
  census SetAIInfo_JW=8
  census ChangeCollisionSetting_JW=8
  census SetAISkin=8
  census PossessedBy=8
  census ChangeAnimation=8
  census PlayMoving=8
  census ClearTemporaryOrders=8
  census ClientSetRotation=8
  census SetRespawnNameTag_BD=8
  census Touch=8
  census NotifyLanded=8
  census BaseChange=8
  census SetupGroundSpeed_JW=7
  census SetSpeedNowState=7
  census MoveTo_JW=7
  census SetWalking=6
  census Landed=6
  census PlayLanded=6
  census TakeFallingDamage=6
  census PlayFootStepRight=6
  census PlayFootStepLeft=6
  census DrawVignette=5
  census StaticLoadTexture_MH=5
  census AIMoveFunc=5
  census GetNodeStruct=5
  census CheckNodeReach=5
  census SetAttractionState=5
  census UpdateSentText=4
  census SceneStarted=2
  census BroadcastLocalized=2
  census StartMatch=2
  census Destroyed=2
  census SetBrenchChange=2
  census InvertMouse=1
  census SetSensitivity=1
  census ServerShortTimeout=1
  census ResetTimeMargin=1
  census CheckHudCreate=1
  census GetRoundMovieName=1
  census PlayIntroMessage=1
  census StartMsgShow=1
  census PlayPrimarySound_Sh=1
  census FillPrecacheMaterialsArray=1
  census UpdatePrecacheFonts=1
  census FillPrecacheStaticMeshesArray=1
  census PrecacheGameStaticMeshes=1
  census OnBuildMOTD=1
  census SetProgressTime=1
  census GetGameModeIndex_YC=1
  census DrawScoreboard=1
  census UpdateGRI=1
  census SortPRIArray=1
  census UpdateScoreBoard=1
  census UpdateGameInfo=1
  census UpdateGameScore=1
  census SetViewTarget=1
  census StartInterpolation=1
  census ClientPlayBriefing_BD=1
  census StartBrief=1
  census PlayPrimarySound_BD=1
  census BroadcastLocalizedMessage=1
  census AllowBroadcastLocalized=1
  census AcceptBroadcastLocalized=1
  census ReceiveLocalizedMessage=1
  census LocalizedMessage=1
  census ServerViewNextPlayer=1
[2026-09-22T10:59:54.753Z] pid=43172 window_ms=5000 calls=320377 ServerFire=0 ClientFire=0 unresolved=0 distinct_names=127
  census Tick=38305
  census Tick_MH=33704
  census DeltaTimeCheck_JW=24512
  census SpawnUnit=15330
  census GetRespawnGroupByIndex=15330
  census GetMastActor=12258
  census IsMeAttackReady=12256
  census AIEMPProcess=12256
  census AIAttackHeadSpinProcess_JW=12256
  census GetLocalPlayerController=10748
  census IsMeGM_BD=9198
  census LoadFontStatic=6659
  census DrawSkillInfo=6132
  census PlayerTick=6128
  census PostRender=4599
  census GetConsoleFont=4096
  census WorldSpaceOverlays=4071
  census DisplayMessages=3066
  census IsMeMoveTargetReady=3064
  census GetMediumFontFor=2563
  census UpdateFlashComponent=2012
  census GetNumLive=1534
  census DrawATnDefLv=1533
  census GetDefaultNumLive=1533
  census BuildMOTD=1533
  census LinkActors=1533
  census CheckEndGame_BD=1533
  census OnHudPostRender_MH=1533
  census DrawSpectatingHud=1533
  census IsInCinematic=1533
  census DisplayLocalMessages=1533
  census DrawSensi_JW=1533
  census DisplayRecordEventMsg_BD=1533
  census DisplayNoticeMessages_BD=1533
  census DrawETC=1533
  census DrawRadioMsg=1533
  census DrawTextKillMessage=1533
  census DrawRadioMenu_YC=1533
  census IsSelect_Radio=1533
  census DrawKillAnim=1533
  census RenderOverlays=1533
  census PostDrawHud=1533
  census DrawTimer=1533
  census DrawTeamScore=1533
  census DrawPveIntro_YC=1533
  census DrawLocalMessage_Sh=1533
  census DrawBrief=1533
  census IsPlaySound_UJ=1533
  census DrawTextScript=1533
  census DrawShortBriefing_BD=1533
  census DrawMsg=1533
  census SetGameSpeed=1533
  census InitializeFor=1533
  census RealTick=1532
  census ProcessPushMoveGMCamera_BD=1532
  census SetTwoSceanFov_JW=1532
  census GetPhysicsVolume=1532
  census SetWaterRefraction_JB=1532
  census HandleWalking=1532
  census IsSpectating=1532
  census PlayerMove=1532
  census CheckRevieUser=1532
  census CheckGameHistory=1532
  census UpdateChat=1532
  census PlayerCalcView=1532
  census CalcBehindView=1532
  census OrthoRotation=1532
  census CacheCalcView=1532
  census IsDead=1030
  census DrawMiniMap=1030
  census CalcFireCamrot_JW=1029
  census Trace_UJ2=1029
  census FindSmmInfo=1029
  census DrawRespawDecrease=1029
  census DrawRespawTime=1029
  census UpdateRotation=503
  census ViewShake=503
  census ViewFlash=503
  census ProcessMove=503
  census Timer=407
  census AnimEnd=26
  census UpdatePlayerLocation=24
  census PlayFootStep=18
  census FootStepping=18
  census PlayFootStepRight=10
  census PlayFootStepLeft=8
  census UpdateSentText=5
  census Touch=4
  census AIMoveFunc=3
  census GetNodeStruct=3
  census CheckNodeReach=3
  census GetNodeActor=3
  census SetMoveTarget_JW=3
  census SetAttractionState=3
  census SetupGroundSpeed_JW=3
  census SetSpeedNowState=3
  census MoveTo_JW=3
  census SceneEnded=2
  census EndState=2
  census SetBrenchChange=2
  census GetAIBotCount=1
  census ServerViewNextPlayer=1
  census FinishedInterpolation=1
  census TriggerEvent=1
  census EndRoundMovie=1
  census CloseSceneProc_BD=1
  census HiddenScriptPawn=1
  census ServerPlayerSelect_MH=1
  census BeginState=1
  census OpenSlotSelectPage=1
  census ConsoleCommand=1
  census IsPlayGame_BD=1
  census UnPressButtons=1
  census ResetInput=1
  census PreBeginPlay=1
  census CheckRelevance=1
  census AlwaysKeep=1
  census IsRelevant=1
  census CheckReplacement=1
  census BeginPlay=1
  census ZoneChange=1
  census PostBeginPlay=1
  census SetInitialState=1
  census PostNetBeginPlay=1
  census SetMiniMapInfo=1
  census DynamicLoadObject=1
  census PlayOwnedSound=1
[2026-09-22T10:59:59.754Z] pid=43172 window_ms=5001 calls=522102 ServerFire=0 ClientFire=0 unresolved=0 distinct_names=385
  census Tick=53588
  census Tick_MH=41430
  census DeltaTimeCheck_JW=33392
  census GetLocalPlayerController=27505
  census GetMastActor=16704
  census IsMeAttackReady=16696
  census AIEMPProcess=16696
  census AIAttackHeadSpinProcess_JW=16696
  census SpawnUnit=11896
  census GetRespawnGroupByIndex=11896
  census IsMeGM_BD=9198
  census IsMeMoveTargetReady=8658
  census LoadFontStatic=7696
  census PlayerCalcView=5990
  census GetHP_JW=5933
  census DecodeGetPawnHealth_JW=5831
  census IsPlayGame_BD=5818
  census PlayerTick=5360
  census DrawSkillInfo=5356
  census IsSpectating=4829
  census UpdateFlashComponent=4656
  census DecodeGetPawnBoosterME_JW=4654
  census DoBooster_sh=4652
  census DrawSpriteWidget=4652
  census PostRender2D=4062
  census PostRender=4017
  census GetConsoleFont=4017
  census GetMediumFontFor=3679
  census WeaponTick=3489
  census DrawEMP_JW=3489
  census DrawCustomBeacon=2899
  census WorldSpaceOverlays=2678
  census DisplayMessages=2678
  census GetPhysicsVolume=2504
  census RenderOverlays=2502
  census CanvasDrawActors=2326
  census DrawHUD=2326
  census DrawEnemyName=2326
  census Trace_UJ2=1347
  census RealTick=1340
  census ProcessPushMoveGMCamera_BD=1340
  census SetTwoSceanFov_JW=1340
  census SetWaterRefraction_JB=1340
  census HandleWalking=1340
  census PlayerMove=1340
  census CheckRevieUser=1340
  census CheckGameHistory=1340
  census UpdateChat=1340
  census GetNumLive=1340
  census IsPlaySound_UJ=1340
  census CalcBehindView=1339
  census CalcFireCamrot_JW=1339
  census OrthoRotation=1339
  census CacheCalcView=1339
  census DrawATnDefLv=1339
  census GetDefaultNumLive=1339
  census BuildMOTD=1339
  census LinkActors=1339
  census CheckEndGame_BD=1339
  census OnHudPostRender_MH=1339
  census DisplayLocalMessages=1339
  census DrawSensi_JW=1339
  census DisplayRecordEventMsg_BD=1339
  census DisplayNoticeMessages_BD=1339
  census DrawETC=1339
  census DrawRadioMsg=1339
  census DrawTextKillMessage=1339
  census DrawRadioMenu_YC=1339
  census DrawKillAnim=1339
  census PostDrawHud=1339
  census DrawTimer=1339
  census DrawTeamScore=1339
  census DrawPveIntro_YC=1339
  census DrawLocalMessage_Sh=1339
  census DrawBrief=1339
  census DrawShortBriefing_BD=1339
  census DrawMsg=1339
  census SetGameSpeed=1339
  census InitializeFor=1339
  census IsLocallyControlled=1172
  census EncodeSetPawnBoosterME_JW=1166
  census GetBoneCoords=1165
  census UpdateShadow=1164
  census DetachProjector=1164
  census EventButtonUp_MH=1164
  census DefaultMechTick_MH=1164
  census BoosterTick_MH=1164
  census CalcBoosterTick_JW=1164
  census CalcMoveTime_JW=1164
  census ProcessPerVelocity_JW=1164
  census CalcThirdCameraMove_JW=1164
  census SetWalking=1164
  census RawInput=1164
  census CheckBob=1164
  census UpdateRotation=1164
  census LimitPitch=1164
  census ViewShake=1164
  census ViewFlash=1164
  census FaceRotation=1164
  census ProcessMove=1164
  census BoosterEventMoment_JW=1164
  census SetViewPitch=1164
  census GetAmmoNumKitMax=1164
  census AttachProjector=1164
  census ProcessMechColList_JW=1163
  census PlayBooster=1163
  census SetAniokNosee_JW=1163
  census Draw3dObjectiveArrow=1163
  census Render=1163
  census UpdateHUD=1163
  census DrawDamageIndicators=1163
  census DrawHudPassA=1163
  census ZoomFadeOut=1163
  census ActiveActionDraw=1163
  census AcquireActionDraw=1163
  census IsIgnoreAction=1163
  census DrawRader_JW=1163
  census DrawRader=1163
  census DrawHudRadarMap=1163
  census DrawHudRadarPawn=1163
  census CalculCrossChangeKitLen=1163
  census CalculHitRate=1163
  census CalculCrossHitRateLen=1163
  census SetCrossDrawColor=1163
  census RendGage=1163
  census DrawHPSP=1163
  census DrawHP_BD=1163
  census DrawHpBoarder_BD=1163
  census DrawHpGauge_BD=1163
  census DrawHpPointGauge_BD=1163
  census DrawHpDigit_JW=1163
  census DrawBoosterGauge_JW=1163
  census DrawPoint_BD=1163
  census DrawRefillAmmo_BD=1163
  census DrawAmmo=1163
  census GetAmmoCount=1163
  census ChangeAmmoInfo=1163
  census DrawAmmoKit=1163
  census DrawNum4Texture_YC=1163
  census DrawEventWep=1163
  census DrawBulletCashUI=1163
  census DrawDWeaponNum_JW=1163
  census DrawItemboxExtraTimer_JW=1163
  census DrawGameGuide_BD=1163
  census DrawHudPassB=1163
  census DrawHudPassC=1163
  census DrawCrosshair=1163
  census Trace_UJ=1163
  census DrawHudPassD=1163
  census DrawWarning_UJ=1163
  census IsLockOn_MH=1163
  census PlayNoEngineer=1163
  census Tick_RadioMenu=1163
  census Get_RM_NUM_PRESS=1163
  census ShouldCrouch=1065
  census DrawTextScript=1062
  census RatePlayerStart=772
  census Timer=504
  census GetTeamNum=485
  census DrawSpectatingHud=176
  census IsInCinematic=176
  census IsDead=176
  census IsSelect_Radio=176
  census FindSmmInfo=174
  census DrawRespawDecrease=174
  census DrawRespawTime=174
  census DrawMiniMap=174
  census GetRadarInfo=110
  census PostBeginPlay=96
  census PreBeginPlay=88
  census DynamicLoadObject=75
  census PostNetBeginPlay=65
  census BeginPlay=54
  census ZoneChange=54
  census SetInitialState=52
  census PlayFootStep=52
  census FootStepping=52
  census CheckRelevance=50
  census AlwaysKeep=50
  census IsRelevant=50
  census CheckReplacement=50
  census AnimEnd=47
  census UpdatePlayerLocation=34
  census PlayFootStepLeft=27
  census PlayFootStepRight=25
  census IsActorAttackReady=22
  census Secret_UJ=20
  census UnSecret_UJ=20
  census OwnerEvent=18
  census Possess=15
  census SetupGroundSpeed_JW=14
  census Restart=14
  census LinkMesh=13
  census GetNodeActor=12
  census SetMoveTarget_JW=12
  census SetSpeedNowState=12
  census MoveTo_JW=12
  census InitPlayerReplicationInfo=12
  census CreateIntelligence=12
  census SetTeam=12
  census SetWeapon_Table=12
  census GiveTo=12
  census GetRandDefenceActor=12
  census GetTDynamicActor=12
  census SetViewTarget=10
  census PlayWaiting=9
  census BeginState=9
  census FindPlayerStart=8
  census SetMesh_JW=8
  census HeadVolumeChange=8
  census Destroyed=8
  census PossessedBy=8
  census ChangeAnimation=8
  census PlayMoving=8
  census TriggerEvent=8
  census NotifyLanded=8
  census InitFor=8
  census SetTeamSkin_UJ=8
  census GetItemName=7
  census BoneRefresh=7
  census ClientSetRotation=7
  census BaseChange=7
  census SetNoInputState_JW=7
  census GainedChild=7
  census AIMoveFunc=6
  census GetNodeStruct=6
  census CheckNodeReach=6
  census SetAttractionState=6
  census SpawnPawn_BD=6
  census GetMrBot=6
  census GetAITeam_BD=6
  census AddPRI=6
  census SetPlayerName=6
  census RestartMRAI=6
  census GetSpawnPosition_BD=6
  census SetMastActor=6
  census IntelligenceSpawn=6
  census InitializeAIMech_JW=6
  census IntelligenceResetTeam_MH=6
  census SetMRAiControllerStarting_JW=6
  census SetAIInfo_JW=6
  census ChangeCollisionSetting_JW=6
  census SetAISkin=6
  census ClearTemporaryOrders=6
  census SetMovementPhysics=6
  census SetRespawnNameTag_BD=6
  census Touch=6
  census PlayAnimWithTwinGun=6
  census UpdateSentText=5
  census GetStateSound=5
  census ChangedWeapon_UJ=5
  census AttachToPawn=5
  census AttachToBone=5
  census PlayWeaponSwitch=5
  census ConsoleCommand=4
  census Reset=4
  census EndState=4
  census SetMotionBlur_JW=4
  census PlayStateMusic_BD=4
  census InitWeaponFires=4
  census DeleteAutoTarget=4
  census AddInventory=4
  census InitAmmo=4
  census ClientWeaponSet=4
  census Initial=4
  census InitialSetWeapon=4
  census PlayDeSelectIdleAnim=4
  census PickupFunction=4
  census StopAllMusic=3
  census RestartPlayer=3
  census SetDrawScale=3
  census SetFastChangeWep=3
  census ResetTimeMargin=3
  census SetDeadCamera_JB=3
  census InitHpDigit_JW=3
  census ClientReStart=3
  census PlayShortBriefing_BD=2
  census ClientSetViewTarget=2
  census DWeapon_Delete_ALL_JW=2
  census TeachToMineOwner=2
  census TeachToTrapOwner=2
  census TeachToSNTOwner=2
  census ClientClearSNTList_UJ=2
  census ClientReset=2
  census GetStateSoundOri=2
  census CheckIsPosiblePlayMusic_BD=2
  census IsPlayMusic_BD=2
  census ClientSetInitialMusic=2
  census ClientSetMusic=2
  census PlayMusic=2
  census SetHP_JW=2
  census EncodeSetPawnHealth_JW=2
  census SetTeamSkin_JW=2
  census InitializeMech=2
  census SetMechWeapon=2
  census SetMechWeaponTolerRate=2
  census SetHitIndexVector=2
  census SetDrawScale3D=2
  census HasAmmo=2
  census LostChild=2
  census CleanOutSavedMoves=2
  census ServerSetHandedness=2
  census ServerSetAutoTaunt=2
  census EnterStartState=2
  census SetCircleCamera_JW=2
  census PointOfView=2
  census Landed=2
  census GetDistToLocalPlayer=2
  census PlaySoundFootstepMaterial_JW=2
  census ClientHearSound=2
  census Spawnmat_JW=2
  census SpawnEffects=2
  census CalcEffectSizeJW=2
  census BeyondViewDistance=2
  census AbandonProjector=2
  census DeleteTarget=2
  census SetBrenchChange=2
  census StartBrief=1
  census PlayPrimarySound_BD=1
  census GetAIBotCount=1
  census PlayOwnedSound=1
  census ServerMechWeaponSetIndex_MH=1
  census UnPressButtons=1
  census ResetInput=1
  census SelectUnitSlot_BD=1
  census ServerPlayerStart_MH=1
  census ClientSetFixedCamera=1
  census FixFOV=1
  census InitializeController_JW=1
  census InitChatPenalty_YC=1
  census SetRadialBlur_JB=1
  census POVChanged=1
  census AddNumTotalSally=1
  census PveStartMusic=1
  census ServerMechWeaponSet_MH=1
  census ChangeTeam=1
  census PickTeam=1
  census GetSpotTeamNum=1
  census AssignInitialPose=1
  census InitShadow=1
  census GetRenderBoundingSphere=1
  census SetBoosterProperty=1
  census SetRelativeLocation=1
  census SwitchWeapon_YN=1
  census SwitchWeapon=1
  census PutDown=1
  census PlayDeSelectAnim=1
  census BringUp=1
  census PlaySelectAnim=1
  census ServerSwitchWeapon_YN=1
  census ClientSwitchWeapon_YN=1
  census PlayStart=1
  census ShowActionEffect=1
  census GetMainMechPawn_JW=1
  census ResetFOV=1
  census BecomeViewTarget=1
  census AdjustSkinPart_JW=1
  census SetWaitingPlayer=1
  census AcknowledgePossession=1
  census SetBaseEyeheight=1
  census ServerAcknowledgePossession=1
  census BehindView=1
  census ClientSetBehindView=1
  census PossessedBy_JW=1
  census StopViewShaking=1
  census ALLReset_JW=1
  census Setup=1
  census ResetPhysicsBasedAnim=1
  census ServerSetClassicTrans=1
  census ClientPlaySoundPawnGuide_BD=1
  census ClientStartIntro_MH=1
  census ServerSetPathFinder=1
  census ClientSetPathFinder=1
  census GetTargetObject=1
  census EnableTargetArrow_BD=1
  census Falling=1
  census SetFall=1
  census PlayIdleAnim=1
  census SetAmbientSound=1
  census InitialSlotAniImage=1
  census InitialNowWepSlot=1
  census PlayLanded=1
  census TakeFallingDamage=1
  census CheckAmmoNChangeClientState=1
  census SetWeaponProperties_JW=1
[2026-09-22T11:00:04.755Z] pid=43172 window_ms=5000 calls=718553 ServerFire=0 ClientFire=0 unresolved=0 distinct_names=247
  census Tick=82603
  census Tick_MH=70850
  census DeltaTimeCheck_JW=59364
  census GetLocalPlayerController=35093
  census GetMastActor=29696
  census IsMeAttackReady=29682
  census AIEMPProcess=29682
  census AIAttackHeadSpinProcess_JW=29682
  census IsMeMoveTargetReady=18196
  census IsMeGM_BD=10164
  census LoadFontStatic=8712
  census GetHP_JW=7493
  census PostRender2D=7378
  census DecodeGetPawnHealth_JW=7273
  census PlayerCalcView=7262
  census IsPlayGame_BD=7260
  census SpawnUnit=7220
  census GetRespawnGroupByIndex=7220
  census DrawCustomBeacon=5926
  census DoBooster_sh=5812
  census DrawSkillInfo=5808
  census IsSpectating=5808
  census DecodeGetPawnBoosterME_JW=5808
  census DrawSpriteWidget=5808
  census PlayerTick=5808
  census UpdateFlashComponent=5808
  census WeaponTick=4359
  census PostRender=4356
  census DrawEMP_JW=4356
  census GetMediumFontFor=4356
  census GetConsoleFont=4356
  census WorldSpaceOverlays=2905
  census CanvasDrawActors=2904
  census DrawHUD=2904
  census RenderOverlays=2904
  census DrawEnemyName=2904
  census DisplayMessages=2904
  census GetPhysicsVolume=2904
  census Trace_UJ2=1467
  census SetWalking=1454
  census ProcessMechColList_JW=1453
  census IsLocallyControlled=1453
  census UpdateShadow=1453
  census DetachProjector=1453
  census AttachProjector=1453
  census PlayBooster=1453
  census CalcBehindView=1453
  census CalcFireCamrot_JW=1453
  census SetAniokNosee_JW=1453
  census GetBoneCoords=1453
  census OrthoRotation=1453
  census CacheCalcView=1453
  census IsPlaySound_UJ=1453
  census GetNumLive=1452
  census DrawATnDefLv=1452
  census GetDefaultNumLive=1452
  census BuildMOTD=1452
  census LinkActors=1452
  census CheckEndGame_BD=1452
  census OnHudPostRender_MH=1452
  census Draw3dObjectiveArrow=1452
  census Render=1452
  census UpdateHUD=1452
  census DrawDamageIndicators=1452
  census DrawHudPassA=1452
  census ZoomFadeOut=1452
  census ActiveActionDraw=1452
  census AcquireActionDraw=1452
  census IsIgnoreAction=1452
  census DrawRader_JW=1452
  census DrawRader=1452
  census DrawHudRadarMap=1452
  census DrawHudRadarPawn=1452
  census CalculCrossChangeKitLen=1452
  census GetAmmoNumKitMax=1452
  census CalculHitRate=1452
  census CalculCrossHitRateLen=1452
  census SetCrossDrawColor=1452
  census RendGage=1452
  census DrawHPSP=1452
  census DrawHP_BD=1452
  census DrawHpBoarder_BD=1452
  census DrawHpGauge_BD=1452
  census DrawHpPointGauge_BD=1452
  census DrawHpDigit_JW=1452
  census DrawBoosterGauge_JW=1452
  census DrawPoint_BD=1452
  census DrawRefillAmmo_BD=1452
  census DrawAmmo=1452
  census GetAmmoCount=1452
  census ChangeAmmoInfo=1452
  census DrawAmmoKit=1452
  census DrawNum4Texture_YC=1452
  census DrawEventWep=1452
  census DrawBulletCashUI=1452
  census DrawDWeaponNum_JW=1452
  census DrawItemboxExtraTimer_JW=1452
  census DrawGameGuide_BD=1452
  census DrawHudPassB=1452
  census DrawHudPassC=1452
  census DrawCrosshair=1452
  census Trace_UJ=1452
  census DrawHudPassD=1452
  census DisplayLocalMessages=1452
  census DrawWarning_UJ=1452
  census IsLockOn_MH=1452
  census DrawSensi_JW=1452
  census DisplayRecordEventMsg_BD=1452
  census DisplayNoticeMessages_BD=1452
  census DrawETC=1452
  census DrawRadioMsg=1452
  census DrawTextKillMessage=1452
  census DrawRadioMenu_YC=1452
  census PlayNoEngineer=1452
  census Tick_RadioMenu=1452
  census Get_RM_NUM_PRESS=1452
  census DrawKillAnim=1452
  census PostDrawHud=1452
  census DrawTimer=1452
  census DrawTeamScore=1452
  census DrawPveIntro_YC=1452
  census DrawLocalMessage_Sh=1452
  census DrawBrief=1452
  census DrawShortBriefing_BD=1452
  census DrawMsg=1452
  census SetGameSpeed=1452
  census InitializeFor=1452
  census RealTick=1452
  census ProcessPushMoveGMCamera_BD=1452
  census SetTwoSceanFov_JW=1452
  census SetWaterRefraction_JB=1452
  census EventButtonUp_MH=1452
  census DefaultMechTick_MH=1452
  census BoosterTick_MH=1452
  census CalcBoosterTick_JW=1452
  census EncodeSetPawnBoosterME_JW=1452
  census CalcMoveTime_JW=1452
  census ProcessPerVelocity_JW=1452
  census CalcThirdCameraMove_JW=1452
  census HandleWalking=1452
  census RawInput=1452
  census PlayerMove=1452
  census CheckBob=1452
  census UpdateRotation=1452
  census LimitPitch=1452
  census ViewShake=1452
  census ViewFlash=1452
  census FaceRotation=1452
  census ProcessMove=1452
  census BoosterEventMoment_JW=1452
  census SetViewPitch=1452
  census ShouldCrouch=1452
  census CheckRevieUser=1452
  census CheckGameHistory=1452
  census UpdateChat=1452
  census DrawTextScript=1159
  census GetTeamNum=992
  census DrawMissionBrief=658
  census Timer=441
  census GetRadarInfo=130
  census PlayFootStep=106
  census FootStepping=106
  census PreBeginPlay=87
  census PostBeginPlay=85
  census AnimEnd=78
  census DynamicLoadObject=68
  census UpdatePlayerLocation=59
  census PostNetBeginPlay=55
  census PlayFootStepRight=54
  census PlayFootStepLeft=52
  census CheckRelevance=47
  census AlwaysKeep=47
  census IsRelevant=47
  census CheckReplacement=47
  census BeginPlay=47
  census ZoneChange=47
  census SetInitialState=47
  census IsActorAttackReady=34
  census Touch=28
  census GetNodeActor=23
  census SetMoveTarget_JW=23
  census SetupGroundSpeed_JW=21
  census SetSpeedNowState=21
  census MoveTo_JW=21
  census InitPlayerReplicationInfo=16
  census CreateIntelligence=16
  census SetTeam=16
  census Possess=16
  census Restart=16
  census AIMoveFunc=15
  census GetNodeStruct=15
  census CheckNodeReach=15
  census SetAttractionState=15
  census SetWeapon_Table=14
  census BeginState=10
  census GetRandDefenceActor=10
  census GetTDynamicActor=10
  census FindPlayerStart=8
  census RatePlayerStart=8
  census SpawnPawn_BD=8
  census GetMrBot=8
  census GetAITeam_BD=8
  census AddPRI=8
  census SetPlayerName=8
  census RestartMRAI=8
  census GetSpawnPosition_BD=8
  census GetItemName=8
  census SetMesh_JW=8
  census LinkMesh=8
  census HeadVolumeChange=8
  census SetMastActor=8
  census IntelligenceSpawn=8
  census BoneRefresh=8
  census InitializeAIMech_JW=8
  census IntelligenceResetTeam_MH=8
  census SetMRAiControllerStarting_JW=8
  census SetAIInfo_JW=8
  census ChangeCollisionSetting_JW=8
  census SetAISkin=8
  census PossessedBy=8
  census ChangeAnimation=8
  census PlayWaiting=8
  census PlayMoving=8
  census ClearTemporaryOrders=8
  census SetMovementPhysics=8
  census ClientSetRotation=8
  census TriggerEvent=8
  census SetRespawnNameTag_BD=8
  census NotifyLanded=8
  census BaseChange=8
  census Destroyed=6
  census UpdateSentText=5
  census SetBrenchChange=5
  census Landed=2
  census PlayLanded=2
  census TakeFallingDamage=2
  census GetAIBotCount=1
  census PlayMissionBrief=1
  census ClientPlayMissionBrief=1
  census SetMissionBrief_YC=1
  census SetMissionBrief=1
  census PlayPrimarySound_Sh=1
  census ClientHearSound=1
  census SetTextCut=1
  census StartBrief=1
  census PlayPrimarySound_BD=1
  census ConsoleCommand=1
[2026-09-22T11:00:09.917Z] pid=43172 window_ms=5162 calls=708972 ServerFire=1 ClientFire=1 unresolved=0 distinct_names=227
  census Tick=82076
  census Tick_MH=70668
  census DeltaTimeCheck_JW=59796
  census GetLocalPlayerController=37871
  census GetMastActor=29912
  census IsMeAttackReady=29898
  census AIEMPProcess=29898
  census AIAttackHeadSpinProcess_JW=29898
  census IsMeMoveTargetReady=19026
  census PostRender2D=12451
  census DrawCustomBeacon=10558
  census IsMeGM_BD=9513
  census LoadFontStatic=7123
  census GetHP_JW=7042
  census DecodeGetPawnHealth_JW=6808
  census IsPlayGame_BD=6795
  census PlayerCalcView=6794
  census DrawSkillInfo=5436
  census IsSpectating=5436
  census DecodeGetPawnBoosterME_JW=5436
  census DrawSpriteWidget=5436
  census SpawnUnit=5436
  census GetRespawnGroupByIndex=5436
  census PlayerTick=5436
  census UpdateFlashComponent=5436
  census DoBooster_sh=5436
  census PostRender=4077
  census DrawEMP_JW=4077
  census GetConsoleFont=4077
  census WeaponTick=4077
  census GetMediumFontFor=3046
  census WorldSpaceOverlays=2718
  census CanvasDrawActors=2718
  census DrawHUD=2718
  census RenderOverlays=2718
  census DrawEnemyName=2718
  census DisplayMessages=2718
  census GetPhysicsVolume=2718
  census Trace_UJ2=1373
  census IsLocallyControlled=1367
  census GetBoneCoords=1363
  census GetAmmoCount=1360
  census ChangeAmmoInfo=1360
  census GetNumLive=1359
  census DrawATnDefLv=1359
  census GetDefaultNumLive=1359
  census BuildMOTD=1359
  census LinkActors=1359
  census CheckEndGame_BD=1359
  census OnHudPostRender_MH=1359
  census Draw3dObjectiveArrow=1359
  census Render=1359
  census UpdateHUD=1359
  census DrawDamageIndicators=1359
  census DrawHudPassA=1359
  census ZoomFadeOut=1359
  census ActiveActionDraw=1359
  census AcquireActionDraw=1359
  census IsIgnoreAction=1359
  census DrawRader_JW=1359
  census DrawRader=1359
  census DrawHudRadarMap=1359
  census DrawHudRadarPawn=1359
  census CalculCrossChangeKitLen=1359
  census GetAmmoNumKitMax=1359
  census CalculHitRate=1359
  census CalculCrossHitRateLen=1359
  census SetCrossDrawColor=1359
  census RendGage=1359
  census DrawHPSP=1359
  census DrawHP_BD=1359
  census DrawHpBoarder_BD=1359
  census DrawHpGauge_BD=1359
  census DrawHpPointGauge_BD=1359
  census DrawHpDigit_JW=1359
  census DrawBoosterGauge_JW=1359
  census DrawPoint_BD=1359
  census DrawRefillAmmo_BD=1359
  census DrawAmmo=1359
  census DrawAmmoKit=1359
  census DrawNum4Texture_YC=1359
  census DrawEventWep=1359
  census DrawBulletCashUI=1359
  census DrawDWeaponNum_JW=1359
  census DrawItemboxExtraTimer_JW=1359
  census DrawGameGuide_BD=1359
  census DrawHudPassB=1359
  census DrawHudPassC=1359
  census DrawCrosshair=1359
  census Trace_UJ=1359
  census DrawHudPassD=1359
  census DisplayLocalMessages=1359
  census DrawWarning_UJ=1359
  census IsLockOn_MH=1359
  census DrawSensi_JW=1359
  census DisplayRecordEventMsg_BD=1359
  census DisplayNoticeMessages_BD=1359
  census DrawETC=1359
  census DrawRadioMsg=1359
  census DrawTextKillMessage=1359
  census DrawRadioMenu_YC=1359
  census PlayNoEngineer=1359
  census Tick_RadioMenu=1359
  census Get_RM_NUM_PRESS=1359
  census DrawKillAnim=1359
  census PostDrawHud=1359
  census DrawTimer=1359
  census DrawTeamScore=1359
  census DrawPveIntro_YC=1359
  census DrawMissionBrief=1359
  census DrawLocalMessage_Sh=1359
  census DrawBrief=1359
  census IsPlaySound_UJ=1359
  census DrawTextScript=1359
  census DrawShortBriefing_BD=1359
  census DrawMsg=1359
  census SetGameSpeed=1359
  census InitializeFor=1359
  census RealTick=1359
  census ProcessPushMoveGMCamera_BD=1359
  census SetTwoSceanFov_JW=1359
  census SetWaterRefraction_JB=1359
  census EventButtonUp_MH=1359
  census DefaultMechTick_MH=1359
  census BoosterTick_MH=1359
  census CalcBoosterTick_JW=1359
  census EncodeSetPawnBoosterME_JW=1359
  census CalcMoveTime_JW=1359
  census ProcessPerVelocity_JW=1359
  census CalcThirdCameraMove_JW=1359
  census HandleWalking=1359
  census SetWalking=1359
  census RawInput=1359
  census PlayerMove=1359
  census CheckBob=1359
  census UpdateRotation=1359
  census LimitPitch=1359
  census ViewShake=1359
  census ViewFlash=1359
  census FaceRotation=1359
  census ProcessMove=1359
  census BoosterEventMoment_JW=1359
  census SetViewPitch=1359
  census ShouldCrouch=1359
  census CheckRevieUser=1359
  census CheckGameHistory=1359
  census UpdateChat=1359
  census ProcessMechColList_JW=1359
  census UpdateShadow=1359
  census DetachProjector=1359
  census AttachProjector=1359
  census PlayBooster=1359
  census CalcBehindView=1359
  census CalcFireCamrot_JW=1359
  census SetAniokNosee_JW=1359
  census OrthoRotation=1359
  census CacheCalcView=1359
  census GetTeamNum=1092
  census CheckShake=801
  census Timer=525
  census UnSecret_UJ=300
  census GetRadarInfo=130
  census PlayFootStep=127
  census FootStepping=127
  census AnimEnd=81
  census PlayFootStepLeft=64
  census PlayFootStepRight=63
  census HitWallMaterial=56
  census UpdatePlayerLocation=55
  census IsActorAttackReady=38
  census Touch=27
  census AIMoveFunc=18
  census GetNodeStruct=18
  census CheckNodeReach=18
  census GetNodeActor=18
  census SetMoveTarget_JW=18
  census SetAttractionState=18
  census SetupGroundSpeed_JW=18
  census SetSpeedNowState=18
  census MoveTo_JW=18
  census GetRandDefenceActor=16
  census GetTDynamicActor=16
  census PostBeginPlay=10
  census PreBeginPlay=6
  census BeginPlay=6
  census ZoneChange=6
  census SetInitialState=6
  census PostNetBeginPlay=6
  census SetBrenchChange=5
  census UpdateSentText=5
  census Fire=4
  census CheckRelevance=4
  census AlwaysKeep=4
  census IsRelevant=4
  census CheckReplacement=4
  census ClientHearSound=4
  census HasAmmo=3
  census PlayShortBriefing_BD=2
  census PlayAnimWithTwinGun=2
  census SetRadialBlur_JB=2
  census SetProjProperty=2
  census StartProj=2
  census GetAIBotCount=1
  census ConsoleCommand=1
  census StartFire=1
  census LogicActionCheck=1
  census ActiveActionCheck=1
  census PlayVibrate=1
  census GetHitLoc=1
  census ServerFireProjectileCenterLoc_MH=1
  census FireProjectileCenterLoc_UJ=1
  census GetSpawnLen=1
  census PlayFireAnim=1
  census SetTimer_UJ=1
  census StartFiring=1
  census AnimBlendParams=1
  census FiringShake_JW=1
  census ShakeView=1
  census InsertCameraEffect_MH=1
  census AddCameraEffect=1
  census StartMoveCross=1
  census ClientFireProjectileCenterLoc_MH=1
  census ConsumeAmmo=1
  census StopFire=1
  census DeleteCameraEffect_MH=1
  census RemoveCameraEffect=1
  census PlayReloadAnim=1
[2026-09-22T11:00:14.918Z] pid=43172 window_ms=5001 calls=757546 ServerFire=1 ClientFire=1 unresolved=0 distinct_names=236
  census Tick=89316
  census Tick_MH=75920
  census DeltaTimeCheck_JW=64240
  census GetLocalPlayerController=38349
  census GetMastActor=32134
  census IsMeAttackReady=32120
  census AIEMPProcess=32120
  census AIAttackHeadSpinProcess_JW=32120
  census IsMeMoveTargetReady=20440
  census PostRender2D=12165
  census IsMeGM_BD=10226
  census DrawCustomBeacon=8990
  census GetHP_JW=7505
  census DecodeGetPawnHealth_JW=7317
  census IsPlayGame_BD=7305
  census LoadFontStatic=7305
  census PlayerCalcView=7304
  census DrawSkillInfo=5844
  census DrawSpriteWidget=5844
  census IsSpectating=5843
  census DecodeGetPawnBoosterME_JW=5842
  census SpawnUnit=5840
  census GetRespawnGroupByIndex=5840
  census PlayerTick=5840
  census UpdateFlashComponent=5840
  census DoBooster_sh=5840
  census PostRender=4383
  census DrawEMP_JW=4383
  census GetConsoleFont=4383
  census WeaponTick=4380
  census CheckShake=4023
  census CanvasDrawActors=2922
  census DrawHUD=2922
  census RenderOverlays=2922
  census GetMediumFontFor=2922
  census DrawEnemyName=2922
  census DisplayMessages=2922
  census WorldSpaceOverlays=2921
  census GetPhysicsVolume=2920
  census IsLocallyControlled=1480
  census Trace_UJ2=1474
  census AttachProjector=1464
  census GetBoneCoords=1464
  census OrthoRotation=1464
  census GetAmmoNumKitMax=1463
  census GetAmmoCount=1462
  census ChangeAmmoInfo=1462
  census GetNumLive=1461
  census DrawATnDefLv=1461
  census GetDefaultNumLive=1461
  census BuildMOTD=1461
  census LinkActors=1461
  census CheckEndGame_BD=1461
  census OnHudPostRender_MH=1461
  census Draw3dObjectiveArrow=1461
  census Render=1461
  census UpdateHUD=1461
  census DrawDamageIndicators=1461
  census DrawHudPassA=1461
  census ZoomFadeOut=1461
  census ActiveActionDraw=1461
  census AcquireActionDraw=1461
  census IsIgnoreAction=1461
  census DrawRader_JW=1461
  census DrawRader=1461
  census DrawHudRadarMap=1461
  census DrawHudRadarPawn=1461
  census CalculCrossChangeKitLen=1461
  census CalculHitRate=1461
  census CalculCrossHitRateLen=1461
  census SetCrossDrawColor=1461
  census RendGage=1461
  census DrawHPSP=1461
  census DrawHP_BD=1461
  census DrawHpBoarder_BD=1461
  census DrawHpGauge_BD=1461
  census DrawHpPointGauge_BD=1461
  census DrawHpDigit_JW=1461
  census DrawBoosterGauge_JW=1461
  census DrawPoint_BD=1461
  census DrawRefillAmmo_BD=1461
  census DrawAmmo=1461
  census DrawAmmoKit=1461
  census DrawNum4Texture_YC=1461
  census DrawEventWep=1461
  census DrawBulletCashUI=1461
  census DrawDWeaponNum_JW=1461
  census DrawItemboxExtraTimer_JW=1461
  census DrawGameGuide_BD=1461
  census DrawHudPassB=1461
  census DrawHudPassC=1461
  census DrawCrosshair=1461
  census Trace_UJ=1461
  census DrawHudPassD=1461
  census DisplayLocalMessages=1461
  census DrawWarning_UJ=1461
  census IsLockOn_MH=1461
  census DrawSensi_JW=1461
  census DisplayRecordEventMsg_BD=1461
  census DisplayNoticeMessages_BD=1461
  census DrawETC=1461
  census DrawRadioMsg=1461
  census DrawTextKillMessage=1461
  census DrawRadioMenu_YC=1461
  census PlayNoEngineer=1461
  census Tick_RadioMenu=1461
  census Get_RM_NUM_PRESS=1461
  census DrawKillAnim=1461
  census PostDrawHud=1461
  census DrawTimer=1461
  census DrawTeamScore=1461
  census DrawPveIntro_YC=1461
  census DrawMissionBrief=1461
  census DrawLocalMessage_Sh=1461
  census DrawBrief=1461
  census DrawShortBriefing_BD=1461
  census DrawMsg=1461
  census SetGameSpeed=1460
  census InitializeFor=1460
  census RealTick=1460
  census ProcessPushMoveGMCamera_BD=1460
  census SetTwoSceanFov_JW=1460
  census SetWaterRefraction_JB=1460
  census EventButtonUp_MH=1460
  census DefaultMechTick_MH=1460
  census BoosterTick_MH=1460
  census CalcBoosterTick_JW=1460
  census EncodeSetPawnBoosterME_JW=1460
  census CalcMoveTime_JW=1460
  census ProcessPerVelocity_JW=1460
  census CalcThirdCameraMove_JW=1460
  census HandleWalking=1460
  census SetWalking=1460
  census RawInput=1460
  census PlayerMove=1460
  census CheckBob=1460
  census UpdateRotation=1460
  census LimitPitch=1460
  census ViewShake=1460
  census ViewFlash=1460
  census FaceRotation=1460
  census ProcessMove=1460
  census BoosterEventMoment_JW=1460
  census SetViewPitch=1460
  census ShouldCrouch=1460
  census CheckRevieUser=1460
  census CheckGameHistory=1460
  census UpdateChat=1460
  census ProcessMechColList_JW=1460
  census UpdateShadow=1460
  census DetachProjector=1460
  census PlayBooster=1460
  census CalcBehindView=1460
  census CalcFireCamrot_JW=1460
  census SetAniokNosee_JW=1460
  census CacheCalcView=1460
  census GetTeamNum=908
  census HitWallMaterial=674
  census UnSecret_UJ=615
  census Timer=445
  census IsPlaySound_UJ=258
  census DrawTextScript=258
  census PlayFootStep=123
  census FootStepping=123
  census GetRadarInfo=120
  census AnimEnd=91
  census UpdatePlayerLocation=62
  census PlayFootStepLeft=62
  census PlayFootStepRight=61
  census IsActorAttackReady=38
  census PostBeginPlay=26
  census Touch=22
  census PreBeginPlay=18
  census BeginPlay=14
  census ZoneChange=14
  census GetRandDefenceActor=14
  census GetTDynamicActor=14
  census AIMoveFunc=13
  census GetNodeStruct=13
  census CheckNodeReach=13
  census GetNodeActor=13
  census SetMoveTarget_JW=13
  census SetAttractionState=13
  census SetupGroundSpeed_JW=13
  census SetSpeedNowState=13
  census MoveTo_JW=13
  census SetInitialState=10
  census PostNetBeginPlay=10
  census Destroyed=8
  census CheckRelevance=8
  census AlwaysKeep=8
  census IsRelevant=8
  census CheckReplacement=8
  census ClientHearSound=8
  census UpdateSentText=5
  census HasAmmo=5
  census Explode=4
  census SpawnExpEffectNDecal=4
  census EffectIsRelevant=4
  census CheckMaxEffectDistance=4
  census BeyondViewDistance=4
  census AbandonProjector=4
  census EndState=4
  census PlayExpSound=4
  census Fire=4
  census SetBrenchChange=3
  census CheckAmmoNChangeClientState=2
  census PlayAnimWithTwinGun=2
  census SetRadialBlur_JB=2
  census SetProjProperty=2
  census StartProj=2
  census GetAIBotCount=1
  census AnimBlendToAlpha=1
  census StartFire=1
  census LogicActionCheck=1
  census ActiveActionCheck=1
  census PlayVibrate=1
  census GetHitLoc=1
  census ServerFireProjectileCenterLoc_MH=1
  census FireProjectileCenterLoc_UJ=1
  census GetSpawnLen=1
  census PlayFireAnim=1
  census SetTimer_UJ=1
  census StartFiring=1
  census AnimBlendParams=1
  census FiringShake_JW=1
  census ShakeView=1
  census InsertCameraEffect_MH=1
  census AddCameraEffect=1
  census StartMoveCross=1
  census ClientFireProjectileCenterLoc_MH=1
  census ConsumeAmmo=1
  census StopFire=1
  census DeleteCameraEffect_MH=1
  census RemoveCameraEffect=1
  census PlayReloadAnim=1
[2026-09-22T11:00:19.918Z] pid=43172 window_ms=5000 calls=767651 ServerFire=2 ClientFire=2 unresolved=0 distinct_names=235
  census Tick=90565
  census Tick_MH=77188
  census DeltaTimeCheck_JW=65310
  census GetLocalPlayerController=38724
  census GetMastActor=32669
  census IsMeAttackReady=32655
  census AIEMPProcess=32655
  census AIAttackHeadSpinProcess_JW=32655
  census IsMeMoveTargetReady=20777
  census PostRender2D=11888
  census IsMeGM_BD=10389
  census DrawCustomBeacon=8904
  census GetHP_JW=7623
  census DecodeGetPawnHealth_JW=7433
  census PlayerCalcView=7420
  census IsPlayGame_BD=7420
  census LoadFontStatic=7420
  census SpawnUnit=5940
  census GetRespawnGroupByIndex=5940
  census PlayerTick=5940
  census UpdateFlashComponent=5940
  census DecodeGetPawnBoosterME_JW=5938
  census IsSpectating=5937
  census DoBooster_sh=5936
  census DrawSkillInfo=5936
  census DrawSpriteWidget=5936
  census WeaponTick=4452
  census PostRender=4452
  census DrawEMP_JW=4452
  census GetConsoleFont=4452
  census CheckShake=3684
  census GetPhysicsVolume=2970
  census WorldSpaceOverlays=2968
  census CanvasDrawActors=2968
  census DrawHUD=2968
  census RenderOverlays=2968
  census GetMediumFontFor=2968
  census DrawEnemyName=2968
  census DisplayMessages=2968
  census IsLocallyControlled=1506
  census Trace_UJ2=1498
  census GetBoneCoords=1492
  census AttachProjector=1486
  census OrthoRotation=1486
  census GetAmmoCount=1486
  census ChangeAmmoInfo=1486
  census SetGameSpeed=1485
  census InitializeFor=1485
  census RealTick=1485
  census ProcessPushMoveGMCamera_BD=1485
  census SetTwoSceanFov_JW=1485
  census SetWaterRefraction_JB=1485
  census EventButtonUp_MH=1485
  census DefaultMechTick_MH=1485
  census BoosterTick_MH=1485
  census CalcBoosterTick_JW=1485
  census EncodeSetPawnBoosterME_JW=1485
  census CalcMoveTime_JW=1485
  census ProcessPerVelocity_JW=1485
  census CalcThirdCameraMove_JW=1485
  census HandleWalking=1485
  census SetWalking=1485
  census RawInput=1485
  census PlayerMove=1485
  census CheckBob=1485
  census UpdateRotation=1485
  census LimitPitch=1485
  census ViewShake=1485
  census ViewFlash=1485
  census FaceRotation=1485
  census ProcessMove=1485
  census BoosterEventMoment_JW=1485
  census SetViewPitch=1485
  census ShouldCrouch=1485
  census CheckRevieUser=1485
  census CheckGameHistory=1485
  census UpdateChat=1485
  census GetAmmoNumKitMax=1485
  census ProcessMechColList_JW=1484
  census UpdateShadow=1484
  census DetachProjector=1484
  census PlayBooster=1484
  census CalcBehindView=1484
  census CalcFireCamrot_JW=1484
  census SetAniokNosee_JW=1484
  census CacheCalcView=1484
  census GetNumLive=1484
  census DrawATnDefLv=1484
  census GetDefaultNumLive=1484
  census BuildMOTD=1484
  census LinkActors=1484
  census CheckEndGame_BD=1484
  census OnHudPostRender_MH=1484
  census Draw3dObjectiveArrow=1484
  census Render=1484
  census UpdateHUD=1484
  census DrawDamageIndicators=1484
  census DrawHudPassA=1484
  census ZoomFadeOut=1484
  census ActiveActionDraw=1484
  census AcquireActionDraw=1484
  census IsIgnoreAction=1484
  census DrawRader_JW=1484
  census DrawRader=1484
  census DrawHudRadarMap=1484
  census DrawHudRadarPawn=1484
  census CalculCrossChangeKitLen=1484
  census CalculHitRate=1484
  census CalculCrossHitRateLen=1484
  census SetCrossDrawColor=1484
  census RendGage=1484
  census DrawHPSP=1484
  census DrawHP_BD=1484
  census DrawHpBoarder_BD=1484
  census DrawHpGauge_BD=1484
  census DrawHpPointGauge_BD=1484
  census DrawHpDigit_JW=1484
  census DrawBoosterGauge_JW=1484
  census DrawPoint_BD=1484
  census DrawRefillAmmo_BD=1484
  census DrawAmmo=1484
  census DrawAmmoKit=1484
  census DrawNum4Texture_YC=1484
  census DrawEventWep=1484
  census DrawBulletCashUI=1484
  census DrawDWeaponNum_JW=1484
  census DrawItemboxExtraTimer_JW=1484
  census DrawGameGuide_BD=1484
  census DrawHudPassB=1484
  census DrawHudPassC=1484
  census DrawCrosshair=1484
  census Trace_UJ=1484
  census DrawHudPassD=1484
  census DisplayLocalMessages=1484
  census DrawWarning_UJ=1484
  census IsLockOn_MH=1484
  census DrawSensi_JW=1484
  census DisplayRecordEventMsg_BD=1484
  census DisplayNoticeMessages_BD=1484
  census DrawETC=1484
  census DrawRadioMsg=1484
  census DrawTextKillMessage=1484
  census DrawRadioMenu_YC=1484
  census PlayNoEngineer=1484
  census Tick_RadioMenu=1484
  census Get_RM_NUM_PRESS=1484
  census DrawKillAnim=1484
  census PostDrawHud=1484
  census DrawTimer=1484
  census DrawTeamScore=1484
  census DrawPveIntro_YC=1484
  census DrawMissionBrief=1484
  census DrawLocalMessage_Sh=1484
  census DrawBrief=1484
  census DrawShortBriefing_BD=1484
  census DrawMsg=1484
  census GetTeamNum=904
  census UnSecret_UJ=670
  census Timer=526
  census HitWallMaterial=374
  census GetRadarInfo=130
  census PlayFootStep=126
  census FootStepping=126
  census AnimEnd=79
  census PlayFootStepRight=65
  census PlayFootStepLeft=61
  census UpdatePlayerLocation=55
  census IsActorAttackReady=34
  census PostBeginPlay=28
  census PreBeginPlay=18
  census BeginPlay=16
  census ZoneChange=16
  census SetInitialState=14
  census PostNetBeginPlay=14
  census AIMoveFunc=13
  census GetNodeStruct=13
  census CheckNodeReach=13
  census GetNodeActor=13
  census SetMoveTarget_JW=13
  census SetAttractionState=13
  census SetupGroundSpeed_JW=13
  census SetSpeedNowState=13
  census MoveTo_JW=13
  census GetRandDefenceActor=10
  census GetTDynamicActor=10
  census CheckRelevance=10
  census AlwaysKeep=10
  census IsRelevant=10
  census CheckReplacement=10
  census ClientHearSound=10
  census Fire=8
  census SetBrenchChange=7
  census HasAmmo=7
  census Touch=6
  census UpdateSentText=5
  census PlayAnimWithTwinGun=4
  census SetRadialBlur_JB=4
  census SetProjProperty=4
  census StartProj=4
  census Destroyed=4
  census AnimBlendToAlpha=2
  census StartFire=2
  census LogicActionCheck=2
  census ActiveActionCheck=2
  census PlayVibrate=2
  census GetHitLoc=2
  census ServerFireProjectileCenterLoc_MH=2
  census FireProjectileCenterLoc_UJ=2
  census GetSpawnLen=2
  census PlayFireAnim=2
  census SetTimer_UJ=2
  census StartFiring=2
  census AnimBlendParams=2
  census FiringShake_JW=2
  census ShakeView=2
  census InsertCameraEffect_MH=2
  census AddCameraEffect=2
  census StartMoveCross=2
  census ClientFireProjectileCenterLoc_MH=2
  census ConsumeAmmo=2
  census StopFire=2
  census DeleteCameraEffect_MH=2
  census RemoveCameraEffect=2
  census PlayReloadAnim=2
  census Explode=2
  census SpawnExpEffectNDecal=2
  census EffectIsRelevant=2
  census CheckMaxEffectDistance=2
  census BeyondViewDistance=2
  census AbandonProjector=2
  census EndState=2
  census PlayExpSound=2
  census GetAIBotCount=1
  census ConsoleCommand=1
  census CheckAmmoNChangeClientState=1
[2026-09-22T11:00:24.919Z] pid=43172 window_ms=5001 calls=786183 ServerFire=1 ClientFire=1 unresolved=0 distinct_names=276
  census Tick=95448
  census Tick_MH=82840
  census DeltaTimeCheck_JW=72024
  census GetLocalPlayerController=41224
  census GetMastActor=36032
  census IsMeAttackReady=36012
  census AIEMPProcess=36012
  census AIAttackHeadSpinProcess_JW=36012
  census IsMeMoveTargetReady=25199
  census PostRender2D=17165
  census DrawCustomBeacon=14027
  census IsMeGM_BD=9464
  census GetHP_JW=7050
  census DecodeGetPawnHealth_JW=6772
  census PlayerCalcView=6760
  census IsPlayGame_BD=6760
  census LoadFontStatic=6760
  census DoBooster_sh=5408
  census DrawSkillInfo=5408
  census IsSpectating=5408
  census DecodeGetPawnBoosterME_JW=5408
  census DrawSpriteWidget=5408
  census PlayerTick=5408
  census UpdateFlashComponent=5408
  census WeaponTick=4056
  census PostRender=4056
  census DrawEMP_JW=4056
  census GetConsoleFont=4056
  census SpawnUnit=3884
  census GetRespawnGroupByIndex=3884
  census CheckShake=3684
  census WorldSpaceOverlays=2704
  census CanvasDrawActors=2704
  census DrawHUD=2704
  census RenderOverlays=2704
  census GetMediumFontFor=2704
  census DrawEnemyName=2704
  census DisplayMessages=2704
  census GetPhysicsVolume=2704
  census IsLocallyControlled=1372
  census Trace_UJ2=1372
  census AttachProjector=1356
  census GetBoneCoords=1356
  census OrthoRotation=1356
  census GetAmmoNumKitMax=1354
  census GetAmmoCount=1353
  census ChangeAmmoInfo=1353
  census ProcessMechColList_JW=1352
  census UpdateShadow=1352
  census DetachProjector=1352
  census PlayBooster=1352
  census CalcBehindView=1352
  census CalcFireCamrot_JW=1352
  census SetAniokNosee_JW=1352
  census CacheCalcView=1352
  census GetNumLive=1352
  census DrawATnDefLv=1352
  census GetDefaultNumLive=1352
  census BuildMOTD=1352
  census LinkActors=1352
  census CheckEndGame_BD=1352
  census OnHudPostRender_MH=1352
  census Draw3dObjectiveArrow=1352
  census Render=1352
  census UpdateHUD=1352
  census DrawDamageIndicators=1352
  census DrawHudPassA=1352
  census ZoomFadeOut=1352
  census ActiveActionDraw=1352
  census AcquireActionDraw=1352
  census IsIgnoreAction=1352
  census DrawRader_JW=1352
  census DrawRader=1352
  census DrawHudRadarMap=1352
  census DrawHudRadarPawn=1352
  census CalculCrossChangeKitLen=1352
  census CalculHitRate=1352
  census CalculCrossHitRateLen=1352
  census SetCrossDrawColor=1352
  census RendGage=1352
  census DrawHPSP=1352
  census DrawHP_BD=1352
  census DrawHpBoarder_BD=1352
  census DrawHpGauge_BD=1352
  census DrawHpPointGauge_BD=1352
  census DrawHpDigit_JW=1352
  census DrawBoosterGauge_JW=1352
  census DrawPoint_BD=1352
  census DrawRefillAmmo_BD=1352
  census DrawAmmo=1352
  census DrawAmmoKit=1352
  census DrawNum4Texture_YC=1352
  census DrawEventWep=1352
  census DrawBulletCashUI=1352
  census DrawDWeaponNum_JW=1352
  census DrawItemboxExtraTimer_JW=1352
  census DrawGameGuide_BD=1352
  census DrawHudPassB=1352
  census DrawHudPassC=1352
  census DrawCrosshair=1352
  census Trace_UJ=1352
  census DrawHudPassD=1352
  census DisplayLocalMessages=1352
  census DrawWarning_UJ=1352
  census IsLockOn_MH=1352
  census DrawSensi_JW=1352
  census DisplayRecordEventMsg_BD=1352
  census DisplayNoticeMessages_BD=1352
  census DrawETC=1352
  census DrawRadioMsg=1352
  census DrawTextKillMessage=1352
  census DrawRadioMenu_YC=1352
  census PlayNoEngineer=1352
  census Tick_RadioMenu=1352
  census Get_RM_NUM_PRESS=1352
  census DrawKillAnim=1352
  census PostDrawHud=1352
  census DrawTimer=1352
  census DrawTeamScore=1352
  census DrawPveIntro_YC=1352
  census DrawMissionBrief=1352
  census DrawLocalMessage_Sh=1352
  census DrawBrief=1352
  census DrawShortBriefing_BD=1352
  census DrawMsg=1352
  census SetGameSpeed=1352
  census InitializeFor=1352
  census RealTick=1352
  census ProcessPushMoveGMCamera_BD=1352
  census SetTwoSceanFov_JW=1352
  census SetWaterRefraction_JB=1352
  census EventButtonUp_MH=1352
  census DefaultMechTick_MH=1352
  census BoosterTick_MH=1352
  census CalcBoosterTick_JW=1352
  census EncodeSetPawnBoosterME_JW=1352
  census CalcMoveTime_JW=1352
  census ProcessPerVelocity_JW=1352
  census CalcThirdCameraMove_JW=1352
  census HandleWalking=1352
  census SetWalking=1352
  census RawInput=1352
  census PlayerMove=1352
  census CheckBob=1352
  census UpdateRotation=1352
  census LimitPitch=1352
  census ViewShake=1352
  census ViewFlash=1352
  census FaceRotation=1352
  census ProcessMove=1352
  census BoosterEventMoment_JW=1352
  census SetViewPitch=1352
  census ShouldCrouch=1352
  census CheckRevieUser=1352
  census CheckGameHistory=1352
  census UpdateChat=1352
  census GetTeamNum=1297
  census UnSecret_UJ=678
  census HitWallMaterial=671
  census Timer=462
  census PlayFootStep=159
  census FootStepping=159
  census GetRadarInfo=120
  census AnimEnd=114
  census PostBeginPlay=92
  census PreBeginPlay=84
  census PlayFootStepLeft=81
  census UpdatePlayerLocation=78
  census PlayFootStepRight=78
  census DynamicLoadObject=60
  census PostNetBeginPlay=52
  census BeginPlay=50
  census ZoneChange=50
  census IsActorAttackReady=48
  census SetInitialState=46
  census CheckRelevance=44
  census AlwaysKeep=44
  census IsRelevant=44
  census CheckReplacement=44
  census GetNodeActor=27
  census SetMoveTarget_JW=27
  census SetupGroundSpeed_JW=27
  census SetSpeedNowState=27
  census MoveTo_JW=27
  census Touch=24
  census AIMoveFunc=21
  census GetNodeStruct=21
  census CheckNodeReach=21
  census SetAttractionState=21
  census GetRandDefenceActor=16
  census GetTDynamicActor=16
  census Destroyed=14
  census InitPlayerReplicationInfo=12
  census CreateIntelligence=12
  census SetTeam=12
  census SetWeapon_Table=12
  census Possess=12
  census Restart=12
  census SetBrenchChange=8
  census ClientHearSound=8
  census FindPlayerStart=6
  census RatePlayerStart=6
  census SpawnPawn_BD=6
  census GetMrBot=6
  census GetAITeam_BD=6
  census AddPRI=6
  census SetPlayerName=6
  census RestartMRAI=6
  census GetSpawnPosition_BD=6
  census GetItemName=6
  census SetMesh_JW=6
  census LinkMesh=6
  census HeadVolumeChange=6
  census SetMastActor=6
  census IntelligenceSpawn=6
  census BoneRefresh=6
  census InitializeAIMech_JW=6
  census IntelligenceResetTeam_MH=6
  census SetMRAiControllerStarting_JW=6
  census SetAIInfo_JW=6
  census ChangeCollisionSetting_JW=6
  census SetAISkin=6
  census PossessedBy=6
  census ChangeAnimation=6
  census PlayWaiting=6
  census PlayMoving=6
  census BeginState=6
  census ClearTemporaryOrders=6
  census SetMovementPhysics=6
  census ClientSetRotation=6
  census TriggerEvent=6
  census SetRespawnNameTag_BD=6
  census NotifyLanded=6
  census BaseChange=6
  census UpdateSentText=5
  census HasAmmo=5
  census Explode=4
  census SpawnExpEffectNDecal=4
  census EffectIsRelevant=4
  census CheckMaxEffectDistance=4
  census BeyondViewDistance=4
  census AbandonProjector=4
  census EndState=4
  census PlayExpSound=4
  census Fire=4
  census CheckAmmoNChangeClientState=2
  census PlayAnimWithTwinGun=2
  census SetRadialBlur_JB=2
  census SetProjProperty=2
  census StartProj=2
  census GetAIBotCount=1
  census AnimBlendToAlpha=1
  census StartFire=1
  census LogicActionCheck=1
  census ActiveActionCheck=1
  census PlayVibrate=1
  census GetHitLoc=1
  census ServerFireProjectileCenterLoc_MH=1
  census FireProjectileCenterLoc_UJ=1
  census GetSpawnLen=1
  census PlayFireAnim=1
  census SetTimer_UJ=1
  census StartFiring=1
  census AnimBlendParams=1
  census FiringShake_JW=1
  census ShakeView=1
  census InsertCameraEffect_MH=1
  census AddCameraEffect=1
  census StartMoveCross=1
  census ClientFireProjectileCenterLoc_MH=1
  census ConsumeAmmo=1
  census StopFire=1
  census DeleteCameraEffect_MH=1
  census RemoveCameraEffect=1
  census PlayReloadAnim=1
  census ConsoleCommand=1
[2026-09-22T11:00:29.919Z] pid=43172 window_ms=5000 calls=858346 ServerFire=1 ClientFire=1 unresolved=0 distinct_names=233
  census Tick=104779
  census Tick_MH=92148
  census DeltaTimeCheck_JW=80634
  census GetLocalPlayerController=45783
  census GetMastActor=40337
  census IsMeAttackReady=40317
  census AIEMPProcess=40317
  census AIAttackHeadSpinProcess_JW=40317
  census IsMeMoveTargetReady=28800
  census PostRender2D=19399
  census DrawCustomBeacon=16846
  census IsMeGM_BD=10073
  census GetHP_JW=7518
  census DecodeGetPawnHealth_JW=7208
  census PlayerCalcView=7196
  census IsPlayGame_BD=7195
  census LoadFontStatic=7195
  census DoBooster_sh=5760
  census DrawSkillInfo=5756
  census IsSpectating=5756
  census DecodeGetPawnBoosterME_JW=5756
  census DrawSpriteWidget=5756
  census PlayerTick=5756
  census UpdateFlashComponent=5756
  census WeaponTick=4320
  census PostRender=4317
  census DrawEMP_JW=4317
  census GetConsoleFont=4317
  census CheckShake=3441
  census WorldSpaceOverlays=2878
  census CanvasDrawActors=2878
  census DrawHUD=2878
  census RenderOverlays=2878
  census GetMediumFontFor=2878
  census DrawEnemyName=2878
  census DisplayMessages=2878
  census SpawnUnit=2878
  census GetRespawnGroupByIndex=2878
  census GetPhysicsVolume=2878
  census Trace_UJ2=1460
  census IsLocallyControlled=1454
  census GetBoneCoords=1444
  census AttachProjector=1442
  census OrthoRotation=1442
  census ProcessMechColList_JW=1440
  census UpdateShadow=1440
  census DetachProjector=1440
  census PlayBooster=1440
  census CalcBehindView=1440
  census CalcFireCamrot_JW=1440
  census SetAniokNosee_JW=1440
  census CacheCalcView=1440
  census GetAmmoNumKitMax=1440
  census GetAmmoCount=1440
  census ChangeAmmoInfo=1440
  census GetNumLive=1439
  census DrawATnDefLv=1439
  census GetDefaultNumLive=1439
  census BuildMOTD=1439
  census LinkActors=1439
  census CheckEndGame_BD=1439
  census OnHudPostRender_MH=1439
  census Draw3dObjectiveArrow=1439
  census Render=1439
  census UpdateHUD=1439
  census DrawDamageIndicators=1439
  census DrawHudPassA=1439
  census ZoomFadeOut=1439
  census ActiveActionDraw=1439
  census AcquireActionDraw=1439
  census IsIgnoreAction=1439
  census DrawRader_JW=1439
  census DrawRader=1439
  census DrawHudRadarMap=1439
  census DrawHudRadarPawn=1439
  census CalculCrossChangeKitLen=1439
  census CalculHitRate=1439
  census CalculCrossHitRateLen=1439
  census SetCrossDrawColor=1439
  census RendGage=1439
  census DrawHPSP=1439
  census DrawHP_BD=1439
  census DrawHpBoarder_BD=1439
  census DrawHpGauge_BD=1439
  census DrawHpPointGauge_BD=1439
  census DrawHpDigit_JW=1439
  census DrawBoosterGauge_JW=1439
  census DrawPoint_BD=1439
  census DrawRefillAmmo_BD=1439
  census DrawAmmo=1439
  census DrawAmmoKit=1439
  census DrawNum4Texture_YC=1439
  census DrawEventWep=1439
  census DrawBulletCashUI=1439
  census DrawDWeaponNum_JW=1439
  census DrawItemboxExtraTimer_JW=1439
  census DrawGameGuide_BD=1439
  census DrawHudPassB=1439
  census DrawHudPassC=1439
  census DrawCrosshair=1439
  census Trace_UJ=1439
  census DrawHudPassD=1439
  census DisplayLocalMessages=1439
  census DrawWarning_UJ=1439
  census IsLockOn_MH=1439
  census DrawSensi_JW=1439
  census DisplayRecordEventMsg_BD=1439
  census DisplayNoticeMessages_BD=1439
  census DrawETC=1439
  census DrawRadioMsg=1439
  census DrawTextKillMessage=1439
  census DrawRadioMenu_YC=1439
  census PlayNoEngineer=1439
  census Tick_RadioMenu=1439
  census Get_RM_NUM_PRESS=1439
  census DrawKillAnim=1439
  census PostDrawHud=1439
  census DrawTimer=1439
  census DrawTeamScore=1439
  census DrawPveIntro_YC=1439
  census DrawMissionBrief=1439
  census DrawLocalMessage_Sh=1439
  census DrawBrief=1439
  census DrawShortBriefing_BD=1439
  census DrawMsg=1439
  census SetGameSpeed=1439
  census InitializeFor=1439
  census RealTick=1439
  census ProcessPushMoveGMCamera_BD=1439
  census SetTwoSceanFov_JW=1439
  census SetWaterRefraction_JB=1439
  census EventButtonUp_MH=1439
  census DefaultMechTick_MH=1439
  census BoosterTick_MH=1439
  census CalcBoosterTick_JW=1439
  census EncodeSetPawnBoosterME_JW=1439
  census CalcMoveTime_JW=1439
  census ProcessPerVelocity_JW=1439
  census CalcThirdCameraMove_JW=1439
  census HandleWalking=1439
  census SetWalking=1439
  census RawInput=1439
  census PlayerMove=1439
  census CheckBob=1439
  census UpdateRotation=1439
  census LimitPitch=1439
  census ViewShake=1439
  census ViewFlash=1439
  census FaceRotation=1439
  census ProcessMove=1439
  census BoosterEventMoment_JW=1439
  census SetViewPitch=1439
  census ShouldCrouch=1439
  census CheckRevieUser=1439
  census CheckGameHistory=1439
  census UpdateChat=1439
  census GetTeamNum=1436
  census Timer=536
  census UnSecret_UJ=459
  census HitWallMaterial=364
  census PlayFootStep=178
  census FootStepping=178
  census GetRadarInfo=130
  census AnimEnd=109
  census PlayFootStepRight=91
  census PlayFootStepLeft=87
  census UpdatePlayerLocation=65
  census IsActorAttackReady=48
  census Touch=31
  census AIMoveFunc=19
  census GetNodeStruct=19
  census CheckNodeReach=19
  census GetNodeActor=19
  census SetMoveTarget_JW=19
  census SetAttractionState=19
  census SetupGroundSpeed_JW=19
  census SetSpeedNowState=19
  census MoveTo_JW=19
  census PostBeginPlay=18
  census GetRandDefenceActor=14
  census GetTDynamicActor=14
  census PreBeginPlay=12
  census BeginPlay=10
  census ZoneChange=10
  census SetInitialState=8
  census PostNetBeginPlay=8
  census CheckRelevance=6
  census AlwaysKeep=6
  census IsRelevant=6
  census CheckReplacement=6
  census ClientHearSound=6
  census UpdateSentText=5
  census Fire=4
  census HasAmmo=4
  census Destroyed=4
  census AnimBlendToAlpha=2
  census PlayAnimWithTwinGun=2
  census SetRadialBlur_JB=2
  census SetProjProperty=2
  census StartProj=2
  census Explode=2
  census SpawnExpEffectNDecal=2
  census EffectIsRelevant=2
  census CheckMaxEffectDistance=2
  census BeyondViewDistance=2
  census AbandonProjector=2
  census EndState=2
  census PlayExpSound=2
  census GetAIBotCount=1
  census StartFire=1
  census LogicActionCheck=1
  census ActiveActionCheck=1
  census PlayVibrate=1
  census GetHitLoc=1
  census ServerFireProjectileCenterLoc_MH=1
  census FireProjectileCenterLoc_UJ=1
  census GetSpawnLen=1
  census PlayFireAnim=1
  census SetTimer_UJ=1
  census StartFiring=1
  census AnimBlendParams=1
  census FiringShake_JW=1
  census ShakeView=1
  census InsertCameraEffect_MH=1
  census AddCameraEffect=1
  census StartMoveCross=1
  census ClientFireProjectileCenterLoc_MH=1
  census ConsumeAmmo=1
  census StopFire=1
  census DeleteCameraEffect_MH=1
  census RemoveCameraEffect=1
  census PlayReloadAnim=1
  census CheckAmmoNChangeClientState=1
[2026-09-22T11:00:34.919Z] pid=43172 window_ms=5000 calls=860554 ServerFire=0 ClientFire=0 unresolved=0 distinct_names=180
  census Tick=107861
  census Tick_MH=95872
  census DeltaTimeCheck_JW=83888
  census GetMastActor=41964
  census IsMeAttackReady=41944
  census AIEMPProcess=41944
  census AIAttackHeadSpinProcess_JW=41944
  census GetLocalPlayerController=39282
  census IsMeMoveTargetReady=29960
  census PostRender2D=10667
  census IsMeGM_BD=10493
  census DrawCustomBeacon=9168
  census GetHP_JW=7705
  census DecodeGetPawnHealth_JW=7507
  census IsPlayGame_BD=7495
  census LoadFontStatic=7495
  census PlayerCalcView=7494
  census DrawSkillInfo=5996
  census DrawSpriteWidget=5996
  census IsSpectating=5995
  census PlayerTick=5995
  census DecodeGetPawnBoosterME_JW=5994
  census UpdateFlashComponent=5992
  census DoBooster_sh=5992
  census PostRender=4497
  census DrawEMP_JW=4497
  census GetConsoleFont=4497
  census WeaponTick=4494
  census WorldSpaceOverlays=2998
  census CanvasDrawActors=2998
  census DrawHUD=2998
  census RenderOverlays=2998
  census GetMediumFontFor=2998
  census DrawEnemyName=2998
  census DisplayMessages=2998
  census SpawnUnit=2998
  census GetRespawnGroupByIndex=2998
  census GetPhysicsVolume=2996
  census Trace_UJ2=1518
  census GetNumLive=1499
  census DrawATnDefLv=1499
  census GetDefaultNumLive=1499
  census BuildMOTD=1499
  census LinkActors=1499
  census CheckEndGame_BD=1499
  census OnHudPostRender_MH=1499
  census Draw3dObjectiveArrow=1499
  census Render=1499
  census UpdateHUD=1499
  census DrawDamageIndicators=1499
  census DrawHudPassA=1499
  census ZoomFadeOut=1499
  census ActiveActionDraw=1499
  census AcquireActionDraw=1499
  census IsIgnoreAction=1499
  census DrawRader_JW=1499
  census DrawRader=1499
  census DrawHudRadarMap=1499
  census DrawHudRadarPawn=1499
  census CalculCrossChangeKitLen=1499
  census GetAmmoNumKitMax=1499
  census CalculHitRate=1499
  census CalculCrossHitRateLen=1499
  census SetCrossDrawColor=1499
  census RendGage=1499
  census DrawHPSP=1499
  census DrawHP_BD=1499
  census DrawHpBoarder_BD=1499
  census DrawHpGauge_BD=1499
  census DrawHpPointGauge_BD=1499
  census DrawHpDigit_JW=1499
  census DrawBoosterGauge_JW=1499
  census DrawPoint_BD=1499
  census DrawRefillAmmo_BD=1499
  census DrawAmmo=1499
  census GetAmmoCount=1499
  census ChangeAmmoInfo=1499
  census DrawAmmoKit=1499
  census DrawNum4Texture_YC=1499
  census DrawEventWep=1499
  census DrawBulletCashUI=1499
  census DrawDWeaponNum_JW=1499
  census DrawItemboxExtraTimer_JW=1499
  census DrawGameGuide_BD=1499
  census DrawHudPassB=1499
  census DrawHudPassC=1499
  census DrawCrosshair=1499
  census Trace_UJ=1499
  census DrawHudPassD=1499
  census DisplayLocalMessages=1499
  census DrawWarning_UJ=1499
  census IsLockOn_MH=1499
  census DrawSensi_JW=1499
  census DisplayRecordEventMsg_BD=1499
  census DisplayNoticeMessages_BD=1499
  census DrawETC=1499
  census DrawRadioMsg=1499
  census DrawTextKillMessage=1499
  census DrawRadioMenu_YC=1499
  census PlayNoEngineer=1499
  census Tick_RadioMenu=1499
  census Get_RM_NUM_PRESS=1499
  census DrawKillAnim=1499
  census PostDrawHud=1499
  census DrawTimer=1499
  census DrawTeamScore=1499
  census DrawPveIntro_YC=1499
  census DrawMissionBrief=1499
  census DrawLocalMessage_Sh=1499
  census DrawBrief=1499
  census DrawShortBriefing_BD=1499
  census DrawMsg=1499
  census SetGameSpeed=1499
  census InitializeFor=1499
  census RealTick=1499
  census ProcessPushMoveGMCamera_BD=1499
  census SetTwoSceanFov_JW=1499
  census SetWaterRefraction_JB=1498
  census EventButtonUp_MH=1498
  census DefaultMechTick_MH=1498
  census BoosterTick_MH=1498
  census CalcBoosterTick_JW=1498
  census EncodeSetPawnBoosterME_JW=1498
  census CalcMoveTime_JW=1498
  census ProcessPerVelocity_JW=1498
  census CalcThirdCameraMove_JW=1498
  census HandleWalking=1498
  census SetWalking=1498
  census RawInput=1498
  census PlayerMove=1498
  census CheckBob=1498
  census UpdateRotation=1498
  census LimitPitch=1498
  census ViewShake=1498
  census ViewFlash=1498
  census FaceRotation=1498
  census ProcessMove=1498
  census BoosterEventMoment_JW=1498
  census SetViewPitch=1498
  census ShouldCrouch=1498
  census CheckRevieUser=1498
  census CheckGameHistory=1498
  census UpdateChat=1498
  census ProcessMechColList_JW=1498
  census IsLocallyControlled=1498
  census UpdateShadow=1498
  census DetachProjector=1498
  census AttachProjector=1498
  census PlayBooster=1498
  census CalcBehindView=1498
  census CalcFireCamrot_JW=1498
  census SetAniokNosee_JW=1498
  census GetBoneCoords=1498
  census OrthoRotation=1498
  census CacheCalcView=1498
  census GetTeamNum=968
  census Timer=455
  census PlayFootStep=179
  census FootStepping=179
  census GetRadarInfo=120
  census AnimEnd=106
  census PlayFootStepRight=90
  census PlayFootStepLeft=89
  census UpdatePlayerLocation=74
  census IsActorAttackReady=44
  census Touch=30
  census AIMoveFunc=24
  census GetNodeStruct=24
  census CheckNodeReach=24
  census GetNodeActor=24
  census SetMoveTarget_JW=24
  census SetAttractionState=24
  census SetupGroundSpeed_JW=24
  census SetSpeedNowState=24
  census MoveTo_JW=24
  census GetRandDefenceActor=10
  census GetTDynamicActor=10
  census SetBrenchChange=8
  census UpdateSentText=5
  census GetAIBotCount=1
[2026-09-22T11:00:39.920Z] pid=43172 window_ms=5001 calls=891276 ServerFire=0 ClientFire=0 unresolved=0 distinct_names=181
  census Tick=111567
  census Tick_MH=99170
  census DeltaTimeCheck_JW=86771
  census GetMastActor=43406
  census IsMeAttackReady=43386
  census AIEMPProcess=43385
  census AIAttackHeadSpinProcess_JW=43385
  census GetLocalPlayerController=41038
  census IsMeMoveTargetReady=30988
  census PostRender2D=11459
  census IsMeGM_BD=10843
  census DrawCustomBeacon=9910
  census GetHP_JW=7987
  census DecodeGetPawnHealth_JW=7758
  census PlayerCalcView=7745
  census IsPlayGame_BD=7745
  census LoadFontStatic=7745
  census UpdateFlashComponent=6200
  census DoBooster_sh=6200
  census DecodeGetPawnBoosterME_JW=6198
  census PlayerTick=6197
  census IsSpectating=6197
  census DrawSkillInfo=6196
  census DrawSpriteWidget=6196
  census WeaponTick=4650
  census PostRender=4647
  census DrawEMP_JW=4647
  census GetConsoleFont=4647
  census GetPhysicsVolume=3100
  census WorldSpaceOverlays=3098
  census CanvasDrawActors=3098
  census DrawHUD=3098
  census RenderOverlays=3098
  census GetMediumFontFor=3098
  census DrawEnemyName=3098
  census DisplayMessages=3098
  census SpawnUnit=3098
  census GetRespawnGroupByIndex=3098
  census Trace_UJ2=1569
  census SetWaterRefraction_JB=1550
  census EventButtonUp_MH=1550
  census DefaultMechTick_MH=1550
  census BoosterTick_MH=1550
  census CalcBoosterTick_JW=1550
  census EncodeSetPawnBoosterME_JW=1550
  census CalcMoveTime_JW=1550
  census ProcessPerVelocity_JW=1550
  census CalcThirdCameraMove_JW=1550
  census HandleWalking=1550
  census SetWalking=1550
  census RawInput=1550
  census PlayerMove=1550
  census CheckBob=1550
  census UpdateRotation=1550
  census LimitPitch=1550
  census ViewShake=1550
  census ViewFlash=1550
  census FaceRotation=1550
  census ProcessMove=1550
  census BoosterEventMoment_JW=1550
  census SetViewPitch=1550
  census ShouldCrouch=1550
  census CheckRevieUser=1550
  census CheckGameHistory=1550
  census UpdateChat=1550
  census ProcessMechColList_JW=1550
  census IsLocallyControlled=1550
  census UpdateShadow=1550
  census DetachProjector=1550
  census AttachProjector=1550
  census PlayBooster=1550
  census CalcBehindView=1549
  census CalcFireCamrot_JW=1549
  census SetAniokNosee_JW=1549
  census GetBoneCoords=1549
  census OrthoRotation=1549
  census CacheCalcView=1549
  census GetNumLive=1549
  census DrawATnDefLv=1549
  census GetDefaultNumLive=1549
  census BuildMOTD=1549
  census LinkActors=1549
  census CheckEndGame_BD=1549
  census OnHudPostRender_MH=1549
  census Draw3dObjectiveArrow=1549
  census Render=1549
  census UpdateHUD=1549
  census DrawDamageIndicators=1549
  census DrawHudPassA=1549
  census ZoomFadeOut=1549
  census ActiveActionDraw=1549
  census AcquireActionDraw=1549
  census IsIgnoreAction=1549
  census DrawRader_JW=1549
  census DrawRader=1549
  census DrawHudRadarMap=1549
  census DrawHudRadarPawn=1549
  census CalculCrossChangeKitLen=1549
  census GetAmmoNumKitMax=1549
  census CalculHitRate=1549
  census CalculCrossHitRateLen=1549
  census SetCrossDrawColor=1549
  census RendGage=1549
  census DrawHPSP=1549
  census DrawHP_BD=1549
  census DrawHpBoarder_BD=1549
  census DrawHpGauge_BD=1549
  census DrawHpPointGauge_BD=1549
  census DrawHpDigit_JW=1549
  census DrawBoosterGauge_JW=1549
  census DrawPoint_BD=1549
  census DrawRefillAmmo_BD=1549
  census DrawAmmo=1549
  census GetAmmoCount=1549
  census ChangeAmmoInfo=1549
  census DrawAmmoKit=1549
  census DrawNum4Texture_YC=1549
  census DrawEventWep=1549
  census DrawBulletCashUI=1549
  census DrawDWeaponNum_JW=1549
  census DrawItemboxExtraTimer_JW=1549
  census DrawGameGuide_BD=1549
  census DrawHudPassB=1549
  census DrawHudPassC=1549
  census DrawCrosshair=1549
  census Trace_UJ=1549
  census DrawHudPassD=1549
  census DisplayLocalMessages=1549
  census DrawWarning_UJ=1549
  census IsLockOn_MH=1549
  census DrawSensi_JW=1549
  census DisplayRecordEventMsg_BD=1549
  census DisplayNoticeMessages_BD=1549
  census DrawETC=1549
  census DrawRadioMsg=1549
  census DrawTextKillMessage=1549
  census DrawRadioMenu_YC=1549
  census PlayNoEngineer=1549
  census Tick_RadioMenu=1549
  census Get_RM_NUM_PRESS=1549
  census DrawKillAnim=1549
  census PostDrawHud=1549
  census DrawTimer=1549
  census DrawTeamScore=1549
  census DrawPveIntro_YC=1549
  census DrawMissionBrief=1549
  census DrawLocalMessage_Sh=1549
  census DrawBrief=1549
  census DrawShortBriefing_BD=1549
  census DrawMsg=1549
  census SetGameSpeed=1549
  census InitializeFor=1549
  census RealTick=1549
  census ProcessPushMoveGMCamera_BD=1549
  census SetTwoSceanFov_JW=1549
  census GetTeamNum=1108
  census Timer=540
  census PlayFootStep=176
  census FootStepping=176
  census GetRadarInfo=130
  census AnimEnd=105
  census PlayFootStepRight=90
  census PlayFootStepLeft=86
  census UpdatePlayerLocation=70
  census IsActorAttackReady=48
  census Touch=31
  census AIMoveFunc=16
  census GetNodeStruct=16
  census CheckNodeReach=16
  census GetNodeActor=16
  census SetMoveTarget_JW=16
  census SetAttractionState=16
  census SetupGroundSpeed_JW=16
  census SetSpeedNowState=16
  census MoveTo_JW=16
  census GetRandDefenceActor=16
  census GetTDynamicActor=16
  census UpdateSentText=5
  census SetBrenchChange=3
  census GetAIBotCount=1
  census ConsoleCommand=1
[2026-09-22T11:00:44.921Z] pid=43172 window_ms=5001 calls=879209 ServerFire=0 ClientFire=0 unresolved=0 distinct_names=181
  census Tick=108897
  census Tick_MH=96798
  census DeltaTimeCheck_JW=84701
  census GetLocalPlayerController=42995
  census GetMastActor=42370
  census AIEMPProcess=42351
  census AIAttackHeadSpinProcess_JW=42351
  census IsMeAttackReady=42350
  census IsMeMoveTargetReady=30252
  census PostRender2D=14110
  census DrawCustomBeacon=12597
  census IsMeGM_BD=10590
  census GetHP_JW=7865
  census DecodeGetPawnHealth_JW=7577
  census PlayerCalcView=7565
  census IsPlayGame_BD=7565
  census LoadFontStatic=7565
  census DrawSkillInfo=6052
  census DrawSpriteWidget=6052
  census IsSpectating=6051
  census DecodeGetPawnBoosterME_JW=6050
  census PlayerTick=6048
  census UpdateFlashComponent=6048
  census DoBooster_sh=6048
  census PostRender=4539
  census DrawEMP_JW=4539
  census GetConsoleFont=4539
  census WeaponTick=4536
  census WorldSpaceOverlays=3026
  census CanvasDrawActors=3026
  census DrawHUD=3026
  census RenderOverlays=3026
  census GetMediumFontFor=3026
  census DrawEnemyName=3026
  census DisplayMessages=3026
  census SpawnUnit=3026
  census GetRespawnGroupByIndex=3026
  census GetPhysicsVolume=3024
  census Trace_UJ2=1533
  census CalcBehindView=1513
  census CalcFireCamrot_JW=1513
  census SetAniokNosee_JW=1513
  census GetBoneCoords=1513
  census OrthoRotation=1513
  census CacheCalcView=1513
  census GetNumLive=1513
  census DrawATnDefLv=1513
  census GetDefaultNumLive=1513
  census BuildMOTD=1513
  census LinkActors=1513
  census CheckEndGame_BD=1513
  census OnHudPostRender_MH=1513
  census Draw3dObjectiveArrow=1513
  census Render=1513
  census UpdateHUD=1513
  census DrawDamageIndicators=1513
  census DrawHudPassA=1513
  census ZoomFadeOut=1513
  census ActiveActionDraw=1513
  census AcquireActionDraw=1513
  census IsIgnoreAction=1513
  census DrawRader_JW=1513
  census DrawRader=1513
  census DrawHudRadarMap=1513
  census DrawHudRadarPawn=1513
  census CalculCrossChangeKitLen=1513
  census GetAmmoNumKitMax=1513
  census CalculHitRate=1513
  census CalculCrossHitRateLen=1513
  census SetCrossDrawColor=1513
  census RendGage=1513
  census DrawHPSP=1513
  census DrawHP_BD=1513
  census DrawHpBoarder_BD=1513
  census DrawHpGauge_BD=1513
  census DrawHpPointGauge_BD=1513
  census DrawHpDigit_JW=1513
  census DrawBoosterGauge_JW=1513
  census DrawPoint_BD=1513
  census DrawRefillAmmo_BD=1513
  census DrawAmmo=1513
  census GetAmmoCount=1513
  census ChangeAmmoInfo=1513
  census DrawAmmoKit=1513
  census DrawNum4Texture_YC=1513
  census DrawEventWep=1513
  census DrawBulletCashUI=1513
  census DrawDWeaponNum_JW=1513
  census DrawItemboxExtraTimer_JW=1513
  census DrawGameGuide_BD=1513
  census DrawHudPassB=1513
  census DrawHudPassC=1513
  census DrawCrosshair=1513
  census Trace_UJ=1513
  census DrawHudPassD=1513
  census DisplayLocalMessages=1513
  census DrawWarning_UJ=1513
  census IsLockOn_MH=1513
  census DrawSensi_JW=1513
  census DisplayRecordEventMsg_BD=1513
  census DisplayNoticeMessages_BD=1513
  census DrawETC=1513
  census DrawRadioMsg=1513
  census DrawTextKillMessage=1513
  census DrawRadioMenu_YC=1513
  census PlayNoEngineer=1513
  census Tick_RadioMenu=1513
  census Get_RM_NUM_PRESS=1513
  census DrawKillAnim=1513
  census PostDrawHud=1513
  census DrawTimer=1513
  census DrawTeamScore=1513
  census DrawPveIntro_YC=1513
  census DrawMissionBrief=1513
  census DrawLocalMessage_Sh=1513
  census DrawBrief=1513
  census DrawShortBriefing_BD=1513
  census DrawMsg=1513
  census SetGameSpeed=1513
  census InitializeFor=1513
  census RealTick=1512
  census ProcessPushMoveGMCamera_BD=1512
  census SetTwoSceanFov_JW=1512
  census SetWaterRefraction_JB=1512
  census EventButtonUp_MH=1512
  census DefaultMechTick_MH=1512
  census BoosterTick_MH=1512
  census CalcBoosterTick_JW=1512
  census EncodeSetPawnBoosterME_JW=1512
  census CalcMoveTime_JW=1512
  census ProcessPerVelocity_JW=1512
  census CalcThirdCameraMove_JW=1512
  census HandleWalking=1512
  census SetWalking=1512
  census RawInput=1512
  census PlayerMove=1512
  census CheckBob=1512
  census UpdateRotation=1512
  census LimitPitch=1512
  census ViewShake=1512
  census ViewFlash=1512
  census FaceRotation=1512
  census ProcessMove=1512
  census BoosterEventMoment_JW=1512
  census SetViewPitch=1512
  census ShouldCrouch=1512
  census CheckRevieUser=1512
  census CheckGameHistory=1512
  census UpdateChat=1512
  census ProcessMechColList_JW=1512
  census IsLocallyControlled=1512
  census UpdateShadow=1512
  census DetachProjector=1512
  census AttachProjector=1512
  census PlayBooster=1512
  census GetTeamNum=1344
  census Timer=457
  census PlayFootStep=175
  census FootStepping=175
  census GetRadarInfo=120
  census AnimEnd=110
  census PlayFootStepLeft=90
  census PlayFootStepRight=85
  census UpdatePlayerLocation=76
  census IsActorAttackReady=48
  census Touch=23
  census AIMoveFunc=22
  census GetNodeStruct=22
  census CheckNodeReach=22
  census GetNodeActor=22
  census SetMoveTarget_JW=22
  census SetAttractionState=22
  census SetupGroundSpeed_JW=22
  census SetSpeedNowState=22
  census MoveTo_JW=22
  census GetRandDefenceActor=14
  census GetTDynamicActor=14
  census SetBrenchChange=7
  census UpdateSentText=5
  census ConsoleCommand=2
  census GetAIBotCount=1
[2026-09-22T11:00:49.922Z] pid=43172 window_ms=5001 calls=880011 ServerFire=0 ClientFire=0 unresolved=0 distinct_names=180
  census Tick=108427
  census Tick_MH=96384
  census DeltaTimeCheck_JW=84336
  census GetLocalPlayerController=44385
  census GetMastActor=42188
  census IsMeAttackReady=42168
  census AIEMPProcess=42168
  census AIAttackHeadSpinProcess_JW=42168
  census IsMeMoveTargetReady=30120
  census PostRender2D=15646
  census DrawCustomBeacon=14141
  census IsMeGM_BD=10536
  census GetHP_JW=7808
  census DecodeGetPawnHealth_JW=7538
  census PlayerCalcView=7526
  census IsPlayGame_BD=7525
  census LoadFontStatic=7525
  census PlayerTick=6024
  census UpdateFlashComponent=6024
  census DoBooster_sh=6024
  census DecodeGetPawnBoosterME_JW=6022
  census IsSpectating=6021
  census DrawSkillInfo=6020
  census DrawSpriteWidget=6020
  census WeaponTick=4518
  census PostRender=4515
  census DrawEMP_JW=4515
  census GetConsoleFont=4515
  census GetPhysicsVolume=3012
  census WorldSpaceOverlays=3010
  census CanvasDrawActors=3010
  census DrawHUD=3010
  census RenderOverlays=3010
  census GetMediumFontFor=3010
  census DrawEnemyName=3010
  census DisplayMessages=3010
  census SpawnUnit=3010
  census GetRespawnGroupByIndex=3010
  census Trace_UJ2=1526
  census RealTick=1506
  census ProcessPushMoveGMCamera_BD=1506
  census SetTwoSceanFov_JW=1506
  census SetWaterRefraction_JB=1506
  census EventButtonUp_MH=1506
  census DefaultMechTick_MH=1506
  census BoosterTick_MH=1506
  census CalcBoosterTick_JW=1506
  census EncodeSetPawnBoosterME_JW=1506
  census CalcMoveTime_JW=1506
  census ProcessPerVelocity_JW=1506
  census CalcThirdCameraMove_JW=1506
  census HandleWalking=1506
  census SetWalking=1506
  census RawInput=1506
  census PlayerMove=1506
  census CheckBob=1506
  census UpdateRotation=1506
  census LimitPitch=1506
  census ViewShake=1506
  census ViewFlash=1506
  census FaceRotation=1506
  census ProcessMove=1506
  census BoosterEventMoment_JW=1506
  census SetViewPitch=1506
  census ShouldCrouch=1506
  census CheckRevieUser=1506
  census CheckGameHistory=1506
  census UpdateChat=1506
  census ProcessMechColList_JW=1506
  census IsLocallyControlled=1506
  census UpdateShadow=1506
  census DetachProjector=1506
  census AttachProjector=1506
  census PlayBooster=1506
  census CalcBehindView=1506
  census CalcFireCamrot_JW=1506
  census SetAniokNosee_JW=1506
  census GetBoneCoords=1506
  census OrthoRotation=1506
  census CacheCalcView=1506
  census GetNumLive=1505
  census DrawATnDefLv=1505
  census GetDefaultNumLive=1505
  census BuildMOTD=1505
  census LinkActors=1505
  census CheckEndGame_BD=1505
  census OnHudPostRender_MH=1505
  census Draw3dObjectiveArrow=1505
  census Render=1505
  census UpdateHUD=1505
  census DrawDamageIndicators=1505
  census DrawHudPassA=1505
  census ZoomFadeOut=1505
  census ActiveActionDraw=1505
  census AcquireActionDraw=1505
  census IsIgnoreAction=1505
  census DrawRader_JW=1505
  census DrawRader=1505
  census DrawHudRadarMap=1505
  census DrawHudRadarPawn=1505
  census CalculCrossChangeKitLen=1505
  census GetAmmoNumKitMax=1505
  census CalculHitRate=1505
  census CalculCrossHitRateLen=1505
  census SetCrossDrawColor=1505
  census RendGage=1505
  census DrawHPSP=1505
  census DrawHP_BD=1505
  census DrawHpBoarder_BD=1505
  census DrawHpGauge_BD=1505
  census DrawHpPointGauge_BD=1505
  census DrawHpDigit_JW=1505
  census DrawBoosterGauge_JW=1505
  census DrawPoint_BD=1505
  census DrawRefillAmmo_BD=1505
  census DrawAmmo=1505
  census GetAmmoCount=1505
  census ChangeAmmoInfo=1505
  census DrawAmmoKit=1505
  census DrawNum4Texture_YC=1505
  census DrawEventWep=1505
  census DrawBulletCashUI=1505
  census DrawDWeaponNum_JW=1505
  census DrawItemboxExtraTimer_JW=1505
  census DrawGameGuide_BD=1505
  census DrawHudPassB=1505
  census DrawHudPassC=1505
  census DrawCrosshair=1505
  census Trace_UJ=1505
  census DrawHudPassD=1505
  census DisplayLocalMessages=1505
  census DrawWarning_UJ=1505
  census IsLockOn_MH=1505
  census DrawSensi_JW=1505
  census DisplayRecordEventMsg_BD=1505
  census DisplayNoticeMessages_BD=1505
  census DrawETC=1505
  census DrawRadioMsg=1505
  census DrawTextKillMessage=1505
  census DrawRadioMenu_YC=1505
  census PlayNoEngineer=1505
  census Tick_RadioMenu=1505
  census Get_RM_NUM_PRESS=1505
  census DrawKillAnim=1505
  census PostDrawHud=1505
  census DrawTimer=1505
  census DrawTeamScore=1505
  census DrawPveIntro_YC=1505
  census DrawMissionBrief=1505
  census DrawLocalMessage_Sh=1505
  census DrawBrief=1505
  census DrawShortBriefing_BD=1505
  census DrawMsg=1505
  census SetGameSpeed=1505
  census InitializeFor=1505
  census GetTeamNum=1256
  census Timer=541
  census PlayFootStep=177
  census FootStepping=177
  census GetRadarInfo=130
  census AnimEnd=108
  census PlayFootStepRight=89
  census PlayFootStepLeft=88
  census UpdatePlayerLocation=71
  census IsActorAttackReady=44
  census Touch=25
  census AIMoveFunc=24
  census GetNodeStruct=24
  census CheckNodeReach=24
  census GetNodeActor=24
  census SetMoveTarget_JW=24
  census SetAttractionState=24
  census SetupGroundSpeed_JW=24
  census SetSpeedNowState=24
  census MoveTo_JW=24
  census GetRandDefenceActor=10
  census GetTDynamicActor=10
  census SetBrenchChange=7
  census UpdateSentText=5
  census GetAIBotCount=1
[2026-09-22T11:00:54.923Z] pid=43172 window_ms=5001 calls=880828 ServerFire=0 ClientFire=0 unresolved=0 distinct_names=180
  census Tick=110453
  census Tick_MH=98176
  census DeltaTimeCheck_JW=85904
  census GetMastActor=42972
  census IsMeAttackReady=42952
  census AIEMPProcess=42952
  census AIAttackHeadSpinProcess_JW=42952
  census GetLocalPlayerController=40048
  census IsMeMoveTargetReady=30680
  census PostRender2D=10745
  census IsMeGM_BD=10744
  census DrawCustomBeacon=9210
  census GetHP_JW=7921
  census DecodeGetPawnHealth_JW=7687
  census IsPlayGame_BD=7675
  census LoadFontStatic=7675
  census PlayerCalcView=7674
  census DrawSkillInfo=6140
  census DrawSpriteWidget=6140
  census IsSpectating=6139
  census DecodeGetPawnBoosterME_JW=6138
  census PlayerTick=6136
  census UpdateFlashComponent=6136
  census DoBooster_sh=6136
  census PostRender=4605
  census DrawEMP_JW=4605
  census GetConsoleFont=4605
  census WeaponTick=4602
  census WorldSpaceOverlays=3070
  census CanvasDrawActors=3070
  census DrawHUD=3070
  census RenderOverlays=3070
  census GetMediumFontFor=3070
  census DrawEnemyName=3070
  census DisplayMessages=3070
  census SpawnUnit=3070
  census GetRespawnGroupByIndex=3070
  census GetPhysicsVolume=3068
  census Trace_UJ2=1554
  census GetNumLive=1535
  census DrawATnDefLv=1535
  census GetDefaultNumLive=1535
  census BuildMOTD=1535
  census LinkActors=1535
  census CheckEndGame_BD=1535
  census OnHudPostRender_MH=1535
  census Draw3dObjectiveArrow=1535
  census Render=1535
  census UpdateHUD=1535
  census DrawDamageIndicators=1535
  census DrawHudPassA=1535
  census ZoomFadeOut=1535
  census ActiveActionDraw=1535
  census AcquireActionDraw=1535
  census IsIgnoreAction=1535
  census DrawRader_JW=1535
  census DrawRader=1535
  census DrawHudRadarMap=1535
  census DrawHudRadarPawn=1535
  census CalculCrossChangeKitLen=1535
  census GetAmmoNumKitMax=1535
  census CalculHitRate=1535
  census CalculCrossHitRateLen=1535
  census SetCrossDrawColor=1535
  census RendGage=1535
  census DrawHPSP=1535
  census DrawHP_BD=1535
  census DrawHpBoarder_BD=1535
  census DrawHpGauge_BD=1535
  census DrawHpPointGauge_BD=1535
  census DrawHpDigit_JW=1535
  census DrawBoosterGauge_JW=1535
  census DrawPoint_BD=1535
  census DrawRefillAmmo_BD=1535
  census DrawAmmo=1535
  census GetAmmoCount=1535
  census ChangeAmmoInfo=1535
  census DrawAmmoKit=1535
  census DrawNum4Texture_YC=1535
  census DrawEventWep=1535
  census DrawBulletCashUI=1535
  census DrawDWeaponNum_JW=1535
  census DrawItemboxExtraTimer_JW=1535
  census DrawGameGuide_BD=1535
  census DrawHudPassB=1535
  census DrawHudPassC=1535
  census DrawCrosshair=1535
  census Trace_UJ=1535
  census DrawHudPassD=1535
  census DisplayLocalMessages=1535
  census DrawWarning_UJ=1535
  census IsLockOn_MH=1535
  census DrawSensi_JW=1535
  census DisplayRecordEventMsg_BD=1535
  census DisplayNoticeMessages_BD=1535
  census DrawETC=1535
  census DrawRadioMsg=1535
  census DrawTextKillMessage=1535
  census DrawRadioMenu_YC=1535
  census PlayNoEngineer=1535
  census Tick_RadioMenu=1535
  census Get_RM_NUM_PRESS=1535
  census DrawKillAnim=1535
  census PostDrawHud=1535
  census DrawTimer=1535
  census DrawTeamScore=1535
  census DrawPveIntro_YC=1535
  census DrawMissionBrief=1535
  census DrawLocalMessage_Sh=1535
  census DrawBrief=1535
  census DrawShortBriefing_BD=1535
  census DrawMsg=1535
  census SetGameSpeed=1535
  census InitializeFor=1535
  census RealTick=1534
  census ProcessPushMoveGMCamera_BD=1534
  census SetTwoSceanFov_JW=1534
  census SetWaterRefraction_JB=1534
  census EventButtonUp_MH=1534
  census DefaultMechTick_MH=1534
  census BoosterTick_MH=1534
  census CalcBoosterTick_JW=1534
  census EncodeSetPawnBoosterME_JW=1534
  census CalcMoveTime_JW=1534
  census ProcessPerVelocity_JW=1534
  census CalcThirdCameraMove_JW=1534
  census HandleWalking=1534
  census SetWalking=1534
  census RawInput=1534
  census PlayerMove=1534
  census CheckBob=1534
  census UpdateRotation=1534
  census LimitPitch=1534
  census ViewShake=1534
  census ViewFlash=1534
  census FaceRotation=1534
  census ProcessMove=1534
  census BoosterEventMoment_JW=1534
  census SetViewPitch=1534
  census ShouldCrouch=1534
  census CheckRevieUser=1534
  census CheckGameHistory=1534
  census UpdateChat=1534
  census ProcessMechColList_JW=1534
  census IsLocallyControlled=1534
  census UpdateShadow=1534
  census DetachProjector=1534
  census AttachProjector=1534
  census PlayBooster=1534
  census CalcBehindView=1534
  census CalcFireCamrot_JW=1534
  census SetAniokNosee_JW=1534
  census GetBoneCoords=1534
  census OrthoRotation=1534
  census CacheCalcView=1534
  census GetTeamNum=1128
  census Timer=451
  census PlayFootStep=177
  census FootStepping=177
  census GetRadarInfo=120
  census AnimEnd=103
  census PlayFootStepLeft=89
  census PlayFootStepRight=88
  census UpdatePlayerLocation=70
  census Touch=50
  census IsActorAttackReady=48
  census AIMoveFunc=23
  census GetNodeStruct=23
  census CheckNodeReach=23
  census GetNodeActor=23
  census SetMoveTarget_JW=23
  census SetAttractionState=23
  census SetupGroundSpeed_JW=23
  census SetSpeedNowState=23
  census MoveTo_JW=23
  census GetRandDefenceActor=16
  census GetTDynamicActor=16
  census SetBrenchChange=9
  census UpdateSentText=5
  census GetAIBotCount=1
[2026-09-22T11:00:59.923Z] pid=43172 window_ms=5000 calls=938027 ServerFire=0 ClientFire=0 unresolved=0 distinct_names=236
  census Tick=121007
  census Tick_MH=109332
  census DeltaTimeCheck_JW=97652
  census GetMastActor=48854
  census IsMeAttackReady=48826
  census AIEMPProcess=48826
  census AIAttackHeadSpinProcess_JW=48826
  census GetLocalPlayerController=42381
  census IsMeMoveTargetReady=37146
  census PostRender2D=14487
  census DrawCustomBeacon=13027
  census IsMeGM_BD=10218
  census GetHP_JW=7631
  census DecodeGetPawnHealth_JW=7311
  census PlayerCalcView=7299
  census IsPlayGame_BD=7297
  census LoadFontStatic=7295
  census PlayerTick=5840
  census UpdateFlashComponent=5840
  census DoBooster_sh=5840
  census DrawSkillInfo=5840
  census IsSpectating=5839
  census DecodeGetPawnBoosterME_JW=5838
  census DrawSpriteWidget=5836
  census WeaponTick=4380
  census PostRender=4380
  census DrawEMP_JW=4379
  census GetConsoleFont=4377
  census GetPhysicsVolume=2920
  census WorldSpaceOverlays=2920
  census CanvasDrawActors=2920
  census DrawHUD=2920
  census RenderOverlays=2919
  census GetMediumFontFor=2918
  census DrawEnemyName=2918
  census DisplayMessages=2918
  census SpawnUnit=1800
  census GetRespawnGroupByIndex=1800
  census Trace_UJ2=1488
  census GetTeamNum=1472
  census RealTick=1460
  census ProcessPushMoveGMCamera_BD=1460
  census SetTwoSceanFov_JW=1460
  census SetWaterRefraction_JB=1460
  census EventButtonUp_MH=1460
  census DefaultMechTick_MH=1460
  census BoosterTick_MH=1460
  census CalcBoosterTick_JW=1460
  census EncodeSetPawnBoosterME_JW=1460
  census CalcMoveTime_JW=1460
  census ProcessPerVelocity_JW=1460
  census CalcThirdCameraMove_JW=1460
  census HandleWalking=1460
  census SetWalking=1460
  census RawInput=1460
  census PlayerMove=1460
  census CheckBob=1460
  census UpdateRotation=1460
  census LimitPitch=1460
  census ViewShake=1460
  census ViewFlash=1460
  census FaceRotation=1460
  census ProcessMove=1460
  census BoosterEventMoment_JW=1460
  census SetViewPitch=1460
  census ShouldCrouch=1460
  census CheckRevieUser=1460
  census CheckGameHistory=1460
  census UpdateChat=1460
  census ProcessMechColList_JW=1460
  census IsLocallyControlled=1460
  census UpdateShadow=1460
  census DetachProjector=1460
  census AttachProjector=1460
  census PlayBooster=1460
  census CalcBehindView=1460
  census CalcFireCamrot_JW=1460
  census SetAniokNosee_JW=1460
  census GetBoneCoords=1460
  census OrthoRotation=1460
  census CacheCalcView=1460
  census GetNumLive=1460
  census DrawATnDefLv=1460
  census GetDefaultNumLive=1460
  census BuildMOTD=1460
  census LinkActors=1460
  census CheckEndGame_BD=1460
  census OnHudPostRender_MH=1460
  census Draw3dObjectiveArrow=1460
  census Render=1460
  census UpdateHUD=1460
  census DrawDamageIndicators=1460
  census DrawHudPassA=1460
  census ZoomFadeOut=1460
  census ActiveActionDraw=1460
  census AcquireActionDraw=1460
  census IsIgnoreAction=1460
  census DrawRader_JW=1460
  census DrawRader=1460
  census DrawHudRadarMap=1460
  census DrawHudRadarPawn=1460
  census CalculCrossChangeKitLen=1460
  census GetAmmoNumKitMax=1460
  census CalculHitRate=1460
  census CalculCrossHitRateLen=1460
  census SetCrossDrawColor=1460
  census RendGage=1460
  census DrawHPSP=1460
  census DrawHP_BD=1460
  census DrawHpBoarder_BD=1460
  census DrawHpGauge_BD=1459
  census DrawHpPointGauge_BD=1459
  census DrawHpDigit_JW=1459
  census DrawBoosterGauge_JW=1459
  census DrawPoint_BD=1459
  census DrawRefillAmmo_BD=1459
  census DrawAmmo=1459
  census GetAmmoCount=1459
  census ChangeAmmoInfo=1459
  census DrawAmmoKit=1459
  census DrawNum4Texture_YC=1459
  census DrawEventWep=1459
  census DrawBulletCashUI=1459
  census DrawDWeaponNum_JW=1459
  census DrawItemboxExtraTimer_JW=1459
  census DrawGameGuide_BD=1459
  census DrawHudPassB=1459
  census DrawHudPassC=1459
  census DrawCrosshair=1459
  census Trace_UJ=1459
  census DrawHudPassD=1459
  census DisplayLocalMessages=1459
  census DrawWarning_UJ=1459
  census IsLockOn_MH=1459
  census DrawSensi_JW=1459
  census DisplayRecordEventMsg_BD=1459
  census DisplayNoticeMessages_BD=1459
  census DrawETC=1459
  census DrawRadioMsg=1459
  census DrawTextKillMessage=1459
  census DrawRadioMenu_YC=1459
  census PlayNoEngineer=1459
  census Tick_RadioMenu=1459
  census Get_RM_NUM_PRESS=1459
  census DrawKillAnim=1459
  census PostDrawHud=1459
  census DrawTimer=1459
  census DrawTeamScore=1459
  census DrawPveIntro_YC=1459
  census DrawMissionBrief=1459
  census DrawLocalMessage_Sh=1459
  census DrawBrief=1459
  census DrawShortBriefing_BD=1459
  census DrawMsg=1459
  census SetGameSpeed=1459
  census InitializeFor=1459
  census Timer=565
  census PlayFootStep=214
  census FootStepping=214
  census GetRadarInfo=130
  census AnimEnd=127
  census PlayFootStepRight=108
  census PlayFootStepLeft=106
  census UpdatePlayerLocation=95
  census PreBeginPlay=88
  census PostBeginPlay=88
  census DynamicLoadObject=80
  census Touch=63
  census IsActorAttackReady=60
  census PostNetBeginPlay=56
  census CheckRelevance=48
  census AlwaysKeep=48
  census IsRelevant=48
  census CheckReplacement=48
  census BeginPlay=48
  census ZoneChange=48
  census SetInitialState=48
  census GetNodeActor=29
  census SetMoveTarget_JW=29
  census SetupGroundSpeed_JW=29
  census SetSpeedNowState=29
  census MoveTo_JW=29
  census AIMoveFunc=21
  census GetNodeStruct=21
  census CheckNodeReach=21
  census SetAttractionState=21
  census InitPlayerReplicationInfo=16
  census CreateIntelligence=16
  census SetTeam=16
  census SetWeapon_Table=16
  census Possess=16
  census Restart=16
  census GetRandDefenceActor=14
  census GetTDynamicActor=14
  census FindPlayerStart=8
  census RatePlayerStart=8
  census SpawnPawn_BD=8
  census GetMrBot=8
  census GetAITeam_BD=8
  census AddPRI=8
  census SetPlayerName=8
  census RestartMRAI=8
  census GetSpawnPosition_BD=8
  census GetItemName=8
  census SetMesh_JW=8
  census LinkMesh=8
  census HeadVolumeChange=8
  census SetMastActor=8
  census IntelligenceSpawn=8
  census BoneRefresh=8
  census InitializeAIMech_JW=8
  census IntelligenceResetTeam_MH=8
  census SetMRAiControllerStarting_JW=8
  census SetAIInfo_JW=8
  census ChangeCollisionSetting_JW=8
  census Destroyed=8
  census SetAISkin=8
  census PossessedBy=8
  census ChangeAnimation=8
  census PlayWaiting=8
  census PlayMoving=8
  census BeginState=8
  census ClearTemporaryOrders=8
  census SetMovementPhysics=8
  census ClientSetRotation=8
  census TriggerEvent=8
  census SetRespawnNameTag_BD=8
  census NotifyLanded=8
  census Landed=8
  census PlayLanded=8
  census TakeFallingDamage=8
  census BaseChange=8
  census UpdateSentText=5
  census SetBrenchChange=2
  census GetAIBotCount=1
  census ConsoleCommand=1
[2026-09-22T11:01:04.923Z] pid=43172 window_ms=5000 calls=956318 ServerFire=0 ClientFire=0 unresolved=0 distinct_names=189
  census Tick=126813
  census Tick_MH=115280
  census DeltaTimeCheck_JW=103752
  census GetMastActor=51904
  census IsMeAttackReady=51876
  census AIEMPProcess=51876
  census AIAttackHeadSpinProcess_JW=51876
  census IsMeMoveTargetReady=40348
  census GetLocalPlayerController=39979
  census PostRender2D=12430
  census DrawCustomBeacon=10989
  census IsMeGM_BD=10090
  census GetHP_JW=7459
  census DecodeGetPawnHealth_JW=7219
  census LoadFontStatic=7210
  census IsPlayGame_BD=7208
  census PlayerCalcView=7206
  census DrawSpriteWidget=5768
  census PlayerTick=5767
  census DecodeGetPawnBoosterME_JW=5766
  census IsSpectating=5765
  census UpdateFlashComponent=5764
  census DoBooster_sh=5764
  census DrawSkillInfo=5764
  census GetConsoleFont=4326
  census DrawEMP_JW=4324
  census WeaponTick=4323
  census PostRender=4323
  census GetMediumFontFor=2884
  census DrawEnemyName=2884
  census DisplayMessages=2884
  census RenderOverlays=2883
  census GetPhysicsVolume=2882
  census WorldSpaceOverlays=2882
  census CanvasDrawActors=2882
  census DrawHUD=2882
  census Trace_UJ2=1469
  census Trace_UJ=1466
  census DrawHpGauge_BD=1442
  census DrawHpPointGauge_BD=1442
  census DrawHpDigit_JW=1442
  census DrawBoosterGauge_JW=1442
  census DrawPoint_BD=1442
  census DrawRefillAmmo_BD=1442
  census DrawAmmo=1442
  census GetAmmoCount=1442
  census ChangeAmmoInfo=1442
  census DrawAmmoKit=1442
  census DrawNum4Texture_YC=1442
  census DrawEventWep=1442
  census DrawBulletCashUI=1442
  census DrawDWeaponNum_JW=1442
  census DrawItemboxExtraTimer_JW=1442
  census DrawGameGuide_BD=1442
  census DrawHudPassB=1442
  census DrawHudPassC=1442
  census DrawCrosshair=1442
  census DrawHudPassD=1442
  census DisplayLocalMessages=1442
  census DrawWarning_UJ=1442
  census IsLockOn_MH=1442
  census DrawSensi_JW=1442
  census DisplayRecordEventMsg_BD=1442
  census DisplayNoticeMessages_BD=1442
  census DrawETC=1442
  census DrawRadioMsg=1442
  census DrawTextKillMessage=1442
  census DrawRadioMenu_YC=1442
  census PlayNoEngineer=1442
  census Tick_RadioMenu=1442
  census Get_RM_NUM_PRESS=1442
  census DrawKillAnim=1442
  census PostDrawHud=1442
  census DrawTimer=1442
  census DrawTeamScore=1442
  census DrawPveIntro_YC=1442
  census DrawMissionBrief=1442
  census DrawLocalMessage_Sh=1442
  census DrawBrief=1442
  census DrawShortBriefing_BD=1442
  census DrawMsg=1442
  census SetGameSpeed=1442
  census InitializeFor=1442
  census RealTick=1442
  census ProcessPushMoveGMCamera_BD=1442
  census SetTwoSceanFov_JW=1442
  census SetWaterRefraction_JB=1441
  census EventButtonUp_MH=1441
  census DefaultMechTick_MH=1441
  census BoosterTick_MH=1441
  census CalcBoosterTick_JW=1441
  census EncodeSetPawnBoosterME_JW=1441
  census CalcMoveTime_JW=1441
  census ProcessPerVelocity_JW=1441
  census CalcThirdCameraMove_JW=1441
  census HandleWalking=1441
  census SetWalking=1441
  census RawInput=1441
  census PlayerMove=1441
  census CheckBob=1441
  census UpdateRotation=1441
  census LimitPitch=1441
  census ViewShake=1441
  census ViewFlash=1441
  census FaceRotation=1441
  census ProcessMove=1441
  census BoosterEventMoment_JW=1441
  census SetViewPitch=1441
  census ShouldCrouch=1441
  census CheckRevieUser=1441
  census CheckGameHistory=1441
  census UpdateChat=1441
  census ProcessMechColList_JW=1441
  census IsLocallyControlled=1441
  census UpdateShadow=1441
  census DetachProjector=1441
  census AttachProjector=1441
  census PlayBooster=1441
  census CalcBehindView=1441
  census CalcFireCamrot_JW=1441
  census SetAniokNosee_JW=1441
  census GetBoneCoords=1441
  census OrthoRotation=1441
  census CacheCalcView=1441
  census GetNumLive=1441
  census DrawATnDefLv=1441
  census GetDefaultNumLive=1441
  census BuildMOTD=1441
  census LinkActors=1441
  census CheckEndGame_BD=1441
  census OnHudPostRender_MH=1441
  census Draw3dObjectiveArrow=1441
  census Render=1441
  census UpdateHUD=1441
  census DrawDamageIndicators=1441
  census DrawHudPassA=1441
  census ZoomFadeOut=1441
  census ActiveActionDraw=1441
  census AcquireActionDraw=1441
  census IsIgnoreAction=1441
  census DrawRader_JW=1441
  census DrawRader=1441
  census DrawHudRadarMap=1441
  census DrawHudRadarPawn=1441
  census CalculCrossChangeKitLen=1441
  census GetAmmoNumKitMax=1441
  census CalculHitRate=1441
  census CalculCrossHitRateLen=1441
  census SetCrossDrawColor=1441
  census RendGage=1441
  census DrawHPSP=1441
  census DrawHP_BD=1441
  census DrawHpBoarder_BD=1441
  census GetTeamNum=1192
  census Timer=560
  census PlayFootStep=240
  census FootStepping=240
  census AnimEnd=149
  census PlayFootStepRight=122
  census GetRadarInfo=120
  census PlayFootStepLeft=118
  census UpdatePlayerLocation=91
  census IsActorAttackReady=58
  census SetMoveTarget_JW=42
  census SetAttractionState=42
  census SetupGroundSpeed_JW=42
  census SetSpeedNowState=42
  census MoveTo_JW=42
  census Touch=41
  census AIMoveFunc=26
  census GetNodeStruct=26
  census CheckNodeReach=26
  census GetNodeActor=26
  census GetNearestSupportNode=24
  census NotifyHitWall=20
  census BaseChange=16
  census DoFindUsefulSupportNodeMove=16
  census NewFindUsefulSupportNode=16
  census GetRandDefenceActor=10
  census GetTDynamicActor=10
  census SwapSupportNodeList=8
  census UpdateSentText=5
  census SetBrenchChange=5
  census StartCrouch=4
  census Falling=2
  census SetFall=2
  census NotifyLanded=2
  census EndCrouch=2
  census GetAIBotCount=1
[2026-09-22T11:01:09.923Z] pid=43172 window_ms=5000 calls=1010487 ServerFire=0 ClientFire=0 unresolved=0 distinct_names=186
  census Tick=137699
  census Tick_MH=125183
  census DeltaTimeCheck_JW=112662
  census GetMastActor=56359
  census IsMeAttackReady=56331
  census AIEMPProcess=56331
  census AIAttackHeadSpinProcess_JW=56331
  census IsMeMoveTargetReady=43811
  census GetLocalPlayerController=34203
  census IsMeGM_BD=10948
  census GetHP_JW=8131
  census DecodeGetPawnHealth_JW=7833
  census PlayerCalcView=7820
  census IsPlayGame_BD=7820
  census LoadFontStatic=7820
  census UpdateFlashComponent=6260
  census DoBooster_sh=6260
  census DecodeGetPawnBoosterME_JW=6258
  census PlayerTick=6257
  census IsSpectating=6257
  census DrawSkillInfo=6256
  census DrawSpriteWidget=6256
  census WeaponTick=4695
  census PostRender=4692
  census DrawEMP_JW=4692
  census GetConsoleFont=4692
  census PostRender2D=4319
  census GetPhysicsVolume=3130
  census WorldSpaceOverlays=3128
  census CanvasDrawActors=3128
  census DrawHUD=3128
  census RenderOverlays=3128
  census GetMediumFontFor=3128
  census DrawEnemyName=3128
  census DisplayMessages=3128
  census DrawCustomBeacon=2755
  census Trace_UJ2=1592
  census Trace_UJ=1567
  census SetWaterRefraction_JB=1565
  census EventButtonUp_MH=1565
  census DefaultMechTick_MH=1565
  census BoosterTick_MH=1565
  census CalcBoosterTick_JW=1565
  census EncodeSetPawnBoosterME_JW=1565
  census CalcMoveTime_JW=1565
  census ProcessPerVelocity_JW=1565
  census CalcThirdCameraMove_JW=1565
  census HandleWalking=1565
  census SetWalking=1565
  census RawInput=1565
  census PlayerMove=1565
  census CheckBob=1565
  census UpdateRotation=1565
  census LimitPitch=1565
  census ViewShake=1565
  census ViewFlash=1565
  census FaceRotation=1565
  census ProcessMove=1565
  census BoosterEventMoment_JW=1565
  census SetViewPitch=1565
  census ShouldCrouch=1565
  census CheckRevieUser=1565
  census CheckGameHistory=1565
  census UpdateChat=1565
  census ProcessMechColList_JW=1565
  census IsLocallyControlled=1565
  census UpdateShadow=1565
  census DetachProjector=1565
  census AttachProjector=1565
  census PlayBooster=1565
  census CalcBehindView=1564
  census CalcFireCamrot_JW=1564
  census SetAniokNosee_JW=1564
  census GetBoneCoords=1564
  census OrthoRotation=1564
  census CacheCalcView=1564
  census GetNumLive=1564
  census DrawATnDefLv=1564
  census GetDefaultNumLive=1564
  census BuildMOTD=1564
  census LinkActors=1564
  census CheckEndGame_BD=1564
  census OnHudPostRender_MH=1564
  census Draw3dObjectiveArrow=1564
  census Render=1564
  census UpdateHUD=1564
  census DrawDamageIndicators=1564
  census DrawHudPassA=1564
  census ZoomFadeOut=1564
  census ActiveActionDraw=1564
  census AcquireActionDraw=1564
  census IsIgnoreAction=1564
  census DrawRader_JW=1564
  census DrawRader=1564
  census DrawHudRadarMap=1564
  census DrawHudRadarPawn=1564
  census CalculCrossChangeKitLen=1564
  census GetAmmoNumKitMax=1564
  census CalculHitRate=1564
  census CalculCrossHitRateLen=1564
  census SetCrossDrawColor=1564
  census RendGage=1564
  census DrawHPSP=1564
  census DrawHP_BD=1564
  census DrawHpBoarder_BD=1564
  census DrawHpGauge_BD=1564
  census DrawHpPointGauge_BD=1564
  census DrawHpDigit_JW=1564
  census DrawBoosterGauge_JW=1564
  census DrawPoint_BD=1564
  census DrawRefillAmmo_BD=1564
  census DrawAmmo=1564
  census GetAmmoCount=1564
  census ChangeAmmoInfo=1564
  census DrawAmmoKit=1564
  census DrawNum4Texture_YC=1564
  census DrawEventWep=1564
  census DrawBulletCashUI=1564
  census DrawDWeaponNum_JW=1564
  census DrawItemboxExtraTimer_JW=1564
  census DrawGameGuide_BD=1564
  census DrawHudPassB=1564
  census DrawHudPassC=1564
  census DrawCrosshair=1564
  census DrawHudPassD=1564
  census DisplayLocalMessages=1564
  census DrawWarning_UJ=1564
  census IsLockOn_MH=1564
  census DrawSensi_JW=1564
  census DisplayRecordEventMsg_BD=1564
  census DisplayNoticeMessages_BD=1564
  census DrawETC=1564
  census DrawRadioMsg=1564
  census DrawTextKillMessage=1564
  census DrawRadioMenu_YC=1564
  census PlayNoEngineer=1564
  census Tick_RadioMenu=1564
  census Get_RM_NUM_PRESS=1564
  census DrawKillAnim=1564
  census PostDrawHud=1564
  census DrawTimer=1564
  census DrawTeamScore=1564
  census DrawPveIntro_YC=1564
  census DrawMissionBrief=1564
  census DrawLocalMessage_Sh=1564
  census DrawBrief=1564
  census DrawShortBriefing_BD=1564
  census DrawMsg=1564
  census SetGameSpeed=1564
  census InitializeFor=1564
  census RealTick=1564
  census ProcessPushMoveGMCamera_BD=1564
  census SetTwoSceanFov_JW=1564
  census GetTeamNum=1432
  census Timer=476
  census PlayFootStep=227
  census FootStepping=227
  census AnimEnd=130
  census GetRadarInfo=130
  census PlayFootStepRight=114
  census PlayFootStepLeft=113
  census UpdatePlayerLocation=94
  census Touch=88
  census IsActorAttackReady=60
  census SetMoveTarget_JW=32
  census SetAttractionState=32
  census SetupGroundSpeed_JW=32
  census SetSpeedNowState=32
  census MoveTo_JW=32
  census GetNodeActor=29
  census AIMoveFunc=25
  census GetNodeStruct=25
  census CheckNodeReach=25
  census NotifyHitWall=23
  census EndCrouch=20
  census StartCrouch=20
  census GetRandDefenceActor=16
  census GetTDynamicActor=16
  census SetBrenchChange=9
  census UpdateSentText=5
  census AIMoveFunc_BreakWay=4
  census DoFindUsefulSupportNodeMove=3
  census NewFindUsefulSupportNode=3
  census GetNearestSupportNode=3
  census GetAIBotCount=1
  census ConsoleCommand=1
[2026-09-22T11:01:14.923Z] pid=43172 window_ms=5000 calls=971147 ServerFire=0 ClientFire=0 unresolved=0 distinct_names=182
  census Tick=128760
  census Tick_MH=117057
  census DeltaTimeCheck_JW=105354
  census GetMastActor=52705
  census IsMeAttackReady=52677
  census AIEMPProcess=52677
  census AIAttackHeadSpinProcess_JW=52677
  census IsMeMoveTargetReady=40973
  census GetLocalPlayerController=40598
  census PostRender2D=12623
  census DrawCustomBeacon=11159
  census IsMeGM_BD=10246
  census GetHP_JW=7640
  census DecodeGetPawnHealth_JW=7332
  census PlayerCalcView=7320
  census IsPlayGame_BD=7320
  census LoadFontStatic=7320
  census DrawSkillInfo=5856
  census DrawSpriteWidget=5856
  census IsSpectating=5855
  census DecodeGetPawnBoosterME_JW=5854
  census PlayerTick=5852
  census UpdateFlashComponent=5852
  census DoBooster_sh=5852
  census PostRender=4392
  census DrawEMP_JW=4392
  census GetConsoleFont=4392
  census WeaponTick=4389
  census WorldSpaceOverlays=2928
  census CanvasDrawActors=2928
  census DrawHUD=2928
  census GetMediumFontFor=2928
  census DrawEnemyName=2928
  census DisplayMessages=2928
  census RenderOverlays=2927
  census GetPhysicsVolume=2926
  census Trace_UJ2=1492
  census GetTeamNum=1480
  census CalcBehindView=1464
  census CalcFireCamrot_JW=1464
  census SetAniokNosee_JW=1464
  census GetBoneCoords=1464
  census OrthoRotation=1464
  census CacheCalcView=1464
  census GetNumLive=1464
  census DrawATnDefLv=1464
  census GetDefaultNumLive=1464
  census BuildMOTD=1464
  census LinkActors=1464
  census CheckEndGame_BD=1464
  census OnHudPostRender_MH=1464
  census Draw3dObjectiveArrow=1464
  census Render=1464
  census UpdateHUD=1464
  census DrawDamageIndicators=1464
  census DrawHudPassA=1464
  census ZoomFadeOut=1464
  census ActiveActionDraw=1464
  census AcquireActionDraw=1464
  census IsIgnoreAction=1464
  census DrawRader_JW=1464
  census DrawRader=1464
  census DrawHudRadarMap=1464
  census DrawHudRadarPawn=1464
  census CalculCrossChangeKitLen=1464
  census GetAmmoNumKitMax=1464
  census CalculHitRate=1464
  census CalculCrossHitRateLen=1464
  census SetCrossDrawColor=1464
  census RendGage=1464
  census DrawHPSP=1464
  census DrawHP_BD=1464
  census DrawHpBoarder_BD=1464
  census DrawHpGauge_BD=1464
  census DrawHpPointGauge_BD=1464
  census DrawHpDigit_JW=1464
  census DrawBoosterGauge_JW=1464
  census DrawPoint_BD=1464
  census DrawRefillAmmo_BD=1464
  census DrawAmmo=1464
  census GetAmmoCount=1464
  census ChangeAmmoInfo=1464
  census DrawAmmoKit=1464
  census DrawNum4Texture_YC=1464
  census DrawEventWep=1464
  census DrawBulletCashUI=1464
  census DrawDWeaponNum_JW=1464
  census DrawItemboxExtraTimer_JW=1464
  census DrawGameGuide_BD=1464
  census DrawHudPassB=1464
  census DrawHudPassC=1464
  census DrawCrosshair=1464
  census Trace_UJ=1464
  census DrawHudPassD=1464
  census DisplayLocalMessages=1464
  census DrawWarning_UJ=1464
  census IsLockOn_MH=1464
  census DrawSensi_JW=1464
  census DisplayRecordEventMsg_BD=1464
  census DisplayNoticeMessages_BD=1464
  census DrawETC=1464
  census DrawRadioMsg=1464
  census DrawTextKillMessage=1464
  census DrawRadioMenu_YC=1464
  census PlayNoEngineer=1464
  census Tick_RadioMenu=1463
  census Get_RM_NUM_PRESS=1463
  census DrawKillAnim=1463
  census PostDrawHud=1463
  census DrawTimer=1463
  census DrawTeamScore=1463
  census DrawPveIntro_YC=1463
  census DrawMissionBrief=1463
  census DrawLocalMessage_Sh=1463
  census DrawBrief=1463
  census DrawShortBriefing_BD=1463
  census DrawMsg=1463
  census SetGameSpeed=1463
  census InitializeFor=1463
  census RealTick=1463
  census ProcessPushMoveGMCamera_BD=1463
  census SetTwoSceanFov_JW=1463
  census SetWaterRefraction_JB=1463
  census EventButtonUp_MH=1463
  census DefaultMechTick_MH=1463
  census BoosterTick_MH=1463
  census CalcBoosterTick_JW=1463
  census EncodeSetPawnBoosterME_JW=1463
  census CalcMoveTime_JW=1463
  census ProcessPerVelocity_JW=1463
  census CalcThirdCameraMove_JW=1463
  census HandleWalking=1463
  census SetWalking=1463
  census RawInput=1463
  census PlayerMove=1463
  census CheckBob=1463
  census UpdateRotation=1463
  census LimitPitch=1463
  census ViewShake=1463
  census ViewFlash=1463
  census FaceRotation=1463
  census ProcessMove=1463
  census BoosterEventMoment_JW=1463
  census SetViewPitch=1463
  census ShouldCrouch=1463
  census CheckRevieUser=1463
  census CheckGameHistory=1463
  census UpdateChat=1463
  census ProcessMechColList_JW=1463
  census IsLocallyControlled=1463
  census UpdateShadow=1463
  census DetachProjector=1463
  census AttachProjector=1463
  census PlayBooster=1463
  census Timer=560
  census PlayFootStep=230
  census FootStepping=230
  census AnimEnd=137
  census GetRadarInfo=120
  census PlayFootStepLeft=116
  census PlayFootStepRight=114
  census UpdatePlayerLocation=91
  census Touch=88
  census IsActorAttackReady=62
  census EndCrouch=20
  census NotifyHitWall=20
  census StartCrouch=20
  census AIMoveFunc=17
  census GetNodeStruct=17
  census CheckNodeReach=17
  census GetNodeActor=17
  census SetMoveTarget_JW=17
  census SetAttractionState=17
  census SetupGroundSpeed_JW=17
  census SetSpeedNowState=17
  census MoveTo_JW=17
  census GetRandDefenceActor=14
  census GetTDynamicActor=14
  census UpdateSentText=5
  census ConsoleCommand=2
  census SetBrenchChange=2
  census GetAIBotCount=1
[2026-09-22T11:01:19.923Z] pid=43172 window_ms=5000 calls=996220 ServerFire=0 ClientFire=0 unresolved=0 distinct_names=186
  census Tick=132792
  census Tick_MH=120720
  census DeltaTimeCheck_JW=108648
  census GetMastActor=54352
  census IsMeAttackReady=54324
  census AIEMPProcess=54324
  census AIAttackHeadSpinProcess_JW=54324
  census IsMeMoveTargetReady=42252
  census GetLocalPlayerController=40041
  census PostRender2D=11206
  census IsMeGM_BD=10563
  census DrawCustomBeacon=9697
  census GetHP_JW=7915
  census DecodeGetPawnHealth_JW=7558
  census PlayerCalcView=7545
  census IsPlayGame_BD=7545
  census LoadFontStatic=7545
  census PlayerTick=6036
  census DecodeGetPawnBoosterME_JW=6036
  census IsSpectating=6036
  census UpdateFlashComponent=6036
  census DoBooster_sh=6036
  census DrawSkillInfo=6036
  census DrawSpriteWidget=6036
  census WeaponTick=4527
  census PostRender=4527
  census DrawEMP_JW=4527
  census GetConsoleFont=4527
  census RenderOverlays=3019
  census GetPhysicsVolume=3018
  census WorldSpaceOverlays=3018
  census CanvasDrawActors=3018
  census DrawHUD=3018
  census GetMediumFontFor=3018
  census DrawEnemyName=3018
  census DisplayMessages=3018
  census GetTeamNum=1660
  census Trace_UJ2=1537
  census Trace_UJ=1513
  census Tick_RadioMenu=1510
  census Get_RM_NUM_PRESS=1510
  census DrawKillAnim=1510
  census PostDrawHud=1509
  census DrawTimer=1509
  census DrawTeamScore=1509
  census DrawPveIntro_YC=1509
  census DrawMissionBrief=1509
  census DrawLocalMessage_Sh=1509
  census DrawBrief=1509
  census DrawShortBriefing_BD=1509
  census DrawMsg=1509
  census SetGameSpeed=1509
  census InitializeFor=1509
  census RealTick=1509
  census ProcessPushMoveGMCamera_BD=1509
  census SetTwoSceanFov_JW=1509
  census SetWaterRefraction_JB=1509
  census EventButtonUp_MH=1509
  census DefaultMechTick_MH=1509
  census BoosterTick_MH=1509
  census CalcBoosterTick_JW=1509
  census EncodeSetPawnBoosterME_JW=1509
  census CalcMoveTime_JW=1509
  census ProcessPerVelocity_JW=1509
  census CalcThirdCameraMove_JW=1509
  census HandleWalking=1509
  census SetWalking=1509
  census RawInput=1509
  census PlayerMove=1509
  census CheckBob=1509
  census UpdateRotation=1509
  census LimitPitch=1509
  census ViewShake=1509
  census ViewFlash=1509
  census FaceRotation=1509
  census ProcessMove=1509
  census BoosterEventMoment_JW=1509
  census SetViewPitch=1509
  census ShouldCrouch=1509
  census CheckRevieUser=1509
  census CheckGameHistory=1509
  census UpdateChat=1509
  census ProcessMechColList_JW=1509
  census IsLocallyControlled=1509
  census UpdateShadow=1509
  census DetachProjector=1509
  census AttachProjector=1509
  census PlayBooster=1509
  census CalcBehindView=1509
  census CalcFireCamrot_JW=1509
  census SetAniokNosee_JW=1509
  census GetBoneCoords=1509
  census OrthoRotation=1509
  census CacheCalcView=1509
  census GetNumLive=1509
  census DrawATnDefLv=1509
  census GetDefaultNumLive=1509
  census BuildMOTD=1509
  census LinkActors=1509
  census CheckEndGame_BD=1509
  census OnHudPostRender_MH=1509
  census Draw3dObjectiveArrow=1509
  census Render=1509
  census UpdateHUD=1509
  census DrawDamageIndicators=1509
  census DrawHudPassA=1509
  census ZoomFadeOut=1509
  census ActiveActionDraw=1509
  census AcquireActionDraw=1509
  census IsIgnoreAction=1509
  census DrawRader_JW=1509
  census DrawRader=1509
  census DrawHudRadarMap=1509
  census DrawHudRadarPawn=1509
  census CalculCrossChangeKitLen=1509
  census GetAmmoNumKitMax=1509
  census CalculHitRate=1509
  census CalculCrossHitRateLen=1509
  census SetCrossDrawColor=1509
  census RendGage=1509
  census DrawHPSP=1509
  census DrawHP_BD=1509
  census DrawHpBoarder_BD=1509
  census DrawHpGauge_BD=1509
  census DrawHpPointGauge_BD=1509
  census DrawHpDigit_JW=1509
  census DrawBoosterGauge_JW=1509
  census DrawPoint_BD=1509
  census DrawRefillAmmo_BD=1509
  census DrawAmmo=1509
  census GetAmmoCount=1509
  census ChangeAmmoInfo=1509
  census DrawAmmoKit=1509
  census DrawNum4Texture_YC=1509
  census DrawEventWep=1509
  census DrawBulletCashUI=1509
  census DrawDWeaponNum_JW=1509
  census DrawItemboxExtraTimer_JW=1509
  census DrawGameGuide_BD=1509
  census DrawHudPassB=1509
  census DrawHudPassC=1509
  census DrawCrosshair=1509
  census DrawHudPassD=1509
  census DisplayLocalMessages=1509
  census DrawWarning_UJ=1509
  census IsLockOn_MH=1509
  census DrawSensi_JW=1509
  census DisplayRecordEventMsg_BD=1509
  census DisplayNoticeMessages_BD=1509
  census DrawETC=1509
  census DrawRadioMsg=1509
  census DrawTextKillMessage=1509
  census DrawRadioMenu_YC=1509
  census PlayNoEngineer=1509
  census Timer=475
  census PlayFootStep=228
  census FootStepping=228
  census GetRadarInfo=130
  census AnimEnd=127
  census PlayFootStepRight=116
  census PlayFootStepLeft=112
  census UpdatePlayerLocation=93
  census Touch=79
  census IsActorAttackReady=58
  census SetMoveTarget_JW=40
  census SetAttractionState=40
  census SetupGroundSpeed_JW=40
  census SetSpeedNowState=40
  census MoveTo_JW=40
  census AIMoveFunc=36
  census GetNodeStruct=36
  census CheckNodeReach=36
  census GetNodeActor=36
  census NotifyHitWall=24
  census EndCrouch=20
  census StartCrouch=20
  census SetBrenchChange=14
  census GetRandDefenceActor=10
  census GetTDynamicActor=10
  census BaseChange=8
  census UpdateSentText=5
  census DoFindUsefulSupportNodeMove=4
  census NewFindUsefulSupportNode=4
  census GetNearestSupportNode=4
  census ConsoleCommand=2
  census GetAIBotCount=1
[2026-09-22T11:01:25.085Z] pid=43172 window_ms=5162 calls=937436 ServerFire=0 ClientFire=0 unresolved=0 distinct_names=187
  census Tick=123537
  census Tick_MH=112304
  census DeltaTimeCheck_JW=101072
  census GetMastActor=50572
  census IsMeAttackReady=50536
  census AIEMPProcess=50536
  census AIAttackHeadSpinProcess_JW=50536
  census GetLocalPlayerController=40684
  census IsMeMoveTargetReady=39304
  census PostRender2D=13838
  census DrawCustomBeacon=12435
  census IsMeGM_BD=9823
  census GetHP_JW=7399
  census DecodeGetPawnHealth_JW=7028
  census PlayerCalcView=7015
  census IsPlayGame_BD=7015
  census LoadFontStatic=7015
  census PlayerTick=5616
  census UpdateFlashComponent=5616
  census DoBooster_sh=5616
  census DecodeGetPawnBoosterME_JW=5614
  census IsSpectating=5613
  census DrawSkillInfo=5612
  census DrawSpriteWidget=5612
  census WeaponTick=4212
  census PostRender=4209
  census DrawEMP_JW=4209
  census GetConsoleFont=4209
  census GetPhysicsVolume=2808
  census WorldSpaceOverlays=2806
  census CanvasDrawActors=2806
  census DrawHUD=2806
  census RenderOverlays=2806
  census GetMediumFontFor=2806
  census DrawEnemyName=2806
  census DisplayMessages=2806
  census GetTeamNum=1772
  census Trace_UJ2=1439
  census Trace_UJ=1405
  census PostDrawHud=1404
  census DrawTimer=1404
  census DrawTeamScore=1404
  census DrawPveIntro_YC=1404
  census DrawMissionBrief=1404
  census DrawLocalMessage_Sh=1404
  census DrawBrief=1404
  census DrawShortBriefing_BD=1404
  census DrawMsg=1404
  census SetGameSpeed=1404
  census InitializeFor=1404
  census RealTick=1404
  census ProcessPushMoveGMCamera_BD=1404
  census SetTwoSceanFov_JW=1404
  census SetWaterRefraction_JB=1404
  census EventButtonUp_MH=1404
  census DefaultMechTick_MH=1404
  census BoosterTick_MH=1404
  census CalcBoosterTick_JW=1404
  census EncodeSetPawnBoosterME_JW=1404
  census CalcMoveTime_JW=1404
  census ProcessPerVelocity_JW=1404
  census CalcThirdCameraMove_JW=1404
  census HandleWalking=1404
  census SetWalking=1404
  census RawInput=1404
  census PlayerMove=1404
  census CheckBob=1404
  census UpdateRotation=1404
  census LimitPitch=1404
  census ViewShake=1404
  census ViewFlash=1404
  census FaceRotation=1404
  census ProcessMove=1404
  census BoosterEventMoment_JW=1404
  census SetViewPitch=1404
  census ShouldCrouch=1404
  census CheckRevieUser=1404
  census CheckGameHistory=1404
  census UpdateChat=1404
  census ProcessMechColList_JW=1404
  census IsLocallyControlled=1404
  census UpdateShadow=1404
  census DetachProjector=1404
  census AttachProjector=1404
  census PlayBooster=1404
  census CalcBehindView=1403
  census CalcFireCamrot_JW=1403
  census SetAniokNosee_JW=1403
  census GetBoneCoords=1403
  census OrthoRotation=1403
  census CacheCalcView=1403
  census GetNumLive=1403
  census DrawATnDefLv=1403
  census GetDefaultNumLive=1403
  census BuildMOTD=1403
  census LinkActors=1403
  census CheckEndGame_BD=1403
  census OnHudPostRender_MH=1403
  census Draw3dObjectiveArrow=1403
  census Render=1403
  census UpdateHUD=1403
  census DrawDamageIndicators=1403
  census DrawHudPassA=1403
  census ZoomFadeOut=1403
  census ActiveActionDraw=1403
  census AcquireActionDraw=1403
  census IsIgnoreAction=1403
  census DrawRader_JW=1403
  census DrawRader=1403
  census DrawHudRadarMap=1403
  census DrawHudRadarPawn=1403
  census CalculCrossChangeKitLen=1403
  census GetAmmoNumKitMax=1403
  census CalculHitRate=1403
  census CalculCrossHitRateLen=1403
  census SetCrossDrawColor=1403
  census RendGage=1403
  census DrawHPSP=1403
  census DrawHP_BD=1403
  census DrawHpBoarder_BD=1403
  census DrawHpGauge_BD=1403
  census DrawHpPointGauge_BD=1403
  census DrawHpDigit_JW=1403
  census DrawBoosterGauge_JW=1403
  census DrawPoint_BD=1403
  census DrawRefillAmmo_BD=1403
  census DrawAmmo=1403
  census GetAmmoCount=1403
  census ChangeAmmoInfo=1403
  census DrawAmmoKit=1403
  census DrawNum4Texture_YC=1403
  census DrawEventWep=1403
  census DrawBulletCashUI=1403
  census DrawDWeaponNum_JW=1403
  census DrawItemboxExtraTimer_JW=1403
  census DrawGameGuide_BD=1403
  census DrawHudPassB=1403
  census DrawHudPassC=1403
  census DrawCrosshair=1403
  census DrawHudPassD=1403
  census DisplayLocalMessages=1403
  census DrawWarning_UJ=1403
  census IsLockOn_MH=1403
  census DrawSensi_JW=1403
  census DisplayRecordEventMsg_BD=1403
  census DisplayNoticeMessages_BD=1403
  census DrawETC=1403
  census DrawRadioMsg=1403
  census DrawTextKillMessage=1403
  census DrawRadioMenu_YC=1403
  census PlayNoEngineer=1403
  census Tick_RadioMenu=1403
  census Get_RM_NUM_PRESS=1403
  census DrawKillAnim=1403
  census Timer=569
  census PlayFootStep=237
  census FootStepping=237
  census AnimEnd=142
  census GetRadarInfo=130
  census PlayFootStepLeft=127
  census PlayFootStepRight=110
  census Touch=99
  census UpdatePlayerLocation=94
  census IsActorAttackReady=72
  census SetMoveTarget_JW=30
  census SetAttractionState=30
  census SetupGroundSpeed_JW=30
  census SetSpeedNowState=30
  census MoveTo_JW=30
  census GetNodeActor=28
  census AIMoveFunc=22
  census GetNodeStruct=22
  census CheckNodeReach=22
  census NotifyHitWall=22
  census EndCrouch=20
  census StartCrouch=20
  census GetRandDefenceActor=16
  census GetTDynamicActor=16
  census SetBrenchChange=12
  census UpdateSentText=6
  census AIMoveFunc_BreakWay=6
  census BaseChange=4
  census GetAIBotCount=2
  census DoFindUsefulSupportNodeMove=2
  census NewFindUsefulSupportNode=2
  census GetNearestSupportNode=2
  census ConsoleCommand=1
[2026-09-22T11:01:30.086Z] pid=43172 window_ms=5001 calls=967432 ServerFire=0 ClientFire=0 unresolved=0 distinct_names=186
  census Tick=132059
  census Tick_MH=120050
  census DeltaTimeCheck_JW=108044
  census GetMastActor=54050
  census IsMeAttackReady=54022
  census AIEMPProcess=54022
  census AIAttackHeadSpinProcess_JW=54022
  census IsMeMoveTargetReady=42016
  census GetLocalPlayerController=32081
  census IsMeGM_BD=10507
  census GetHP_JW=7868
  census DecodeGetPawnHealth_JW=7517
  census PlayerCalcView=7505
  census IsPlayGame_BD=7505
  census LoadFontStatic=7505
  census DrawSkillInfo=6004
  census IsSpectating=6004
  census DecodeGetPawnBoosterME_JW=6004
  census DrawSpriteWidget=6004
  census PlayerTick=6004
  census UpdateFlashComponent=6004
  census DoBooster_sh=6004
  census PostRender=4503
  census DrawEMP_JW=4503
  census GetConsoleFont=4503
  census WeaponTick=4503
  census PostRender2D=3402
  census WorldSpaceOverlays=3002
  census CanvasDrawActors=3002
  census DrawHUD=3002
  census RenderOverlays=3002
  census GetMediumFontFor=3002
  census DrawEnemyName=3002
  census DisplayMessages=3002
  census GetPhysicsVolume=3002
  census DrawCustomBeacon=1901
  census GetTeamNum=1644
  census Trace_UJ2=1529
  census Trace_UJ=1502
  census CalcBehindView=1501
  census CalcFireCamrot_JW=1501
  census SetAniokNosee_JW=1501
  census GetBoneCoords=1501
  census OrthoRotation=1501
  census CacheCalcView=1501
  census GetNumLive=1501
  census DrawATnDefLv=1501
  census GetDefaultNumLive=1501
  census BuildMOTD=1501
  census LinkActors=1501
  census CheckEndGame_BD=1501
  census OnHudPostRender_MH=1501
  census Draw3dObjectiveArrow=1501
  census Render=1501
  census UpdateHUD=1501
  census DrawDamageIndicators=1501
  census DrawHudPassA=1501
  census ZoomFadeOut=1501
  census ActiveActionDraw=1501
  census AcquireActionDraw=1501
  census IsIgnoreAction=1501
  census DrawRader_JW=1501
  census DrawRader=1501
  census DrawHudRadarMap=1501
  census DrawHudRadarPawn=1501
  census CalculCrossChangeKitLen=1501
  census GetAmmoNumKitMax=1501
  census CalculHitRate=1501
  census CalculCrossHitRateLen=1501
  census SetCrossDrawColor=1501
  census RendGage=1501
  census DrawHPSP=1501
  census DrawHP_BD=1501
  census DrawHpBoarder_BD=1501
  census DrawHpGauge_BD=1501
  census DrawHpPointGauge_BD=1501
  census DrawHpDigit_JW=1501
  census DrawBoosterGauge_JW=1501
  census DrawPoint_BD=1501
  census DrawRefillAmmo_BD=1501
  census DrawAmmo=1501
  census GetAmmoCount=1501
  census ChangeAmmoInfo=1501
  census DrawAmmoKit=1501
  census DrawNum4Texture_YC=1501
  census DrawEventWep=1501
  census DrawBulletCashUI=1501
  census DrawDWeaponNum_JW=1501
  census DrawItemboxExtraTimer_JW=1501
  census DrawGameGuide_BD=1501
  census DrawHudPassB=1501
  census DrawHudPassC=1501
  census DrawCrosshair=1501
  census DrawHudPassD=1501
  census DisplayLocalMessages=1501
  census DrawWarning_UJ=1501
  census IsLockOn_MH=1501
  census DrawSensi_JW=1501
  census DisplayRecordEventMsg_BD=1501
  census DisplayNoticeMessages_BD=1501
  census DrawETC=1501
  census DrawRadioMsg=1501
  census DrawTextKillMessage=1501
  census DrawRadioMenu_YC=1501
  census PlayNoEngineer=1501
  census Tick_RadioMenu=1501
  census Get_RM_NUM_PRESS=1501
  census DrawKillAnim=1501
  census PostDrawHud=1501
  census DrawTimer=1501
  census DrawTeamScore=1501
  census DrawPveIntro_YC=1501
  census DrawMissionBrief=1501
  census DrawLocalMessage_Sh=1501
  census DrawBrief=1501
  census DrawShortBriefing_BD=1501
  census DrawMsg=1501
  census SetGameSpeed=1501
  census InitializeFor=1501
  census RealTick=1501
  census ProcessPushMoveGMCamera_BD=1501
  census SetTwoSceanFov_JW=1501
  census SetWaterRefraction_JB=1501
  census EventButtonUp_MH=1501
  census DefaultMechTick_MH=1501
  census BoosterTick_MH=1501
  census CalcBoosterTick_JW=1501
  census EncodeSetPawnBoosterME_JW=1501
  census CalcMoveTime_JW=1501
  census ProcessPerVelocity_JW=1501
  census CalcThirdCameraMove_JW=1501
  census HandleWalking=1501
  census SetWalking=1501
  census RawInput=1501
  census PlayerMove=1501
  census CheckBob=1501
  census UpdateRotation=1501
  census LimitPitch=1501
  census ViewShake=1501
  census ViewFlash=1501
  census FaceRotation=1501
  census ProcessMove=1501
  census BoosterEventMoment_JW=1501
  census SetViewPitch=1501
  census ShouldCrouch=1501
  census CheckRevieUser=1501
  census CheckGameHistory=1501
  census UpdateChat=1501
  census ProcessMechColList_JW=1501
  census IsLocallyControlled=1501
  census UpdateShadow=1501
  census DetachProjector=1501
  census AttachProjector=1501
  census PlayBooster=1501
  census Timer=474
  census PlayFootStep=227
  census FootStepping=227
  census AnimEnd=132
  census GetRadarInfo=120
  census PlayFootStepRight=118
  census PlayFootStepLeft=109
  census Touch=99
  census UpdatePlayerLocation=93
  census IsActorAttackReady=60
  census SetMoveTarget_JW=28
  census SetAttractionState=28
  census SetupGroundSpeed_JW=28
  census SetSpeedNowState=28
  census MoveTo_JW=28
  census AIMoveFunc=27
  census GetNodeStruct=27
  census CheckNodeReach=27
  census GetNodeActor=27
  census NotifyHitWall=19
  census EndCrouch=18
  census StartCrouch=18
  census GetRandDefenceActor=16
  census GetTDynamicActor=16
  census UpdateSentText=5
  census SetBrenchChange=4
  census BaseChange=2
  census ConsoleCommand=1
  census DoFindUsefulSupportNodeMove=1
  census NewFindUsefulSupportNode=1
  census GetNearestSupportNode=1
  census GetAIBotCount=1
[2026-09-22T11:01:35.086Z] pid=43172 window_ms=5000 calls=955107 ServerFire=0 ClientFire=0 unresolved=0 distinct_names=194
  census Tick=130311
  census Tick_MH=118470
  census DeltaTimeCheck_JW=106622
  census GetMastActor=53339
  census IsMeAttackReady=53311
  census AIEMPProcess=53311
  census AIAttackHeadSpinProcess_JW=53311
  census IsMeMoveTargetReady=41463
  census GetLocalPlayerController=31847
  census IsMeGM_BD=10367
  census GetHP_JW=7713
  census DecodeGetPawnHealth_JW=7418
  census IsPlayGame_BD=7406
  census PlayerCalcView=7405
  census LoadFontStatic=7405
  census DrawSkillInfo=5924
  census IsSpectating=5924
  census DecodeGetPawnBoosterME_JW=5924
  census DrawSpriteWidget=5924
  census PlayerTick=5924
  census UpdateFlashComponent=5924
  census DoBooster_sh=5920
  census PostRender=4443
  census DrawEMP_JW=4443
  census GetConsoleFont=4443
  census WeaponTick=4440
  census PostRender2D=3541
  census WorldSpaceOverlays=2962
  census CanvasDrawActors=2962
  census DrawHUD=2962
  census GetMediumFontFor=2962
  census DrawEnemyName=2962
  census DisplayMessages=2962
  census GetPhysicsVolume=2962
  census RenderOverlays=2951
  census DrawCustomBeacon=2060
  census Trace_UJ2=1509
  census Trace_UJ=1488
  census CalcBehindView=1481
  census CalcFireCamrot_JW=1481
  census SetAniokNosee_JW=1481
  census GetBoneCoords=1481
  census OrthoRotation=1481
  census CacheCalcView=1481
  census GetNumLive=1481
  census DrawATnDefLv=1481
  census GetDefaultNumLive=1481
  census BuildMOTD=1481
  census LinkActors=1481
  census CheckEndGame_BD=1481
  census OnHudPostRender_MH=1481
  census Draw3dObjectiveArrow=1481
  census Render=1481
  census UpdateHUD=1481
  census DrawDamageIndicators=1481
  census DrawHudPassA=1481
  census ZoomFadeOut=1481
  census ActiveActionDraw=1481
  census AcquireActionDraw=1481
  census IsIgnoreAction=1481
  census DrawRader_JW=1481
  census DrawRader=1481
  census DrawHudRadarMap=1481
  census DrawHudRadarPawn=1481
  census DrawHPSP=1481
  census DrawHP_BD=1481
  census DrawHpBoarder_BD=1481
  census DrawHpGauge_BD=1481
  census DrawHpPointGauge_BD=1481
  census DrawHpDigit_JW=1481
  census DrawBoosterGauge_JW=1481
  census DrawPoint_BD=1481
  census DrawRefillAmmo_BD=1481
  census DrawAmmo=1481
  census GetAmmoCount=1481
  census ChangeAmmoInfo=1481
  census DrawAmmoKit=1481
  census DrawNum4Texture_YC=1481
  census DrawEventWep=1481
  census DrawBulletCashUI=1481
  census DrawDWeaponNum_JW=1481
  census DrawItemboxExtraTimer_JW=1481
  census DrawGameGuide_BD=1481
  census DrawHudPassB=1481
  census DrawHudPassC=1481
  census DrawCrosshair=1481
  census DrawHudPassD=1481
  census DisplayLocalMessages=1481
  census DrawWarning_UJ=1481
  census IsLockOn_MH=1481
  census DrawSensi_JW=1481
  census DisplayRecordEventMsg_BD=1481
  census DisplayNoticeMessages_BD=1481
  census DrawETC=1481
  census DrawRadioMsg=1481
  census DrawTextKillMessage=1481
  census DrawRadioMenu_YC=1481
  census PlayNoEngineer=1481
  census Tick_RadioMenu=1481
  census Get_RM_NUM_PRESS=1481
  census DrawKillAnim=1481
  census PostDrawHud=1481
  census DrawTimer=1481
  census DrawTeamScore=1481
  census DrawPveIntro_YC=1481
  census DrawMissionBrief=1481
  census DrawLocalMessage_Sh=1481
  census DrawBrief=1481
  census DrawShortBriefing_BD=1481
  census DrawMsg=1481
  census SetGameSpeed=1481
  census InitializeFor=1481
  census RealTick=1481
  census ProcessPushMoveGMCamera_BD=1481
  census SetTwoSceanFov_JW=1481
  census SetWaterRefraction_JB=1481
  census EventButtonUp_MH=1481
  census DefaultMechTick_MH=1481
  census BoosterTick_MH=1481
  census CalcBoosterTick_JW=1481
  census EncodeSetPawnBoosterME_JW=1481
  census CalcMoveTime_JW=1481
  census ProcessPerVelocity_JW=1481
  census CalcThirdCameraMove_JW=1481
  census HandleWalking=1481
  census SetWalking=1481
  census RawInput=1481
  census PlayerMove=1481
  census CheckBob=1481
  census UpdateRotation=1481
  census LimitPitch=1481
  census ViewShake=1481
  census ViewFlash=1481
  census FaceRotation=1481
  census ProcessMove=1481
  census BoosterEventMoment_JW=1481
  census SetViewPitch=1481
  census ShouldCrouch=1481
  census CheckRevieUser=1481
  census CheckGameHistory=1481
  census UpdateChat=1481
  census ProcessMechColList_JW=1480
  census IsLocallyControlled=1480
  census UpdateShadow=1480
  census DetachProjector=1480
  census AttachProjector=1480
  census PlayBooster=1480
  census CalculCrossChangeKitLen=1470
  census GetAmmoNumKitMax=1470
  census CalculHitRate=1470
  census CalculCrossHitRateLen=1470
  census SetCrossDrawColor=1470
  census RendGage=1470
  census GetTeamNum=1428
  census Timer=558
  census PlayFootStep=223
  census FootStepping=223
  census AnimEnd=131
  census GetRadarInfo=130
  census PlayFootStepLeft=116
  census PlayFootStepRight=107
  census Touch=91
  census UpdatePlayerLocation=88
  census IsActorAttackReady=62
  census SetMoveTarget_JW=41
  census SetAttractionState=41
  census SetupGroundSpeed_JW=41
  census SetSpeedNowState=41
  census MoveTo_JW=41
  census GetNodeActor=34
  census AIMoveFunc=28
  census GetNodeStruct=28
  census CheckNodeReach=28
  census NotifyHitWall=27
  census EndCrouch=20
  census StartCrouch=20
  census SetBrenchChange=17
  census BaseChange=14
  census GetRandDefenceActor=14
  census GetTDynamicActor=14
  census DoFindUsefulSupportNodeMove=7
  census NewFindUsefulSupportNode=7
  census GetNearestSupportNode=7
  census AIMoveFunc_BreakWay=6
  census UpdateSentText=5
  census ShowMenu=2
  census SetPause=2
  census ShowMidGameMenu=1
  census StopForceFeedback=1
  census ClientOpenMenu=1
  census UnPressButtons=1
  census ResetInput=1
  census PlayOwnedSound=1
  census GetAIBotCount=1
[2026-09-22T11:01:40.086Z] pid=43172 window_ms=5000 calls=952709 ServerFire=0 ClientFire=0 unresolved=0 distinct_names=181
  census Tick=128805
  census Tick_MH=117096
  census DeltaTimeCheck_JW=105390
  census GetMastActor=52723
  census IsMeAttackReady=52695
  census AIEMPProcess=52695
  census AIAttackHeadSpinProcess_JW=52695
  census IsMeMoveTargetReady=40989
  census GetLocalPlayerController=37763
  census IsMeGM_BD=10241
  census PostRender2D=9807
  census DrawCustomBeacon=8344
  census GetHP_JW=7663
  census DecodeGetPawnHealth_JW=7327
  census PlayerCalcView=7316
  census IsPlayGame_BD=7315
  census LoadFontStatic=7315
  census DoBooster_sh=5856
  census DrawSkillInfo=5852
  census IsSpectating=5852
  census DecodeGetPawnBoosterME_JW=5852
  census DrawSpriteWidget=5852
  census PlayerTick=5852
  census UpdateFlashComponent=5852
  census WeaponTick=4392
  census PostRender=4389
  census DrawEMP_JW=4389
  census GetConsoleFont=4389
  census WorldSpaceOverlays=2926
  census CanvasDrawActors=2926
  census DrawHUD=2926
  census GetMediumFontFor=2926
  census DrawEnemyName=2926
  census DisplayMessages=2926
  census GetPhysicsVolume=2926
  census GetTeamNum=1576
  census Trace_UJ2=1492
  census Trace_UJ=1470
  census ProcessMechColList_JW=1464
  census IsLocallyControlled=1464
  census UpdateShadow=1464
  census DetachProjector=1464
  census AttachProjector=1464
  census PlayBooster=1464
  census CalcBehindView=1464
  census CalcFireCamrot_JW=1464
  census SetAniokNosee_JW=1464
  census GetBoneCoords=1464
  census OrthoRotation=1464
  census CacheCalcView=1464
  census GetNumLive=1463
  census DrawATnDefLv=1463
  census GetDefaultNumLive=1463
  census BuildMOTD=1463
  census LinkActors=1463
  census CheckEndGame_BD=1463
  census OnHudPostRender_MH=1463
  census Draw3dObjectiveArrow=1463
  census Render=1463
  census UpdateHUD=1463
  census DrawDamageIndicators=1463
  census DrawHudPassA=1463
  census ZoomFadeOut=1463
  census ActiveActionDraw=1463
  census AcquireActionDraw=1463
  census IsIgnoreAction=1463
  census DrawRader_JW=1463
  census DrawRader=1463
  census DrawHudRadarMap=1463
  census DrawHudRadarPawn=1463
  census DrawHPSP=1463
  census DrawHP_BD=1463
  census DrawHpBoarder_BD=1463
  census DrawHpGauge_BD=1463
  census DrawHpPointGauge_BD=1463
  census DrawHpDigit_JW=1463
  census DrawBoosterGauge_JW=1463
  census DrawPoint_BD=1463
  census DrawRefillAmmo_BD=1463
  census DrawAmmo=1463
  census GetAmmoCount=1463
  census ChangeAmmoInfo=1463
  census DrawAmmoKit=1463
  census DrawNum4Texture_YC=1463
  census DrawEventWep=1463
  census DrawBulletCashUI=1463
  census DrawDWeaponNum_JW=1463
  census DrawItemboxExtraTimer_JW=1463
  census DrawGameGuide_BD=1463
  census DrawHudPassB=1463
  census DrawHudPassC=1463
  census DrawCrosshair=1463
  census DrawHudPassD=1463
  census DisplayLocalMessages=1463
  census DrawWarning_UJ=1463
  census IsLockOn_MH=1463
  census DrawSensi_JW=1463
  census DisplayRecordEventMsg_BD=1463
  census DisplayNoticeMessages_BD=1463
  census DrawETC=1463
  census DrawRadioMsg=1463
  census DrawTextKillMessage=1463
  census DrawRadioMenu_YC=1463
  census PlayNoEngineer=1463
  census Tick_RadioMenu=1463
  census Get_RM_NUM_PRESS=1463
  census DrawKillAnim=1463
  census RenderOverlays=1463
  census PostDrawHud=1463
  census DrawTimer=1463
  census DrawTeamScore=1463
  census DrawPveIntro_YC=1463
  census DrawMissionBrief=1463
  census DrawLocalMessage_Sh=1463
  census DrawBrief=1463
  census DrawShortBriefing_BD=1463
  census DrawMsg=1463
  census SetGameSpeed=1463
  census InitializeFor=1463
  census RealTick=1463
  census ProcessPushMoveGMCamera_BD=1463
  census SetTwoSceanFov_JW=1463
  census SetWaterRefraction_JB=1463
  census EventButtonUp_MH=1463
  census DefaultMechTick_MH=1463
  census BoosterTick_MH=1463
  census CalcBoosterTick_JW=1463
  census EncodeSetPawnBoosterME_JW=1463
  census CalcMoveTime_JW=1463
  census ProcessPerVelocity_JW=1463
  census CalcThirdCameraMove_JW=1463
  census HandleWalking=1463
  census SetWalking=1463
  census RawInput=1463
  census PlayerMove=1463
  census CheckBob=1463
  census UpdateRotation=1463
  census LimitPitch=1463
  census ViewShake=1463
  census ViewFlash=1463
  census FaceRotation=1463
  census ProcessMove=1463
  census BoosterEventMoment_JW=1463
  census SetViewPitch=1463
  census ShouldCrouch=1463
  census CheckRevieUser=1463
  census CheckGameHistory=1463
  census UpdateChat=1463
  census Timer=470
  census PlayFootStep=244
  census FootStepping=244
  census AnimEnd=132
  census PlayFootStepLeft=127
  census GetRadarInfo=120
  census PlayFootStepRight=117
  census UpdatePlayerLocation=89
  census Touch=86
  census IsActorAttackReady=58
  census SetMoveTarget_JW=33
  census SetAttractionState=33
  census SetupGroundSpeed_JW=33
  census SetSpeedNowState=33
  census MoveTo_JW=33
  census GetNodeActor=26
  census AIMoveFunc=21
  census GetNodeStruct=21
  census CheckNodeReach=21
  census NotifyHitWall=13
  census EndCrouch=10
  census GetRandDefenceActor=10
  census GetTDynamicActor=10
  census BaseChange=9
  census StartCrouch=8
  census SetBrenchChange=7
  census DoFindUsefulSupportNodeMove=7
  census NewFindUsefulSupportNode=7
  census GetNearestSupportNode=7
  census AIMoveFunc_BreakWay=5
  census UpdateSentText=5
  census ConsoleCommand=1
  census GetAIBotCount=1
[2026-09-22T11:01:45.087Z] pid=43172 window_ms=5001 calls=929493 ServerFire=0 ClientFire=0 unresolved=0 distinct_names=181
  census Tick=126808
  census Tick_MH=115280
  census DeltaTimeCheck_JW=103752
  census GetMastActor=51904
  census IsMeAttackReady=51876
  census AIEMPProcess=51876
  census AIAttackHeadSpinProcess_JW=51876
  census IsMeMoveTargetReady=40348
  census GetLocalPlayerController=34181
  census IsMeGM_BD=10087
  census GetHP_JW=7610
  census DecodeGetPawnHealth_JW=7218
  census PlayerCalcView=7205
  census IsPlayGame_BD=7205
  census LoadFontStatic=7205
  census PostRender2D=6636
  census DrawSkillInfo=5764
  census IsSpectating=5764
  census DecodeGetPawnBoosterME_JW=5764
  census DrawSpriteWidget=5764
  census PlayerTick=5764
  census UpdateFlashComponent=5764
  census DoBooster_sh=5764
  census DrawCustomBeacon=5195
  census PostRender=4323
  census DrawEMP_JW=4323
  census GetConsoleFont=4323
  census WeaponTick=4323
  census WorldSpaceOverlays=2883
  census CanvasDrawActors=2882
  census DrawHUD=2882
  census GetMediumFontFor=2882
  census DrawEnemyName=2882
  census DisplayMessages=2882
  census GetPhysicsVolume=2882
  census GetTeamNum=1808
  census Trace_UJ2=1469
  census Trace_UJ=1442
  census GetNumLive=1441
  census DrawATnDefLv=1441
  census GetDefaultNumLive=1441
  census BuildMOTD=1441
  census LinkActors=1441
  census CheckEndGame_BD=1441
  census OnHudPostRender_MH=1441
  census Draw3dObjectiveArrow=1441
  census Render=1441
  census UpdateHUD=1441
  census DrawDamageIndicators=1441
  census DrawHudPassA=1441
  census ZoomFadeOut=1441
  census ActiveActionDraw=1441
  census AcquireActionDraw=1441
  census IsIgnoreAction=1441
  census DrawRader_JW=1441
  census DrawRader=1441
  census DrawHudRadarMap=1441
  census DrawHudRadarPawn=1441
  census DrawHPSP=1441
  census DrawHP_BD=1441
  census DrawHpBoarder_BD=1441
  census DrawHpGauge_BD=1441
  census DrawHpPointGauge_BD=1441
  census DrawHpDigit_JW=1441
  census DrawBoosterGauge_JW=1441
  census DrawPoint_BD=1441
  census DrawRefillAmmo_BD=1441
  census DrawAmmo=1441
  census GetAmmoCount=1441
  census ChangeAmmoInfo=1441
  census DrawAmmoKit=1441
  census DrawNum4Texture_YC=1441
  census DrawEventWep=1441
  census DrawBulletCashUI=1441
  census DrawDWeaponNum_JW=1441
  census DrawItemboxExtraTimer_JW=1441
  census DrawGameGuide_BD=1441
  census DrawHudPassB=1441
  census DrawHudPassC=1441
  census DrawCrosshair=1441
  census DrawHudPassD=1441
  census DisplayLocalMessages=1441
  census DrawWarning_UJ=1441
  census IsLockOn_MH=1441
  census DrawSensi_JW=1441
  census DisplayRecordEventMsg_BD=1441
  census DisplayNoticeMessages_BD=1441
  census DrawETC=1441
  census DrawRadioMsg=1441
  census DrawTextKillMessage=1441
  census DrawRadioMenu_YC=1441
  census PlayNoEngineer=1441
  census Tick_RadioMenu=1441
  census Get_RM_NUM_PRESS=1441
  census DrawKillAnim=1441
  census RenderOverlays=1441
  census PostDrawHud=1441
  census DrawTimer=1441
  census DrawTeamScore=1441
  census DrawPveIntro_YC=1441
  census DrawMissionBrief=1441
  census DrawLocalMessage_Sh=1441
  census DrawBrief=1441
  census DrawShortBriefing_BD=1441
  census DrawMsg=1441
  census SetGameSpeed=1441
  census InitializeFor=1441
  census RealTick=1441
  census ProcessPushMoveGMCamera_BD=1441
  census SetTwoSceanFov_JW=1441
  census SetWaterRefraction_JB=1441
  census EventButtonUp_MH=1441
  census DefaultMechTick_MH=1441
  census BoosterTick_MH=1441
  census CalcBoosterTick_JW=1441
  census EncodeSetPawnBoosterME_JW=1441
  census CalcMoveTime_JW=1441
  census ProcessPerVelocity_JW=1441
  census CalcThirdCameraMove_JW=1441
  census HandleWalking=1441
  census SetWalking=1441
  census RawInput=1441
  census PlayerMove=1441
  census CheckBob=1441
  census UpdateRotation=1441
  census LimitPitch=1441
  census ViewShake=1441
  census ViewFlash=1441
  census FaceRotation=1441
  census ProcessMove=1441
  census BoosterEventMoment_JW=1441
  census SetViewPitch=1441
  census ShouldCrouch=1441
  census CheckRevieUser=1441
  census CheckGameHistory=1441
  census UpdateChat=1441
  census ProcessMechColList_JW=1441
  census IsLocallyControlled=1441
  census UpdateShadow=1441
  census DetachProjector=1441
  census AttachProjector=1441
  census PlayBooster=1441
  census CalcBehindView=1441
  census CalcFireCamrot_JW=1441
  census SetAniokNosee_JW=1441
  census GetBoneCoords=1441
  census OrthoRotation=1441
  census CacheCalcView=1441
  census Timer=567
  census PlayFootStep=245
  census FootStepping=245
  census AnimEnd=142
  census GetRadarInfo=130
  census PlayFootStepRight=125
  census PlayFootStepLeft=120
  census Touch=101
  census UpdatePlayerLocation=97
  census IsActorAttackReady=60
  census SetMoveTarget_JW=34
  census SetAttractionState=34
  census SetupGroundSpeed_JW=34
  census SetSpeedNowState=34
  census MoveTo_JW=34
  census GetNodeActor=33
  census AIMoveFunc=28
  census GetNodeStruct=28
  census CheckNodeReach=28
  census GetRandDefenceActor=16
  census GetTDynamicActor=16
  census SetBrenchChange=13
  census UpdateSentText=5
  census AIMoveFunc_BreakWay=5
  census BaseChange=3
  census ClientPlaySound=2
  census ClientHearSound=2
  census PlayOwnedSound=1
  census NotifyHitWall=1
  census DoFindUsefulSupportNodeMove=1
  census NewFindUsefulSupportNode=1
  census GetNearestSupportNode=1
  census GetAIBotCount=1
[2026-09-22T11:01:50.088Z] pid=43172 window_ms=5000 calls=406571 ServerFire=0 ClientFire=0 unresolved=0 distinct_names=312
  census Tick=54452
  census Tick_MH=38320
  census DeltaTimeCheck_JW=34488
  census GetLocalPlayerController=19988
  census GetMastActor=17254
  census IsMeAttackReady=17244
  census AIEMPProcess=17244
  census AIAttackHeadSpinProcess_JW=17244
  census IsMeMoveTargetReady=13412
  census PlayerTick=6837
  census IsMeGM_BD=5815
  census PlayerCalcView=4854
  census IsSpectating=4377
  census PostRender=3898
  census PostRender2D=3457
  census DisplayMessages=3419
  census GetPhysicsVolume=3418
  census DrawCustomBeacon=2978
  census LinkActors=2942
  census BuildMOTD=2940
  census CheckEndGame_BD=2940
  census OnHudPostRender_MH=2940
  census DrawSensi_JW=2940
  census DrawETC=2940
  census DrawKillAnim=2940
  census RenderOverlays=2940
  census PostDrawHud=2940
  census DrawTimer=2940
  census DrawTeamScore=2940
  census HandleWalking=2940
  census PlayerMove=2940
  census RealTick=2939
  census ProcessPushMoveGMCamera_BD=2939
  census SetTwoSceanFov_JW=2939
  census SetWaterRefraction_JB=2939
  census CheckGameHistory=2939
  census UpdateChat=2939
  census CacheCalcView=2938
  census GetHP_JW=2510
  census DrawSpectatingHud=2461
  census DecodeGetPawnHealth_JW=2399
  census IsPlayGame_BD=2395
  census LoadFontStatic=2395
  census UpdateFlashComponent=1920
  census DrawSkillInfo=1916
  census DecodeGetPawnBoosterME_JW=1916
  census DrawSpriteWidget=1916
  census DoBooster_sh=1916
  census DrawEMP_JW=1437
  census GetConsoleFont=1437
  census WeaponTick=1437
  census CanvasDrawActors=958
  census DrawHUD=958
  census GetMediumFontFor=958
  census DrawEnemyName=958
  census WorldSpaceOverlays=957
  census GetTeamNum=492
  census Trace_UJ2=488
  census SetGameSpeed=481
  census UpdateRotation=480
  census ViewShake=480
  census ViewFlash=480
  census ProcessMove=480
  census GetNumLive=479
  census DrawATnDefLv=479
  census GetDefaultNumLive=479
  census Draw3dObjectiveArrow=479
  census Render=479
  census UpdateHUD=479
  census DrawDamageIndicators=479
  census DrawHudPassA=479
  census ZoomFadeOut=479
  census ActiveActionDraw=479
  census AcquireActionDraw=479
  census IsIgnoreAction=479
  census DrawRader_JW=479
  census DrawRader=479
  census DrawHudRadarMap=479
  census DrawHudRadarPawn=479
  census DrawHPSP=479
  census DrawHP_BD=479
  census DrawHpBoarder_BD=479
  census DrawHpGauge_BD=479
  census DrawHpPointGauge_BD=479
  census DrawHpDigit_JW=479
  census DrawBoosterGauge_JW=479
  census DrawPoint_BD=479
  census DrawRefillAmmo_BD=479
  census DrawAmmo=479
  census GetAmmoCount=479
  census ChangeAmmoInfo=479
  census DrawAmmoKit=479
  census DrawNum4Texture_YC=479
  census DrawEventWep=479
  census DrawBulletCashUI=479
  census DrawDWeaponNum_JW=479
  census DrawItemboxExtraTimer_JW=479
  census DrawGameGuide_BD=479
  census DrawHudPassB=479
  census DrawHudPassC=479
  census DrawCrosshair=479
  census Trace_UJ=479
  census DrawHudPassD=479
  census DisplayLocalMessages=479
  census DrawWarning_UJ=479
  census IsLockOn_MH=479
  census DisplayRecordEventMsg_BD=479
  census DisplayNoticeMessages_BD=479
  census DrawRadioMsg=479
  census DrawTextKillMessage=479
  census DrawRadioMenu_YC=479
  census PlayNoEngineer=479
  census Tick_RadioMenu=479
  census Get_RM_NUM_PRESS=479
  census DrawPveIntro_YC=479
  census DrawMissionBrief=479
  census DrawLocalMessage_Sh=479
  census DrawBrief=479
  census DrawShortBriefing_BD=479
  census DrawMsg=479
  census InitializeFor=479
  census EventButtonUp_MH=479
  census DefaultMechTick_MH=479
  census BoosterTick_MH=479
  census CalcBoosterTick_JW=479
  census EncodeSetPawnBoosterME_JW=479
  census CalcMoveTime_JW=479
  census ProcessPerVelocity_JW=479
  census CalcThirdCameraMove_JW=479
  census SetWalking=479
  census RawInput=479
  census CheckBob=479
  census LimitPitch=479
  census FaceRotation=479
  census BoosterEventMoment_JW=479
  census SetViewPitch=479
  census ShouldCrouch=479
  census CheckRevieUser=479
  census ProcessMechColList_JW=479
  census IsLocallyControlled=479
  census UpdateShadow=479
  census DetachProjector=479
  census AttachProjector=479
  census PlayBooster=479
  census CalcBehindView=478
  census CalcFireCamrot_JW=478
  census SetAniokNosee_JW=478
  census GetBoneCoords=478
  census OrthoRotation=478
  census PostBeginPlay=241
  census AddPrecacheMaterial=178
  census PreBeginPlay=172
  census GrabOption=170
  census BeginPlay=159
  census PostNetBeginPlay=159
  census SetInitialState=157
  census UpdatePrecacheStaticMeshes=152
  census CheckRelevance=151
  census AlwaysKeep=151
  census IsRelevant=151
  census CheckReplacement=151
  census UpdatePrecacheMaterials=151
  census Timer=143
  census GetKeyValue=130
  census DynamicLoadObject=117
  census UpdateProgress_BD=101
  census PlayFootStep=82
  census FootStepping=82
  census ConsoleCommand=74
  census AnimEnd=47
  census AddPrecacheStaticMesh=46
  census PlayFootStepLeft=44
  census GetRadarInfo=40
  census ParseOption=39
  census PlayFootStepRight=38
  census UpdatePlayerLocation=33
  census RatePlayerStart=32
  census GetStationFromList=24
  census ZoneChange=20
  census Touch=16
  census AIMoveFunc=14
  census GetNodeStruct=14
  census CheckNodeReach=14
  census GetNodeActor=14
  census SetMoveTarget_JW=14
  census SetAttractionState=14
  census SetupGroundSpeed_JW=14
  census SetSpeedNowState=14
  census MoveTo_JW=14
  census IsActorAttackReady=12
  census GainedChild=12
  census ActorLeaving=11
  census ActorEntered=11
  census BeginState=8
  census LinkToSkybox=8
  census SetBrenchChange=7
  census GetIntOption=7
  census Destroyed=7
  census LostChild=6
  census HasOption=5
  census StripColor=4
  census SetPlayerName=4
  census EndState=4
  census SetWaitingPlayer=4
  census StaticLoadTexture_MH=4
  census InitGameReplicationInfo=4
  census PreLoadSkin_BD=4
  census ClientPlaySound=3
  census ClientHearSound=3
  census Login=3
  census FindPlayerStart=3
  census SetViewTarget=3
  census SetSensitivity=3
  census InitInputSystem=3
  census PostLogin=3
  census GetPlayerControllerList=3
  census InitGame=3
  census SetMotionBlur_JW=2
  census StopAllMusic=2
  census GameEnding=2
  census EndLogging=2
  census IsPendingConnection=2
  census PlayOwnedSound=2
  census UnPressButtons=2
  census ResetInput=2
  census ModifyLogin=2
  census PickTeam=2
  census FixFOV=2
  census AddCheats=2
  census SpawnPlayerReplication=2
  census AddPRI=2
  census InitPlayerReplicationInfo=2
  census ChangeName=2
  census ChangeTeam=2
  census ClientSetHUD=2
  census CreateKeyMenus=2
  census SetScoreBoardClass=2
  census SetWeaponViewShake=2
  census ClientSetWeaponViewShake=2
  census ClientCapBandwidth=2
  census NotifyLogin=2
  census ServerRequestBanInfo=2
  census ServerShortTimeout=2
  census ResetTimeMargin=2
  census Init=2
  census NotifyLogout=2
  census AllowGameSpeedChange=2
  census InitLogging=2
  census GetBotTeam=2
  census Initialize=2
  census SetObjectiveLists=2
  census AllBotsSpawned=2
  census OverrideInitialBots=2
  census AllOverFindway=2
  census CalcNodeSort_CorefDefence=2
  census AddToTeam=2
  census StartMatch=2
  census UpdateSentText=1
  census SetFlashBang_JB=1
  census AtCapacity=1
  census SetPawnClass=1
  census SetImage=1
  census GetMapMaterial_BD=1
  census Logout=1
  census RemovePRI=1
  census AddMutator=1
  census AllowMutator=1
  census MutatorIsAllowed=1
  census InitMaplistHandler=1
  census InitializeMaplistRecords=1
  census GetPerObjectNames=1
  census InitializeActiveLists=1
  census SetGrammar=1
  census LoadSRGrammar=1
  census PreSetOpPlayNum=1
  census GetTotalSceneTime=1
  census SetOption=1
  census SpawnActor_MH=1
  census GetRedTeam=1
  census GetBlueTeam=1
  census PreLoadAllMesh_BD=1
  census FindActorFromName_BD=1
  census EnableTrigger=1
  census FillCameraList=1
  census SetOwnerPC=1
  census LoadAllMyTeamSkin=1
  census InitializeController_JW=1
  census InitChatPenalty_YC=1
  census SetNoInputState_JW=1
  census SetRadialBlur_JB=1
  census POVChanged=1
  census ServerSetClassicTrans=1
  census BelongsOnTeam=1
  census SpawnFromReconnectInfo_BD=1
  census FindReconnectInfo_BD=1
  census LoginOptions=1
  census UnPauseGame_BD=1
  census ServerPlayerSelect_MH=1
  census SetDeadCamera_JB=1
  census ClientGotoState=1
  census ServerSetReadyToStart=1
  census SetMiniMapInfo=1
  census SetUpRadarInfo=1
  census ClientReceiveLoginMenu=1
  census DetailChange=1
  census InvertMouse=1
  census FillPrecacheMaterialsArray=1
  census FillPrecacheStaticMeshesArray=1
  census PrecacheGameStaticMeshes=1
  census OnBuildMOTD=1
  census SetProgressTime=1
  census GetGameModeIndex_YC=1
[2026-09-22T11:01:55.088Z] pid=43172 window_ms=5000 calls=200655 ServerFire=0 ClientFire=0 unresolved=0 distinct_names=33
  census Tick=27110
  census GetLocalPlayerController=16266
  census PlayerTick=10844
  census RealTick=5422
  census ProcessPushMoveGMCamera_BD=5422
  census IsMeGM_BD=5422
  census SetTwoSceanFov_JW=5422
  census GetPhysicsVolume=5422
  census SetWaterRefraction_JB=5422
  census HandleWalking=5422
  census IsSpectating=5422
  census PlayerMove=5422
  census CheckGameHistory=5422
  census UpdateChat=5422
  census PlayerCalcView=5422
  census CacheCalcView=5422
  census PostRender=5422
  census BuildMOTD=5422
  census LinkActors=5422
  census CheckEndGame_BD=5422
  census OnHudPostRender_MH=5422
  census DrawSpectatingHud=5422
  census DrawSensi_JW=5422
  census DisplayMessages=5422
  census DrawETC=5422
  census DrawKillAnim=5422
  census RenderOverlays=5422
  census PostDrawHud=5422
  census DrawTimer=5422
  census DrawTeamScore=5422
  census Timer=36
  census UpdatePlayerLocation=3
  census ConsoleCommand=2
[2026-09-22T11:02:00.088Z] pid=43172 window_ms=5000 calls=200378 ServerFire=0 ClientFire=0 unresolved=0 distinct_names=33
  census Tick=27075
  census GetLocalPlayerController=16243
  census PlayerTick=10830
  census RealTick=5415
  census ProcessPushMoveGMCamera_BD=5415
  census IsMeGM_BD=5415
  census SetTwoSceanFov_JW=5415
  census GetPhysicsVolume=5415
  census SetWaterRefraction_JB=5415
  census HandleWalking=5415
  census IsSpectating=5415
  census PlayerMove=5415
  census CheckGameHistory=5415
  census UpdateChat=5415
  census PlayerCalcView=5415
  census CacheCalcView=5415
  census PostRender=5414
  census BuildMOTD=5414
  census LinkActors=5414
  census CheckEndGame_BD=5414
  census OnHudPostRender_MH=5414
  census DrawSpectatingHud=5414
  census DrawSensi_JW=5414
  census DisplayMessages=5414
  census DrawETC=5414
  census DrawKillAnim=5414
  census RenderOverlays=5414
  census PostDrawHud=5414
  census DrawTimer=5414
  census DrawTeamScore=5414
  census Timer=34
  census UpdatePlayerLocation=3
  census ConsoleCommand=2
[2026-09-22T11:02:05.242Z] pid=43172 window_ms=5154 calls=121801 ServerFire=0 ClientFire=0 unresolved=0 distinct_names=47
  census Tick=16450
  census GetLocalPlayerController=9872
  census PlayerTick=6580
  census PostRender=3291
  census BuildMOTD=3291
  census LinkActors=3291
  census CheckEndGame_BD=3291
  census OnHudPostRender_MH=3291
  census DrawSpectatingHud=3291
  census DrawSensi_JW=3291
  census DisplayMessages=3291
  census DrawETC=3291
  census DrawKillAnim=3291
  census RenderOverlays=3291
  census PostDrawHud=3291
  census DrawTimer=3291
  census DrawTeamScore=3291
  census RealTick=3290
  census ProcessPushMoveGMCamera_BD=3290
  census IsMeGM_BD=3290
  census SetTwoSceanFov_JW=3290
  census GetPhysicsVolume=3290
  census SetWaterRefraction_JB=3290
  census HandleWalking=3290
  census IsSpectating=3290
  census PlayerMove=3290
  census CheckGameHistory=3290
  census UpdateChat=3290
  census PlayerCalcView=3290
  census CacheCalcView=3290
  census Timer=23
  census Destroyed=8
  census LostChild=6
  census RemoveFromTeam=3
  census Logout=2
  census NotifyLogout=2
  census UpdatePlayerLocation=1
  census UnPressButtons=1
  census ResetInput=1
  census ConsoleCommand=1
  census EndState=1
  census DWeapon_Delete_ALL_JW=1
  census TeachToMineOwner=1
  census TeachToTrapOwner=1
  census TeachToSNTOwner=1
  census ClientClearSNTList_UJ=1
  census RemovePRI=1
[2026-09-22T11:02:10.303Z] pid=43172 window_ms=5061 calls=0 ServerFire=0 ClientFire=0 unresolved=0 distinct_names=0
